order_id,payment_amount,payment_method,payment_date
16228,154.69,NetBanking,2024-01-10
11388,1415.76,Wallet,2024-01-18
14772,373.19,NetBanking,2024-01-09
3002,1679.11,NetBanking,2024-02-24
8702,1604.23,Wallet,2024-01-12
2713,611.89,Wallet,2024-01-04
16472,1772.76,NetBanking,2024-02-12
3604,1125.51,Wallet,2024-01-03
16367,174.84,Wallet,2024-01-19
18286,1137.77,UPI,2024-01-17
13003,1884.42,NetBanking,2024-02-14
6510,182.29,Card,2024-02-12
3077,940.6,NetBanking,2024-01-05
12040,1635.14,Wallet,2024-01-18
14327,610.61,UPI,2024-01-31
9440,1557.6,Card,2024-02-24
19902,399.55,Card,2024-02-14
4066,553.61,NetBanking,2024-02-29
15922,1434.6,Card,2024-02-18
15860,1892.2,UPI,2024-02-24
18540,1282.27,Card,2024-01-17
16773,1846.4,NetBanking,2024-01-09
3842,167.91,Wallet,2024-02-11
15379,1153.6,UPI,2024-01-24
15662,880.19,NetBanking,2024-02-23
6916,890.81,Wallet,2024-01-23
12345,146.76,Card,2024-02-28
14764,1470.1,Card,2024-03-01
8488,506.14,Wallet,2024-02-11
17558,562.31,NetBanking,2024-02-25
8516,106.63,Card,2024-01-30
10315,332.69,Card,2024-01-07
12721,1012.28,NetBanking,2024-02-26
1469,743.54,UPI,2024-02-08
7045,1928.19,UPI,2024-01-18
5015,1302.75,Wallet,2024-02-16
14901,904.99,Card,2024-02-27
14372,1805.99,UPI,2024-01-16
13454,1180.89,Wallet,2024-02-08
2056,470.18,Wallet,2024-02-09
1052,1953.47,Card,2024-02-05
3987,1122.67,UPI,2024-02-13
12093,907.25,UPI,2024-02-18
3141,1697.15,UPI,2024-01-17
18369,1432.78,NetBanking,2024-01-27
4929,1067.77,UPI,2024-02-29
14480,1798.63,Wallet,2024-01-28
11698,437.08,Card,2024-01-11
6258,782.44,UPI,2024-02-28
9196,1242.79,UPI,2024-01-19
910,1823.92,Wallet,2024-01-04
1234,195.93,NetBanking,2024-01-13
10749,1842.94,NetBanking,2024-02-22
3893,377.2,Card,2024-02-26
8148,1675.22,NetBanking,2024-02-26
14775,1072.33,NetBanking,2024-01-09
14415,381.33,Card,2024-01-31
2580,110.57,UPI,2024-01-09
11435,1585.69,NetBanking,2024-01-23
10124,186.64,Wallet,2024-02-18
15854,1763.17,Wallet,2024-02-18
848,148.77,UPI,2024-01-23
13310,1529.16,Card,2024-01-27
2969,1551.22,Card,2024-01-09
8920,1112.61,UPI,2024-02-06
14044,1805.14,UPI,2024-01-03
17097,408.2,NetBanking,2024-01-21
2228,353.67,Wallet,2024-01-27
2500,218.07,Card,2024-02-28
7279,1079.52,Card,2024-02-18
19076,1434.71,NetBanking,2024-02-17
2848,1682.62,UPI,2024-02-19
7137,715.65,Card,2024-02-16
11921,102.7,UPI,2024-01-08
1802,1045.25,UPI,2024-02-15
8221,369.77,NetBanking,2024-02-11
6891,1170.94,UPI,2024-01-06
4655,1969.74,Card,2024-02-10
10313,1117.64,NetBanking,2024-02-15
6201,1855.99,NetBanking,2024-01-10
7348,497.2,Card,2024-01-30
13770,325.42,UPI,2024-02-11
12209,888.9,NetBanking,2024-01-25
6351,1509.42,NetBanking,2024-01-03
5247,280.07,Wallet,2024-01-13
17621,1529.2,Wallet,2024-01-09
18033,1521.38,UPI,2024-01-11
11288,1932.99,Card,2024-01-22
8963,1714.71,Card,2024-02-13
19598,851.76,Card,2024-03-01
17905,882.5,Card,2024-01-14
1846,745.31,Card,2024-02-21
9817,1265.54,Card,2024-01-20
17389,684.48,NetBanking,2024-02-08
6390,1694.58,NetBanking,2024-01-06
10213,1922.36,Card,2024-02-05
15010,1880.24,Wallet,2024-01-10
6314,447.06,Wallet,2024-02-17
17995,1582.72,Wallet,2024-02-02
16150,710.79,Wallet,2024-02-09
5476,1424.69,Wallet,2024-01-20
5580,951.32,UPI,2024-02-14
5230,1229.79,NetBanking,2024-01-28
18579,1519.41,UPI,2024-01-29
15282,207.8,NetBanking,2024-02-24
13470,1646.25,UPI,2024-02-15
12360,1880.11,NetBanking,2024-02-09
1903,1613.4,Card,2024-01-11
6530,1817.44,Card,2024-02-24
10106,1458.73,Wallet,2024-01-04
1818,861.05,Card,2024-01-24
15646,1969.35,NetBanking,2024-01-21
10113,240.53,Wallet,2024-01-01
2223,1544.07,UPI,2024-02-08
1964,1907.54,Card,2024-02-13
4823,523.98,UPI,2024-01-23
4051,104.81,Card,2024-01-31
12246,1238.62,Card,2024-01-11
7426,490.28,Card,2024-02-27
6739,1230.45,UPI,2024-02-10
7131,1148.16,UPI,2024-01-10
5500,1418.3,Card,2024-01-14
14057,103.43,NetBanking,2024-01-06
99,984.54,NetBanking,2024-01-04
11781,1506.01,Wallet,2024-01-09
14601,1677.59,Card,2024-01-29
8504,1536.44,NetBanking,2024-01-31
2094,777.96,Card,2024-01-22
4983,1099.28,Wallet,2024-02-28
10780,1121.8,UPI,2024-02-03
17876,913.57,Card,2024-02-03
17866,713.74,Wallet,2024-01-10
6973,1980.05,NetBanking,2024-01-06
16691,1144.22,NetBanking,2024-01-18
1281,946.9,Wallet,2024-01-01
3948,1591.28,Wallet,2024-02-27
5798,860.48,Card,2024-02-28
3573,1610.68,UPI,2024-02-23
18051,489.08,Card,2024-02-01
10244,1101.68,Wallet,2024-01-29
6219,336.98,Card,2024-01-08
19717,465.84,Wallet,2024-01-18
2586,357.73,UPI,2024-01-19
10286,1305.3,UPI,2024-02-04
17246,1793.73,Card,2024-01-26
4403,1370.71,UPI,2024-02-26
6812,1347.54,Wallet,2024-01-01
12262,1162.58,UPI,2024-01-29
17739,519.18,Wallet,2024-02-04
17411,1128.97,Card,2024-01-14
16457,1039.76,Card,2024-01-26
14038,1956.44,NetBanking,2024-02-18
501,386.71,NetBanking,2024-01-12
6943,1749.32,Card,2024-01-23
19528,791.26,Card,2024-02-15
1390,167.36,UPI,2024-02-11
149,1270.27,NetBanking,2024-02-22
11754,1703.95,Wallet,2024-01-21
842,934.58,NetBanking,2024-02-01
14167,744.76,Wallet,2024-01-07
11420,1841.26,Wallet,2024-02-26
13231,669.27,Card,2024-02-28
19536,1318.3,UPI,2024-01-27
13617,951.5,Card,2024-01-19
6996,836.06,Card,2024-02-27
16488,293.49,Card,2024-01-06
6915,1468.35,Card,2024-02-22
8414,112.89,UPI,2024-01-07
16412,499.0,UPI,2024-01-24
1251,636.6,Wallet,2024-02-17
864,1839.59,UPI,2024-02-26
17377,986.47,Wallet,2024-02-25
17156,632.08,Card,2024-02-02
6105,371.53,NetBanking,2024-01-31
15402,1011.81,NetBanking,2024-01-24
12318,442.83,UPI,2024-01-20
5619,512.33,UPI,2024-01-13
12627,733.15,UPI,2024-02-25
18258,1440.44,Wallet,2024-02-21
6041,238.58,Card,2024-01-03
3936,497.31,UPI,2024-02-03
17343,598.56,UPI,2024-02-09
4526,1586.08,UPI,2024-02-04
3295,768.35,Wallet,2024-01-16
7890,362.17,UPI,2024-02-18
15603,336.53,Wallet,2024-01-06
1219,759.03,NetBanking,2024-01-29
15195,1813.83,Wallet,2024-01-29
12897,1806.88,Wallet,2024-02-09
5848,1559.79,Wallet,2024-01-29
8179,1821.83,UPI,2024-01-06
15803,441.02,Wallet,2024-02-06
17032,385.33,Card,2024-01-31
10680,1335.95,NetBanking,2024-02-07
5703,1260.06,Card,2024-02-01
3389,743.23,NetBanking,2024-01-02
19394,1475.17,NetBanking,2024-01-16
4869,1858.05,Card,2024-01-14
19442,1579.16,Wallet,2024-01-22
17859,262.37,NetBanking,2024-02-04
13839,1247.14,Wallet,2024-01-30
7018,724.2,NetBanking,2024-02-13
17514,271.57,UPI,2024-01-02
12695,1338.34,UPI,2024-01-07
3654,1976.96,Wallet,2024-01-02
15313,1458.21,Wallet,2024-02-20
14261,1954.7,UPI,2024-02-27
3454,718.25,NetBanking,2024-01-19
11127,229.65,Card,2024-02-29
19224,169.25,Card,2024-01-18
590,167.82,Wallet,2024-02-21
19949,1317.73,Card,2024-02-12
18881,1412.13,Card,2024-01-15
8331,1756.43,NetBanking,2024-01-16
8514,898.99,Wallet,2024-02-23
7102,1592.63,Wallet,2024-02-27
12254,618.58,Card,2024-01-20
3020,594.79,UPI,2024-01-01
18744,1765.79,NetBanking,2024-02-20
17589,345.52,Wallet,2024-02-16
2181,767.31,Wallet,2024-02-10
14007,311.79,UPI,2024-02-12
7493,360.28,UPI,2024-02-21
8006,989.52,UPI,2024-02-14
6099,486.19,Card,2024-02-15
19104,748.23,Wallet,2024-01-21
5297,490.4,Card,2024-02-12
7863,1388.68,Wallet,2024-01-26
15759,1622.2,NetBanking,2024-02-21
5987,993.36,NetBanking,2024-01-02
12182,1524.04,NetBanking,2024-02-02
18342,139.37,Wallet,2024-01-18
12904,1574.7,UPI,2024-02-28
9601,422.01,Card,2024-02-29
17787,1821.56,NetBanking,2024-01-26
10118,1030.77,Wallet,2024-01-29
3593,1992.62,UPI,2024-01-28
7012,847.97,Card,2024-01-09
10416,1875.8,Wallet,2024-01-01
18501,1095.33,Card,2024-01-19
3773,1576.4,Wallet,2024-01-17
7864,1264.11,Card,2024-01-17
1010,1244.9,UPI,2024-03-01
6814,436.32,UPI,2024-02-01
17308,1233.63,Wallet,2024-01-08
17726,281.29,Card,2024-02-02
841,1872.32,UPI,2024-01-17
12818,483.04,Card,2024-01-28
5762,188.07,NetBanking,2024-02-04
6723,1978.69,Wallet,2024-01-17
19975,1770.69,NetBanking,2024-02-16
9193,1795.23,Wallet,2024-02-24
14922,1399.32,Wallet,2024-01-20
6517,473.85,NetBanking,2024-01-17
7440,890.6,Wallet,2024-02-28
16675,456.43,Wallet,2024-02-22
8780,1872.38,Card,2024-02-18
19064,1675.98,UPI,2024-01-29
8410,276.61,NetBanking,2024-01-24
11579,742.66,UPI,2024-01-21
14100,691.39,Wallet,2024-02-12
15479,501.65,NetBanking,2024-03-01
13776,766.6,UPI,2024-01-03
6574,1505.98,Wallet,2024-02-25
12598,1941.15,Wallet,2024-02-13
2560,1250.56,NetBanking,2024-01-26
9912,165.92,Wallet,2024-02-24
15571,967.0,UPI,2024-02-26
3904,1022.83,NetBanking,2024-02-05
4856,1519.39,Wallet,2024-01-10
3306,806.98,NetBanking,2024-02-18
2000,1893.08,Wallet,2024-02-22
8454,1793.62,UPI,2024-01-01
4034,1083.6,Card,2024-02-01
6448,1548.31,UPI,2024-02-20
237,380.38,Wallet,2024-01-16
16879,1675.81,Wallet,2024-02-24
13747,357.96,NetBanking,2024-01-09
19560,1272.02,Card,2024-02-18
10432,875.47,Wallet,2024-02-26
13846,565.1,NetBanking,2024-01-19
19877,262.6,UPI,2024-01-12
13250,1029.09,UPI,2024-02-10
10209,758.81,Wallet,2024-01-02
1650,1626.01,UPI,2024-01-25
3772,1445.66,Wallet,2024-02-14
15785,576.63,Wallet,2024-01-21
12663,1237.27,NetBanking,2024-02-17
5829,684.7,Card,2024-01-09
5578,494.57,Card,2024-02-03
15441,1200.76,Card,2024-02-23
17050,1659.82,Wallet,2024-02-29
9942,1428.86,NetBanking,2024-01-09
8967,555.69,UPI,2024-01-28
11564,1921.14,Card,2024-02-11
13658,344.09,Card,2024-03-01
16920,1241.16,Wallet,2024-02-23
2318,2169.02,UPI,2024-01-05
9427,1824.07,NetBanking,2024-02-15
16578,455.87,NetBanking,2024-03-01
1328,1812.19,Card,2024-01-28
16248,893.12,Card,2024-02-23
19987,1680.5,Card,2024-01-20
4122,450.25,NetBanking,2024-02-27
16700,1536.35,Wallet,2024-01-19
520,1506.26,Card,2024-03-01
19994,434.11,NetBanking,2024-01-12
9795,1228.17,Card,2024-01-12
16025,1382.97,Wallet,2024-02-21
10071,415.73,NetBanking,2024-01-29
8493,1242.33,Card,2024-01-15
12416,176.16,Wallet,2024-01-25
13856,467.92,UPI,2024-01-05
12822,411.76,Wallet,2024-03-01
7542,1144.12,Card,2024-02-26
5037,568.54,UPI,2024-02-23
16705,1221.7,NetBanking,2024-02-12
10797,941.56,Card,2024-01-15
15172,1336.25,Card,2024-03-01
15283,1196.02,Card,2024-02-23
15422,217.17,Card,2024-01-29
17255,390.9,Card,2024-01-03
1028,1261.64,Card,2024-02-14
18644,621.5,Wallet,2024-02-12
1034,1170.99,UPI,2024-02-16
3867,1167.41,UPI,2024-02-02
4623,1228.89,UPI,2024-02-04
19252,718.46,UPI,2024-02-22
11144,617.01,Wallet,2024-01-04
11619,1678.66,Wallet,2024-01-27
3617,290.06,Wallet,2024-01-10
1878,1660.38,UPI,2024-02-01
19207,873.88,Wallet,2024-01-25
14230,1471.81,UPI,2024-02-23
11,307.68,Wallet,2024-02-23
11219,562.01,NetBanking,2024-01-01
4921,1432.07,Wallet,2024-02-09
10624,443.75,Card,2024-03-01
7807,218.29,UPI,2024-01-30
3091,379.51,Card,2024-01-10
6970,360.02,Wallet,2024-01-02
2465,393.67,Wallet,2024-01-13
17919,1707.26,Card,2024-01-13
17069,1286.93,UPI,2024-02-10
4858,1591.92,UPI,2024-01-20
9596,1681.33,Wallet,2024-02-16
13720,1765.99,Card,2024-02-02
6026,1675.52,NetBanking,2024-01-25
13528,1237.31,Card,2024-01-26
16532,960.32,Wallet,2024-01-17
2374,375.76,Wallet,2024-02-21
293,1011.19,UPI,2024-01-06
8735,1696.92,Wallet,2024-01-22
12558,725.11,NetBanking,2024-01-02
2690,1724.18,Card,2024-01-29
18679,188.72,Card,2024-01-26
4721,1832.25,UPI,2024-01-16
4736,170.86,Card,2024-02-23
6560,771.26,Wallet,2024-02-18
7347,1250.15,UPI,2024-01-31
4401,1435.74,Wallet,2024-02-05
4996,1170.47,Wallet,2024-02-15
7268,1915.23,Wallet,2024-01-06
10614,1618.3,NetBanking,2024-01-15
12058,1777.48,UPI,2024-02-02
12137,261.47,NetBanking,2024-01-10
2838,1567.19,UPI,2024-01-22
14412,226.84,Card,2024-02-14
4876,336.12,UPI,2024-02-21
7499,1417.1,Wallet,2024-01-05
17218,1492.08,Wallet,2024-01-31
11180,296.61,UPI,2024-01-18
4757,1459.59,Wallet,2024-01-04
13435,1587.81,Card,2024-01-05
16272,1555.37,NetBanking,2024-01-20
3992,1128.47,UPI,2024-02-02
8176,392.87,Card,2024-02-22
1877,1407.53,Card,2024-01-05
8485,1980.08,UPI,2024-02-18
19761,379.36,UPI,2024-02-14
4059,300.34,UPI,2024-01-05
2971,580.09,Card,2024-01-01
4548,1924.72,NetBanking,2024-02-14
3378,1563.45,Card,2024-02-13
13857,1986.2,Card,2024-01-06
12733,1454.47,Card,2024-02-23
13680,584.05,UPI,2024-02-18
15648,1453.65,Card,2024-02-04
8633,546.16,Wallet,2024-01-11
4109,803.83,Wallet,2024-02-05
13559,1693.75,UPI,2024-01-16
19879,1788.34,Card,2024-01-22
18465,1723.27,Wallet,2024-02-16
2578,625.71,UPI,2024-01-24
9036,1885.85,NetBanking,2024-01-21
2368,455.72,NetBanking,2024-02-17
15019,1354.94,Card,2024-01-01
232,112.59,UPI,2024-02-03
14750,172.46,Wallet,2024-01-07
12807,1380.31,UPI,2024-02-13
992,224.72,UPI,2024-01-07
3182,1815.82,NetBanking,2024-02-05
12531,168.83,Wallet,2024-02-09
3505,640.18,UPI,2024-02-26
4854,1061.88,Card,2024-01-18
17111,1483.18,Wallet,2024-01-09
19021,1726.0,UPI,2024-02-29
19485,1387.51,UPI,2024-02-18
4057,1651.99,Card,2024-01-13
9320,1842.95,Wallet,2024-02-10
17911,277.6,Wallet,2024-02-01
2233,404.94,Wallet,2024-01-04
9326,1158.8,Card,2024-02-09
5274,624.16,UPI,2024-02-11
8396,773.23,Wallet,2024-02-01
2331,931.84,Wallet,2024-02-16
10837,1802.57,NetBanking,2024-01-04
3935,1211.34,Wallet,2024-02-19
3477,1311.58,Card,2024-02-19
11485,1023.52,Wallet,2024-01-03
69,241.92,Card,2024-02-04
4798,1806.14,UPI,2024-01-18
11396,1791.93,Wallet,2024-02-10
16597,504.29,Card,2024-01-14
16358,738.77,Card,2024-01-30
15910,1433.12,UPI,2024-02-09
9892,103.52,Wallet,2024-01-23
13394,1084.61,NetBanking,2024-01-25
4932,1939.08,Card,2024-01-13
18401,772.12,Wallet,2024-01-28
10473,1861.26,Card,2024-01-30
5615,922.05,Wallet,2024-03-01
8219,356.7,UPI,2024-02-04
8232,512.47,Card,2024-02-16
1038,1969.08,Card,2024-01-23
11365,954.64,Card,2024-01-05
6710,350.99,UPI,2024-01-10
7058,269.2,Card,2024-02-25
6493,1567.63,Wallet,2024-01-15
18408,1404.8,UPI,2024-02-26
6674,1523.48,UPI,2024-01-04
19716,313.5,UPI,2024-01-19
5231,136.72,NetBanking,2024-02-17
14592,728.36,Wallet,2024-01-17
12751,689.34,UPI,2024-02-05
1707,1943.45,Wallet,2024-01-13
6558,387.74,Wallet,2024-02-12
12644,417.73,Wallet,2024-01-21
7056,318.66,UPI,2024-02-01
2640,856.84,Card,2024-01-31
11660,252.45,Wallet,2024-02-06
15198,1020.22,Wallet,2024-01-23
8096,762.62,NetBanking,2024-02-02
5867,208.9,UPI,2024-01-29
525,895.98,NetBanking,2024-02-10
339,1438.95,Card,2024-02-01
830,1027.24,NetBanking,2024-02-07
8557,895.91,Wallet,2024-01-06
17383,1518.98,UPI,2024-01-06
9372,702.78,Card,2024-01-11
3294,1878.74,Wallet,2024-02-08
19287,1928.41,NetBanking,2024-01-02
9404,626.58,UPI,2024-01-21
7971,1038.49,UPI,2024-02-27
16439,764.65,NetBanking,2024-02-15
3804,759.08,UPI,2024-01-21
2927,403.33,NetBanking,2024-02-23
14318,1165.26,UPI,2024-02-29
4088,793.64,Wallet,2024-01-26
4386,215.73,Card,2024-02-12
3096,268.56,NetBanking,2024-01-16
9513,763.72,Card,2024-02-23
6619,1453.87,Wallet,2024-01-14
6235,795.2,Wallet,2024-02-29
407,1464.26,Wallet,2024-01-28
10519,1119.53,Card,2024-01-24
9067,971.01,NetBanking,2024-01-05
14173,213.55,UPI,2024-01-13
14045,1885.7,Wallet,2024-01-08
6928,443.45,NetBanking,2024-01-13
7466,554.17,NetBanking,2024-02-03
12030,162.15,Wallet,2024-02-18
15345,777.05,NetBanking,2024-02-29
17486,142.24,UPI,2024-01-05
5896,1150.92,NetBanking,2024-01-17
1482,1699.86,Wallet,2024-02-12
8284,187.1,Wallet,2024-01-01
15222,1728.05,Wallet,2024-01-24
11304,602.81,Card,2024-02-16
75,1072.11,Wallet,2024-01-06
19361,1333.39,UPI,2024-02-14
14610,716.18,UPI,2024-02-15
14017,167.56,UPI,2024-01-11
6734,1862.03,Wallet,2024-02-14
9733,1138.05,NetBanking,2024-03-01
1934,1917.44,UPI,2024-01-11
12298,1463.38,UPI,2024-02-29
4587,790.88,NetBanking,2024-02-22
145,1515.83,NetBanking,2024-01-04
17858,1627.12,UPI,2024-02-07
19668,1593.42,UPI,2024-02-14
15253,1355.43,Card,2024-02-23
14787,1523.26,NetBanking,2024-02-21
9502,513.91,Card,2024-01-01
15671,258.77,Card,2024-02-21
17574,406.16,Wallet,2024-02-07
8348,1162.21,Wallet,2024-01-18
14717,665.93,NetBanking,2024-01-21
9640,123.85,UPI,2024-01-18
4879,775.19,UPI,2024-03-01
7387,1559.55,Wallet,2024-01-09
4462,1570.48,Wallet,2024-01-31
9295,771.21,UPI,2024-02-02
8027,1015.1,Card,2024-01-24
19748,1078.31,Wallet,2024-02-02
265,547.21,NetBanking,2024-01-23
5800,2002.93,Wallet,2024-02-24
8360,151.54,Card,2024-02-12
13689,749.96,Wallet,2024-02-13
1462,968.53,Wallet,2024-02-16
19565,255.74,NetBanking,2024-01-16
7888,1871.64,Card,2024-01-07
14698,723.48,UPI,2024-01-06
16348,690.11,UPI,2024-01-27
921,1366.05,NetBanking,2024-02-11
5678,1018.78,Wallet,2024-02-09
5519,468.57,NetBanking,2024-01-18
6205,1381.92,Card,2024-01-08
17550,1209.55,UPI,2024-02-03
10095,1311.13,NetBanking,2024-01-04
1524,1671.27,Card,2024-01-15
3101,932.96,Card,2024-02-17
5422,1691.01,NetBanking,2024-02-27
17199,114.94,NetBanking,2024-01-13
16792,1702.24,Wallet,2024-01-20
8976,113.24,Wallet,2024-01-25
350,394.64,Card,2024-02-25
7245,724.49,UPI,2024-02-18
8072,1771.8,UPI,2024-02-29
14607,1653.16,Wallet,2024-01-25
7962,1134.44,Wallet,2024-02-25
5923,926.82,NetBanking,2024-01-26
18154,1293.53,UPI,2024-02-17
4075,1988.18,UPI,2024-01-09
6621,203.83,UPI,2024-02-19
6543,578.69,Wallet,2024-02-16
19071,1171.4,NetBanking,2024-02-17
2398,175.83,Card,2024-02-02
1513,1632.98,UPI,2024-01-24
178,1326.74,Card,2024-02-03
9540,1508.58,NetBanking,2024-01-18
18716,1341.91,NetBanking,2024-01-17
14143,1621.78,Card,2024-02-26
4912,892.97,Card,2024-02-27
3837,769.06,UPI,2024-01-31
18894,244.4,Card,2024-02-17
6341,542.22,Wallet,2024-01-20
16882,1707.13,Wallet,2024-02-01
2869,1163.0,Card,2024-01-16
16830,1525.38,NetBanking,2024-01-05
3495,871.29,Card,2024-01-21
13233,350.99,Card,2024-02-15
70,1049.48,NetBanking,2024-01-10
7327,1494.82,UPI,2024-02-12
12010,1203.53,NetBanking,2024-01-02
11456,910.81,NetBanking,2024-02-03
12771,1096.79,Wallet,2024-01-01
892,1530.48,UPI,2024-02-21
7343,1049.82,Wallet,2024-01-05
12344,1806.79,Wallet,2024-02-23
16663,1181.7,UPI,2024-01-12
13547,1331.42,UPI,2024-01-03
9819,1288.11,UPI,2024-01-15
6917,1590.83,UPI,2024-01-17
127,151.28,Card,2024-01-29
14941,1679.14,Card,2024-02-22
7803,737.91,Card,2024-02-15
258,128.68,Card,2024-01-07
2955,1924.4,NetBanking,2024-01-26
15354,1838.69,Card,2024-01-16
3147,301.08,Wallet,2024-01-24
9700,1190.28,NetBanking,2024-02-16
4174,1031.11,Wallet,2024-02-05
8266,1357.83,NetBanking,2024-01-23
13335,124.2,Wallet,2024-02-06
3247,987.61,NetBanking,2024-01-10
5482,209.26,Card,2024-01-10
19909,171.16,Wallet,2024-02-17
15418,522.02,Wallet,2024-02-03
1959,1725.72,UPI,2024-01-12
16068,124.12,NetBanking,2024-02-07
1761,1921.82,NetBanking,2024-02-07
19658,755.97,NetBanking,2024-01-09
7237,1301.2,Card,2024-02-01
2818,1029.46,UPI,2024-01-17
19757,1964.14,Card,2024-02-27
2344,874.6,Card,2024-02-23
10385,103.54,NetBanking,2024-01-09
19155,552.17,Card,2024-02-01
12497,1227.43,Wallet,2024-02-14
14013,1619.1,UPI,2024-02-20
13652,1084.07,Card,2024-02-25
6580,1476.69,NetBanking,2024-02-01
19111,1923.64,Card,2024-02-15
18066,470.38,NetBanking,2024-01-11
3496,1288.64,Wallet,2024-02-14
12327,1238.43,UPI,2024-02-23
17325,156.85,Wallet,2024-02-22
18166,589.94,UPI,2024-02-28
6419,1252.71,NetBanking,2024-02-11
15017,1541.72,UPI,2024-01-17
9759,1066.37,UPI,2024-02-02
12631,1628.61,Card,2024-01-02
5354,954.44,UPI,2024-01-31
16636,131.63,NetBanking,2024-01-18
7266,573.27,Card,2024-01-13
19267,299.13,UPI,2024-02-28
17601,506.22,Wallet,2024-02-19
15405,971.63,UPI,2024-01-01
14853,441.4,UPI,2024-01-23
12952,703.38,Wallet,2024-01-10
2071,108.33,Card,2024-01-19
2144,234.87,UPI,2024-01-11
19085,1655.87,Wallet,2024-03-01
7765,116.73,Wallet,2024-01-07
8125,1985.7,Wallet,2024-01-11
3191,122.0,Wallet,2024-02-04
11764,192.93,Wallet,2024-01-23
16697,1623.27,UPI,2024-01-02
13139,362.74,Wallet,2024-01-01
1888,1685.63,Wallet,2024-02-24
8374,1139.14,UPI,2024-01-26
9987,1481.22,Wallet,2024-01-08
13825,1331.34,Card,2024-01-26
5413,1307.79,Card,2024-01-03
4173,1000.54,NetBanking,2024-02-15
16954,658.8,Card,2024-01-09
2624,1162.93,Card,2024-01-17
1105,1217.11,Wallet,2024-01-03
14462,893.66,UPI,2024-02-01
1525,1346.05,NetBanking,2024-01-17
10233,1074.33,Wallet,2024-01-10
2020,1800.0,Card,2024-02-20
486,233.19,UPI,2024-02-06
9897,1752.12,UPI,2024-02-01
2449,1412.77,Card,2024-02-05
11004,722.4,Wallet,2024-02-15
16139,103.76,Wallet,2024-01-15
15762,388.67,NetBanking,2024-01-12
18178,543.49,UPI,2024-01-30
13294,992.94,Card,2024-02-04
11678,1075.03,Card,2024-02-13
7233,1817.36,UPI,2024-01-08
14358,1246.49,NetBanking,2024-02-20
3461,1604.19,NetBanking,2024-02-02
14009,1040.93,Card,2024-01-04
12476,1133.28,Card,2024-02-02
18907,1286.4,Wallet,2024-01-23
3587,859.46,UPI,2024-02-21
4248,1173.88,NetBanking,2024-01-11
13226,757.9,Card,2024-01-27
2158,628.21,Wallet,2024-01-07
16343,1394.22,NetBanking,2024-01-27
10553,1604.68,Wallet,2024-02-05
13404,1612.85,NetBanking,2024-02-27
16039,840.47,Wallet,2024-02-24
16266,270.68,Card,2024-01-04
11028,850.92,Card,2024-01-27
11197,1368.55,UPI,2024-01-01
6245,1693.69,Card,2024-02-16
17596,793.53,Wallet,2024-02-04
8080,1064.04,NetBanking,2024-01-02
11538,1212.95,NetBanking,2024-01-15
3184,308.26,Card,2024-02-18
896,1248.2,NetBanking,2024-01-23
2718,1237.43,UPI,2024-01-18
806,706.22,Card,2024-01-15
12357,1239.36,UPI,2024-02-04
12943,273.39,UPI,2024-01-16
16520,1881.13,Card,2024-01-11
17873,1801.62,NetBanking,2024-01-07
14028,995.57,Wallet,2024-01-23
9018,204.83,NetBanking,2024-02-21
18349,1988.44,UPI,2024-01-29
2192,1337.26,Card,2024-02-08
18818,1475.88,NetBanking,2024-01-27
18541,413.14,Wallet,2024-02-28
17912,1455.16,NetBanking,2024-02-21
6528,1946.23,Card,2024-01-16
7677,1725.36,Wallet,2024-02-11
12867,1613.43,NetBanking,2024-01-19
15797,980.19,Card,2024-02-19
19950,887.29,UPI,2024-01-16
6657,1172.36,NetBanking,2024-02-07
15801,533.19,Card,2024-02-23
1947,1066.55,Wallet,2024-01-02
6760,1545.56,NetBanking,2024-01-09
10683,1059.1,NetBanking,2024-01-16
12349,1097.74,NetBanking,2024-01-12
9165,1744.21,Card,2024-01-04
3836,1558.18,Wallet,2024-02-03
7242,145.34,UPI,2024-02-22
18655,1839.0,UPI,2024-01-10
533,795.53,Card,2024-01-17
18809,279.51,UPI,2024-02-26
15952,1265.46,Wallet,2024-02-26
6185,1030.1,Card,2024-01-12
6194,634.72,Wallet,2024-02-02
9723,1939.29,Wallet,2024-01-15
8299,185.26,UPI,2024-02-29
13962,716.73,Wallet,2024-02-08
6097,1385.46,Wallet,2024-01-07
8742,1833.75,Card,2024-02-12
7283,660.91,UPI,2024-01-14
2469,514.75,NetBanking,2024-01-03
7669,1517.86,Wallet,2024-01-17
1237,936.21,Wallet,2024-02-26
13627,209.4,Wallet,2024-02-10
11138,769.21,Wallet,2024-01-06
4114,1668.92,Wallet,2024-02-08
11094,1207.61,NetBanking,2024-02-10
6587,489.24,NetBanking,2024-03-01
6761,881.26,UPI,2024-02-03
18640,1313.9,Wallet,2024-02-27
4125,1872.17,Wallet,2024-01-22
15122,593.07,Card,2024-02-03
10037,199.62,NetBanking,2024-02-14
8796,1103.86,NetBanking,2024-01-09
8180,550.1,NetBanking,2024-02-22
3739,1470.2,Card,2024-02-18
5907,590.58,Wallet,2024-02-07
7384,1426.34,UPI,2024-02-19
14972,1520.33,Wallet,2024-01-27
4111,250.79,UPI,2024-02-07
786,1205.86,Wallet,2024-02-22
19636,1871.19,Wallet,2024-01-05
18221,953.09,Card,2024-02-26
7130,1784.01,NetBanking,2024-02-24
2960,1361.12,NetBanking,2024-02-29
10394,1139.28,Card,2024-01-25
19935,627.99,Card,2024-01-07
12847,1404.92,NetBanking,2024-02-23
3305,1748.66,UPI,2024-01-16
775,1381.1,NetBanking,2024-02-22
10340,329.66,Wallet,2024-01-23
10707,293.58,Wallet,2024-02-28
3239,1105.14,Card,2024-01-26
6278,478.03,UPI,2024-02-10
10816,246.53,Wallet,2024-02-06
13364,1535.93,UPI,2024-02-23
17568,1993.74,UPI,2024-01-12
1678,1408.01,Card,2024-01-04
6089,1645.22,Card,2024-01-29
2215,497.53,Card,2024-02-11
2086,754.08,Card,2024-02-07
13238,1115.89,UPI,2024-01-14
4527,1979.88,Card,2024-01-13
2829,230.25,UPI,2024-01-11
716,605.69,Card,2024-02-24
710,1035.85,UPI,2024-02-27
1387,1370.58,NetBanking,2024-02-21
9505,1551.83,Wallet,2024-03-01
19242,1176.19,Wallet,2024-02-17
13016,1825.61,Card,2024-02-24
10387,137.77,NetBanking,2024-01-30
6838,1250.86,Card,2024-01-13
18162,305.86,NetBanking,2024-01-31
14457,283.78,NetBanking,2024-02-02
15524,1607.09,Wallet,2024-01-19
19455,665.97,UPI,2024-01-29
15156,1100.5,NetBanking,2024-01-14
2488,987.3,NetBanking,2024-01-18
15236,1495.45,UPI,2024-01-10
15787,833.02,UPI,2024-02-27
680,1637.27,UPI,2024-01-13
13508,1244.82,UPI,2024-01-30
16001,1256.82,UPI,2024-01-19
2885,321.42,Card,2024-01-30
8935,253.22,Wallet,2024-01-13
1886,1201.29,Card,2024-01-06
17930,650.29,Wallet,2024-02-09
17629,280.0,NetBanking,2024-02-07
7092,775.5,NetBanking,2024-02-05
10262,1010.54,NetBanking,2024-01-21
9818,1607.72,UPI,2024-02-27
1899,514.02,Card,2024-02-02
11016,102.95,Card,2024-02-28
3493,900.15,UPI,2024-02-20
9533,1291.94,UPI,2024-02-07
16686,1365.82,Wallet,2024-01-11
5745,1313.96,UPI,2024-02-27
4134,560.36,Wallet,2024-01-03
16361,1594.4,Card,2024-02-23
16049,1081.9,UPI,2024-01-21
15823,1058.91,NetBanking,2024-02-03
6771,851.17,Card,2024-01-09
13068,1459.2,Card,2024-01-13
12517,879.56,Card,2024-02-24
19039,1612.58,NetBanking,2024-01-25
13800,968.94,NetBanking,2024-02-14
14153,1559.41,NetBanking,2024-01-14
7524,1903.21,NetBanking,2024-02-20
2478,1327.25,Wallet,2024-02-18
16629,1140.68,NetBanking,2024-01-09
1346,623.44,UPI,2024-02-09
4717,1359.65,NetBanking,2024-02-09
19340,2080.02,UPI,2024-01-11
13863,771.11,Wallet,2024-02-20
19213,1659.57,UPI,2024-01-19
4923,255.98,Card,2024-02-19
3589,1393.36,Card,2024-01-20
13014,466.25,UPI,2024-02-19
3232,796.58,NetBanking,2024-02-21
18896,212.71,Wallet,2024-02-15
6569,779.37,UPI,2024-02-01
1477,846.72,Card,2024-01-15
2735,940.5,Card,2024-01-28
1769,822.94,NetBanking,2024-01-01
18734,1008.17,UPI,2024-01-22
17627,137.56,UPI,2024-02-04
8045,1998.58,Card,2024-02-10
5124,1958.16,Card,2024-02-16
9231,143.67,NetBanking,2024-02-15
8994,1659.56,UPI,2024-02-22
8929,1410.16,NetBanking,2024-02-23
8469,1225.48,Wallet,2024-01-14
3736,305.06,Wallet,2024-01-08
16652,1011.78,NetBanking,2024-02-11
14272,957.35,Card,2024-01-19
15348,481.48,Card,2024-01-16
18883,921.6,Wallet,2024-02-08
14704,1242.35,Card,2024-02-28
14060,112.49,NetBanking,2024-01-22
6280,215.03,Wallet,2024-01-30
13487,684.38,NetBanking,2024-02-07
17370,1291.08,UPI,2024-01-13
1507,577.15,UPI,2024-02-11
8440,1004.86,Wallet,2024-02-28
3442,1583.43,NetBanking,2024-01-11
9811,297.39,Card,2024-02-15
18886,1444.24,NetBanking,2024-02-18
6070,1339.21,NetBanking,2024-01-13
11228,756.59,Card,2024-02-15
13671,1728.86,Wallet,2024-02-15
13575,932.31,NetBanking,2024-01-01
5048,1137.43,Wallet,2024-01-22
18766,1019.36,UPI,2024-02-05
705,1311.15,NetBanking,2024-01-18
10582,1508.3,UPI,2024-02-27
2193,422.63,Wallet,2024-01-15
13343,608.48,NetBanking,2024-01-16
7024,149.85,UPI,2024-02-26
488,1883.63,Card,2024-02-19
18590,135.93,Wallet,2024-01-03
11932,616.94,Card,2024-01-25
6212,489.13,UPI,2024-02-21
18826,1202.31,Card,2024-01-14
5425,1830.2,Wallet,2024-02-26
11680,1516.07,UPI,2024-02-29
7800,1701.4,NetBanking,2024-02-26
3467,850.24,Wallet,2024-02-27
16415,378.57,NetBanking,2024-01-27
14487,1060.46,Card,2024-01-23
11599,725.58,NetBanking,2024-01-28
13927,404.64,UPI,2024-01-22
3235,922.34,NetBanking,2024-01-14
6550,1571.47,Card,2024-02-08
19446,519.1,Card,2024-01-31
19445,928.88,Wallet,2024-01-02
4546,355.66,UPI,2024-02-24
13628,986.81,Wallet,2024-02-01
13708,1915.48,NetBanking,2024-01-09
7548,1570.6,Card,2024-01-09
3644,1678.04,Card,2024-01-29
9896,1313.72,Card,2024-02-09
13145,1181.62,NetBanking,2024-01-29
2148,376.0,Wallet,2024-01-04
18443,1495.85,UPI,2024-01-03
4056,1321.02,NetBanking,2024-03-01
11844,174.1,Card,2024-01-03
17197,947.22,NetBanking,2024-01-30
6712,1423.01,Wallet,2024-01-24
19105,1315.32,NetBanking,2024-02-16
14859,722.87,Card,2024-01-30
14295,1178.05,Wallet,2024-01-26
8152,490.05,UPI,2024-01-15
1520,1188.23,Wallet,2024-01-28
4899,1769.48,NetBanking,2024-01-20
15912,523.27,UPI,2024-02-26
4875,622.45,UPI,2024-01-18
3879,1236.2,Card,2024-03-01
5993,1222.89,NetBanking,2024-02-27
13705,1711.26,Wallet,2024-01-25
18861,1322.68,NetBanking,2024-01-22
18489,710.55,NetBanking,2024-02-19
12300,1302.72,UPI,2024-02-03
14627,1796.0,UPI,2024-01-11
19107,1822.82,Wallet,2024-01-28
19760,1499.53,Wallet,2024-03-01
11317,697.05,Card,2024-01-16
12301,494.55,Wallet,2024-02-19
19153,363.16,UPI,2024-01-07
14164,1381.08,Wallet,2024-01-06
6159,1885.58,UPI,2024-01-03
16483,1485.96,NetBanking,2024-01-28
4398,863.3,Wallet,2024-01-14
4497,1034.45,Wallet,2024-01-07
14191,802.43,Card,2024-02-23
15795,917.81,UPI,2024-01-10
15510,950.24,Wallet,2024-02-26
15112,1911.36,UPI,2024-02-12
13051,1001.93,Wallet,2024-02-07
3466,731.54,Wallet,2024-02-23
17790,1595.31,Wallet,2024-02-15
3707,717.17,Wallet,2024-01-10
11899,1363.05,Card,2024-02-18
10318,1728.6,UPI,2024-01-18
11255,1433.45,Wallet,2024-01-04
16740,1942.03,Card,2024-01-04
2495,825.71,Card,2024-02-20
3630,1818.55,Card,2024-01-15
3676,427.8,Wallet,2024-01-24
13751,267.51,NetBanking,2024-02-13
12196,212.63,NetBanking,2024-01-15
8142,1705.73,Card,2024-02-06
1631,537.06,NetBanking,2024-02-08
457,1346.34,UPI,2024-02-06
14591,264.56,Wallet,2024-01-17
205,993.29,NetBanking,2024-02-11
16947,1801.39,Card,2024-02-05
2336,812.91,UPI,2024-01-13
18763,980.17,NetBanking,2024-01-12
11210,1796.11,Card,2024-01-03
2968,707.06,Wallet,2024-02-06
17819,1116.7,NetBanking,2024-01-16
581,1832.72,NetBanking,2024-01-26
946,1471.1,UPI,2024-01-29
5119,1707.62,NetBanking,2024-01-03
13625,1478.85,NetBanking,2024-02-26
4087,873.01,UPI,2024-02-17
5888,445.84,Card,2024-01-15
10893,1122.82,Wallet,2024-01-21
1243,409.02,UPI,2024-01-07
6440,1140.79,Card,2024-02-24
9262,186.04,NetBanking,2024-01-30
12055,1805.58,UPI,2024-02-26
16539,725.14,Wallet,2024-02-04
9925,1856.49,NetBanking,2024-02-24
15199,1824.79,Card,2024-02-20
19815,156.18,UPI,2024-01-23
2161,1487.07,NetBanking,2024-01-16
13069,1460.33,UPI,2024-02-16
4416,1818.91,Wallet,2024-02-26
18396,348.33,Card,2024-02-20
4751,1139.61,UPI,2024-02-05
19145,1659.96,Wallet,2024-01-23
16568,1302.34,NetBanking,2024-01-14
16016,231.42,Wallet,2024-01-05
8821,748.94,Card,2024-02-24
11058,532.37,NetBanking,2024-01-16
3428,1106.4,Wallet,2024-03-01
16229,171.58,Card,2024-01-16
14158,671.98,Card,2024-02-18
4108,1991.15,UPI,2024-01-20
18664,1828.69,UPI,2024-02-12
12271,1657.45,UPI,2024-01-18
140,1860.09,Wallet,2024-01-29
16063,1415.6,Card,2024-02-20
18301,417.96,NetBanking,2024-02-04
1363,1536.19,Wallet,2024-01-15
4164,248.4,NetBanking,2024-01-23
16668,1421.97,UPI,2024-01-06
18745,386.22,Wallet,2024-01-31
18292,1301.99,Card,2024-02-17
12543,1783.34,UPI,2024-01-13
12650,1382.39,UPI,2024-01-29
8473,283.98,NetBanking,2024-02-27
16108,1854.77,UPI,2024-01-06
11172,764.82,Card,2024-01-13
1185,234.99,Card,2024-02-08
16316,144.13,UPI,2024-01-26
16482,1815.11,UPI,2024-02-18
4338,1767.16,Wallet,2024-02-01
5711,1773.01,UPI,2024-01-25
4033,620.96,Card,2024-01-05
14897,576.46,NetBanking,2024-01-23
10321,1081.98,NetBanking,2024-01-15
8501,323.78,Wallet,2024-01-19
352,1087.83,Card,2024-01-26
18217,893.22,Card,2024-02-18
16538,1200.32,Wallet,2024-01-26
8591,741.82,UPI,2024-02-24
6373,1154.31,Card,2024-02-19
5193,390.59,NetBanking,2024-03-01
7734,780.33,NetBanking,2024-01-05
17281,177.0,Card,2024-02-12
14076,1326.53,UPI,2024-01-09
1116,548.5,Wallet,2024-02-24
13420,1318.8,NetBanking,2024-01-08
729,738.41,UPI,2024-01-10
10729,679.36,NetBanking,2024-03-01
9963,1994.55,Card,2024-01-30
16769,846.07,UPI,2024-01-07
9244,1246.73,Card,2024-01-26
8850,713.44,NetBanking,2024-01-16
13638,1983.5,NetBanking,2024-02-24
6139,1458.73,Wallet,2024-01-07
2063,1130.77,Wallet,2024-01-20
13643,1909.84,NetBanking,2024-02-03
1596,669.21,Wallet,2024-01-02
6963,1255.07,UPI,2024-02-15
11721,216.27,NetBanking,2024-01-30
9690,739.42,Wallet,2024-01-18
15495,1203.05,Wallet,2024-01-30
5298,406.53,Wallet,2024-02-25
13876,844.88,Card,2024-01-15
5547,1053.62,UPI,2024-01-16
4272,207.7,Wallet,2024-01-19
11822,628.23,Wallet,2024-02-28
6151,670.2,UPI,2024-01-29
19883,1221.23,Wallet,2024-01-29
10464,186.94,UPI,2024-02-14
9160,236.87,Wallet,2024-02-06
9325,588.07,Wallet,2024-02-16
15252,1387.11,Card,2024-01-01
8444,1604.11,NetBanking,2024-02-23
13809,1131.85,UPI,2024-02-25
19871,383.55,Card,2024-01-16
19600,580.51,UPI,2024-01-21
14918,1802.92,Card,2024-02-16
8547,505.27,Card,2024-01-19
13926,103.03,NetBanking,2024-01-26
17750,683.9,UPI,2024-01-22
13492,1767.91,Wallet,2024-02-14
9713,1055.18,Wallet,2024-01-29
12658,1580.37,Wallet,2024-02-13
10869,654.65,NetBanking,2024-02-14
9371,590.87,NetBanking,2024-01-06
495,1584.5,NetBanking,2024-01-06
6503,1173.98,Card,2024-02-21
14285,1548.23,Card,2024-01-21
1730,1508.36,Wallet,2024-02-10
6729,644.61,NetBanking,2024-01-18
10736,522.87,UPI,2024-01-15
15160,404.58,UPI,2024-01-26
12218,1239.67,Card,2024-01-13
19774,1600.08,NetBanking,2024-01-05
15329,1660.41,NetBanking,2024-01-15
1991,1919.86,NetBanking,2024-02-26
4110,1489.09,Card,2024-01-14
18251,1587.54,NetBanking,2024-02-28
19199,1712.78,UPI,2024-02-15
2269,1210.26,UPI,2024-02-06
2312,274.22,NetBanking,2024-02-15
18322,233.26,Wallet,2024-01-05
15235,1375.51,Wallet,2024-02-09
19874,1427.84,NetBanking,2024-01-29
18302,289.76,Card,2024-01-22
9483,1869.16,UPI,2024-01-06
7541,571.74,Card,2024-02-24
7593,410.27,UPI,2024-02-29
19323,591.62,Card,2024-02-25
2350,1514.98,Card,2024-01-17
3143,1223.24,NetBanking,2024-01-04
10496,1912.03,NetBanking,2024-02-20
6512,1428.94,NetBanking,2024-01-10
12933,712.18,NetBanking,2024-03-01
16394,123.56,Wallet,2024-01-30
14365,1295.16,UPI,2024-01-04
3726,1845.29,UPI,2024-02-14
7399,1794.79,NetBanking,2024-02-09
15494,1282.55,Wallet,2024-01-13
2948,1395.23,UPI,2024-01-16
9123,818.75,Card,2024-01-16
19433,1013.95,Wallet,2024-02-16
17275,543.33,UPI,2024-02-09
19294,538.15,Wallet,2024-02-25
10397,1429.38,Card,2024-02-15
4652,918.77,Card,2024-01-22
18851,1771.34,Card,2024-01-29
4347,1843.55,Card,2024-01-20
18017,856.11,NetBanking,2024-02-03
19201,334.91,NetBanking,2024-01-30
4785,929.59,Wallet,2024-02-29
7870,191.09,Wallet,2024-02-07
15330,1198.98,Card,2024-02-19
9944,256.36,Wallet,2024-02-14
9300,1513.8,NetBanking,2024-02-02
13597,498.65,NetBanking,2024-02-20
7606,446.18,UPI,2024-02-22
2311,728.18,Wallet,2024-02-24
14352,106.84,Card,2024-02-02
14665,1552.46,NetBanking,2024-02-29
17855,654.85,Wallet,2024-02-05
9118,1711.54,Card,2024-01-26
313,892.36,Card,2024-01-26
11212,1865.07,Card,2024-02-22
18806,1411.0,Wallet,2024-01-28
2082,1686.16,NetBanking,2024-02-20
3439,925.6,UPI,2024-01-25
14967,1376.29,NetBanking,2024-02-02
11102,652.06,Card,2024-02-21
1270,892.09,Wallet,2024-02-01
18973,551.51,UPI,2024-02-29
3821,1326.38,Wallet,2024-01-19
10795,1564.71,UPI,2024-02-26
19214,570.66,Wallet,2024-02-20
16159,607.71,NetBanking,2024-02-05
3037,306.62,Card,2024-02-20
13215,418.25,NetBanking,2024-02-04
17428,1525.04,UPI,2024-02-11
3280,1854.04,Wallet,2024-02-25
2213,461.54,Card,2024-02-02
15221,1639.35,UPI,2024-02-21
4761,665.7,UPI,2024-02-08
8489,1294.43,Card,2024-02-01
9359,586.57,Card,2024-02-07
6119,1732.36,Card,2024-02-09
2400,705.7,NetBanking,2024-02-14
5992,1365.92,UPI,2024-02-20
1753,1196.73,NetBanking,2024-01-24
11226,268.24,Wallet,2024-01-06
19187,1091.85,Wallet,2024-02-04
5792,1408.95,UPI,2024-01-29
1415,983.61,NetBanking,2024-02-02
17760,1674.14,NetBanking,2024-02-01
5077,202.69,Wallet,2024-02-27
18110,1282.48,Wallet,2024-02-26
18208,1100.38,Card,2024-01-27
9722,445.88,NetBanking,2024-01-14
16205,229.26,NetBanking,2024-01-15
11360,279.99,NetBanking,2024-02-04
6815,987.64,UPI,2024-02-08
9182,253.56,Card,2024-02-14
9425,205.74,Card,2024-01-27
9292,469.53,UPI,2024-01-16
4228,237.32,Wallet,2024-02-22
14299,280.27,Card,2024-02-22
1369,1520.59,NetBanking,2024-01-12
9131,1112.39,Wallet,2024-01-25
16078,1435.47,Wallet,2024-02-01
3146,206.82,NetBanking,2024-01-22
7366,1475.01,Wallet,2024-02-11
6071,1417.95,Card,2024-02-26
19146,648.83,NetBanking,2024-01-03
2126,559.57,Card,2024-01-13
9438,1699.45,UPI,2024-01-12
18844,1627.91,UPI,2024-01-01
2376,196.95,NetBanking,2024-01-11
7954,546.12,UPI,2024-01-06
10912,972.94,Wallet,2024-01-09
4037,1889.95,Card,2024-02-06
13047,1705.17,UPI,2024-02-15
6321,1207.82,Card,2024-01-09
11093,1616.82,NetBanking,2024-01-16
12589,1545.74,UPI,2024-01-28
4147,1898.93,NetBanking,2024-02-13
9996,1276.74,UPI,2024-02-20
10067,214.39,Card,2024-01-27
9504,452.4,Wallet,2024-02-26
14214,718.42,Card,2024-02-29
4128,1852.94,UPI,2024-02-09
10192,1875.42,Wallet,2024-02-01
5136,391.25,UPI,2024-02-28
3469,174.03,UPI,2024-01-31
11692,1020.49,UPI,2024-01-15
13766,1441.17,NetBanking,2024-02-22
7029,742.62,Card,2024-01-03
8122,1141.18,Card,2024-01-23
5654,611.99,UPI,2024-01-27
17770,1557.2,NetBanking,2024-01-25
19020,1372.77,Wallet,2024-02-21
2375,579.56,Card,2024-01-01
18413,1014.4,Card,2024-01-11
7230,1065.62,Card,2024-01-26
19570,1646.19,Card,2024-02-26
907,1093.94,Wallet,2024-01-12
4989,1631.4,UPI,2024-02-28
6751,803.72,UPI,2024-03-01
371,1989.69,UPI,2024-02-27
8658,344.56,NetBanking,2024-01-31
10963,863.0,NetBanking,2024-01-02
6178,1648.99,Card,2024-01-17
18452,1558.93,Card,2024-02-12
12512,380.49,Wallet,2024-01-11
191,1829.42,UPI,2024-01-29
2668,304.02,NetBanking,2024-02-26
3639,1132.32,NetBanking,2024-02-27
13522,963.11,Wallet,2024-01-25
10097,1345.06,Card,2024-02-20
17306,1738.54,UPI,2024-02-22
13472,104.06,Wallet,2024-02-28
5541,1325.67,Card,2024-02-23
13105,212.37,Wallet,2024-01-28
7335,1193.15,Card,2024-01-16
17832,1709.45,UPI,2024-01-22
8877,528.03,Card,2024-01-17
3556,1716.23,NetBanking,2024-02-22
5322,1542.01,Card,2024-01-11
10958,483.41,Card,2024-02-06
2222,1383.42,Card,2024-02-22
6021,1096.58,Card,2024-01-30
7184,323.75,NetBanking,2024-02-19
16231,1266.25,NetBanking,2024-01-26
7739,1006.32,Wallet,2024-02-28
11031,958.0,UPI,2024-02-05
18983,1200.17,NetBanking,2024-02-11
11929,1360.32,Wallet,2024-01-19
14831,700.23,Card,2024-02-14
12376,1052.79,UPI,2024-01-25
8666,731.24,Wallet,2024-02-21
988,1416.85,NetBanking,2024-02-02
4492,334.08,UPI,2024-01-07
11737,478.83,Wallet,2024-02-05
13925,1306.45,Card,2024-01-02
1534,654.77,Card,2024-02-17
2942,543.49,Wallet,2024-02-27
5172,738.89,Card,2024-01-17
8576,897.89,UPI,2024-01-11
15004,456.79,NetBanking,2024-02-16
2857,1550.49,Wallet,2024-02-23
6028,515.14,NetBanking,2024-01-09
7841,282.76,Card,2024-02-13
16374,1405.51,Wallet,2024-01-17
17893,1127.42,NetBanking,2024-02-09
11118,1548.04,Card,2024-01-13
13864,1744.02,Wallet,2024-01-15
583,1145.25,Card,2024-01-19
16334,745.6,NetBanking,2024-02-05
17722,624.88,Card,2024-01-23
16264,359.21,NetBanking,2024-01-21
18254,1674.94,Card,2024-02-11
7611,411.95,UPI,2024-01-05
12425,580.24,NetBanking,2024-02-18
13940,1457.11,NetBanking,2024-01-12
16860,838.89,NetBanking,2024-02-07
17692,1164.53,UPI,2024-02-26
16284,506.61,Wallet,2024-02-26
15013,1735.05,UPI,2024-02-11
19458,1643.75,Card,2024-02-12
4433,1112.89,Wallet,2024-01-28
13837,1362.88,NetBanking,2024-02-21
8321,1898.05,Wallet,2024-02-20
3815,610.93,UPI,2024-01-03
6123,938.09,Wallet,2024-02-28
14133,1429.05,NetBanking,2024-01-02
3980,1633.72,UPI,2024-02-11
194,1024.21,UPI,2024-01-07
148,1086.21,UPI,2024-01-29
739,497.4,UPI,2024-02-12
11160,179.07,NetBanking,2024-02-25
7310,739.49,NetBanking,2024-01-06
19697,1974.4,Wallet,2024-01-10
8724,1141.18,NetBanking,2024-01-27
3954,1695.3,NetBanking,2024-01-02
3019,1426.94,Wallet,2024-01-03
2155,1067.49,NetBanking,2024-02-27
17646,1896.12,Wallet,2024-02-26
741,1841.16,NetBanking,2024-01-08
19775,856.49,Card,2024-01-31
5400,1847.03,Card,2024-01-13
1767,875.91,Wallet,2024-01-03
10189,1987.78,NetBanking,2024-02-05
2466,440.89,UPI,2024-01-12
16605,1320.94,Card,2024-01-12
561,1151.39,UPI,2024-02-28
18117,179.54,Wallet,2024-02-04
18583,811.86,UPI,2024-01-29
11614,1616.97,NetBanking,2024-02-09
14892,234.86,NetBanking,2024-02-25
3962,1837.9,UPI,2024-01-21
12352,1444.39,NetBanking,2024-01-28
8711,1751.24,UPI,2024-02-29
468,173.03,Card,2024-01-30
9388,1471.98,UPI,2024-02-17
15327,1316.37,Card,2024-01-18
13897,646.31,Wallet,2024-01-27
5235,1516.46,NetBanking,2024-02-03
6721,1084.85,Card,2024-01-27
15185,535.76,Wallet,2024-01-24
18453,1528.26,UPI,2024-02-07
2873,1896.62,NetBanking,2024-02-29
6307,1207.04,Wallet,2024-01-25
11046,1858.47,Card,2024-01-03
13131,723.64,Wallet,2024-02-15
2704,1148.62,Wallet,2024-01-08
14424,1772.59,UPI,2024-02-14
10063,235.4,UPI,2024-02-02
11195,1904.61,Card,2024-01-05
4536,222.17,UPI,2024-02-16
16958,1122.2,Wallet,2024-02-04
9657,1685.28,Card,2024-01-25
18773,1161.23,NetBanking,2024-01-01
15344,1602.02,UPI,2024-01-29
17915,361.38,NetBanking,2024-02-23
9085,1424.5,UPI,2024-01-16
14833,1050.56,Wallet,2024-02-24
33,1210.51,Wallet,2024-02-04
18634,1601.49,Card,2024-02-09
7498,1766.24,UPI,2024-01-07
4435,949.86,UPI,2024-01-24
14950,976.23,UPI,2024-02-24
17761,494.43,UPI,2024-02-27
609,1363.83,NetBanking,2024-02-25
17434,182.38,UPI,2024-01-27
15853,1919.12,Wallet,2024-02-01
18985,893.9,Wallet,2024-01-01
578,185.76,Wallet,2024-01-22
11214,1644.82,UPI,2024-01-14
11842,883.7,UPI,2024-02-05
14527,747.17,NetBanking,2024-02-21
2582,1723.71,Wallet,2024-01-24
3600,812.25,UPI,2024-01-15
15124,620.29,Card,2024-01-15
4544,732.72,Wallet,2024-02-25
8912,879.22,Wallet,2024-01-20
2115,790.68,UPI,2024-01-01
12430,1502.01,Card,2024-01-13
9769,1051.34,Wallet,2024-01-17
3476,359.73,Card,2024-02-21
13509,1788.56,UPI,2024-02-28
7213,1703.18,UPI,2024-02-05
4368,1575.95,NetBanking,2024-02-14
2359,1881.57,NetBanking,2024-01-24
18990,924.63,NetBanking,2024-01-10
19768,907.61,UPI,2024-02-23
834,682.83,Wallet,2024-02-29
7451,891.27,Wallet,2024-02-12
9466,274.06,UPI,2024-01-14
3934,653.03,Card,2024-01-28
11444,1178.62,NetBanking,2024-01-22
4151,428.28,UPI,2024-02-05
19484,1685.17,Wallet,2024-01-31
9471,176.39,UPI,2024-02-28
3696,1040.73,Wallet,2024-02-08
14697,1765.32,NetBanking,2024-02-11
10481,1423.96,UPI,2024-01-14
5983,1645.13,UPI,2024-01-27
17349,352.05,UPI,2024-01-31
11646,946.72,NetBanking,2024-01-21
2709,869.31,NetBanking,2024-02-08
17765,174.69,UPI,2024-02-01
6250,1859.52,NetBanking,2024-01-14
9506,125.92,UPI,2024-01-01
9682,399.61,Wallet,2024-02-19
3603,877.13,Card,2024-02-10
19440,1994.42,UPI,2024-02-08
4072,1239.33,UPI,2024-01-23
7994,1196.95,Card,2024-02-25
16428,142.33,Card,2024-01-05
9706,1250.97,NetBanking,2024-01-06
7170,1352.67,NetBanking,2024-01-10
18684,189.12,UPI,2024-02-23
11935,277.62,Card,2024-02-25
8823,1581.26,Card,2024-01-18
3344,186.14,NetBanking,2024-01-21
5156,994.7,NetBanking,2024-02-12
17326,772.94,NetBanking,2024-02-12
10180,1124.7,Card,2024-01-28
10819,1699.95,Card,2024-02-15
7078,1821.61,NetBanking,2024-01-21
17712,1079.32,Wallet,2024-02-05
13898,309.67,NetBanking,2024-02-09
5764,896.27,Card,2024-01-18
935,1942.65,NetBanking,2024-01-21
15364,180.63,Wallet,2024-01-28
5971,1382.53,Wallet,2024-02-26
15257,100.81,UPI,2024-01-02
13321,1997.93,Card,2024-01-22
6737,1826.46,NetBanking,2024-01-29
10355,225.78,NetBanking,2024-02-11
333,1627.24,UPI,2024-01-04
18002,1296.76,UPI,2024-01-26
18241,580.99,Wallet,2024-01-01
12593,1996.92,NetBanking,2024-01-29
19229,1914.03,UPI,2024-01-13
12110,1069.75,UPI,2024-01-12
8661,1805.82,NetBanking,2024-02-10
10899,492.05,NetBanking,2024-01-20
4093,1036.66,Card,2024-01-02
11194,379.01,UPI,2024-01-02
9701,1480.5,Wallet,2024-01-15
15511,338.81,NetBanking,2024-02-19
3827,1648.13,Card,2024-01-23
16799,486.22,Wallet,2024-01-20
13206,1504.52,UPI,2024-02-05
4821,1679.77,UPI,2024-01-23
3755,313.96,Card,2024-01-05
19088,1066.97,UPI,2024-01-22
14425,987.18,NetBanking,2024-01-06
8507,818.11,Wallet,2024-01-29
10555,388.56,UPI,2024-02-10
7152,1629.37,Wallet,2024-02-01
4449,1547.36,Card,2024-01-08
8422,443.06,Card,2024-01-17
2698,745.23,UPI,2024-01-15
1475,1164.25,NetBanking,2024-01-15
5409,1349.39,NetBanking,2024-01-27
6809,964.93,NetBanking,2024-01-23
17788,835.34,Wallet,2024-01-21
9078,1702.71,Wallet,2024-01-04
233,1209.43,NetBanking,2024-02-19
2823,640.67,Wallet,2024-02-09
6593,396.47,Wallet,2024-02-26
15832,970.19,UPI,2024-01-04
4101,1768.77,Card,2024-01-04
8639,1982.47,Card,2024-02-24
3885,1495.97,Card,2024-01-18
19166,682.17,UPI,2024-01-28
11482,1714.11,UPI,2024-01-14
8351,1571.71,Card,2024-01-14
9992,1551.77,UPI,2024-02-05
13302,323.28,Card,2024-01-09
7149,1160.61,UPI,2024-01-08
4027,763.83,Card,2024-01-04
9619,858.49,Card,2024-02-14
3769,1011.2,Wallet,2024-01-05
12422,1006.49,UPI,2024-02-10
5145,462.62,Wallet,2024-02-06
14118,1899.61,UPI,2024-02-25
2403,1188.31,Wallet,2024-01-11
9361,1561.74,UPI,2024-01-31
622,1833.44,UPI,2024-01-27
4901,168.87,Wallet,2024-02-28
5825,1511.95,Wallet,2024-01-20
19285,1073.84,Wallet,2024-01-23
13269,1339.98,UPI,2024-01-03
3523,708.13,Card,2024-01-04
1456,1842.63,NetBanking,2024-02-12
18088,586.69,Card,2024-01-28
6158,1855.32,Card,2024-01-04
9312,1003.91,UPI,2024-01-07
3881,565.16,NetBanking,2024-01-10
13445,666.59,Wallet,2024-01-04
13333,368.49,Wallet,2024-01-11
6043,1514.9,UPI,2024-01-19
8341,1200.78,UPI,2024-01-25
15464,1691.03,Card,2024-02-24
5426,1160.08,Wallet,2024-02-22
19646,101.84,NetBanking,2024-02-19
19095,1166.75,NetBanking,2024-01-31
2731,788.88,UPI,2024-01-12
10196,1776.6,UPI,2024-02-16
18142,1922.55,Wallet,2024-02-17
14115,215.88,Card,2024-01-27
6473,1626.34,UPI,2024-02-17
12665,746.42,Wallet,2024-02-09
6484,279.39,UPI,2024-01-27
1906,1348.1,Wallet,2024-02-28
7892,1176.32,UPI,2024-02-19
5526,1635.18,NetBanking,2024-01-12
12521,1787.99,UPI,2024-02-10
18800,632.9,NetBanking,2024-02-11
7670,677.01,Wallet,2024-02-11
11508,1201.35,NetBanking,2024-01-25
5959,1605.56,Wallet,2024-01-13
17041,1202.07,Wallet,2024-02-06
5579,1939.21,Wallet,2024-02-09
3209,1373.69,Wallet,2024-02-02
15576,829.82,NetBanking,2024-02-09
12999,154.79,NetBanking,2024-01-15
13408,1683.85,UPI,2024-02-08
8839,1050.8,NetBanking,2024-01-05
3288,579.16,Card,2024-01-11
12780,1063.31,NetBanking,2024-02-20
6345,143.38,NetBanking,2024-01-10
2373,371.63,Wallet,2024-01-21
19428,1632.35,NetBanking,2024-01-02
8261,979.75,NetBanking,2024-02-20
5488,1450.54,UPI,2024-01-24
3730,1660.67,Card,2024-01-29
12210,616.87,Card,2024-01-31
4085,973.96,Card,2024-02-24
12684,552.43,UPI,2024-02-09
16824,376.1,Card,2024-01-17
9324,649.57,Wallet,2024-03-01
8717,523.99,UPI,2024-01-22
12111,1474.11,UPI,2024-01-21
4395,673.08,NetBanking,2024-01-06
772,1198.37,Card,2024-02-20
19429,722.91,Wallet,2024-02-25
16791,1434.26,UPI,2024-01-30
11948,1821.43,NetBanking,2024-02-17
15024,808.81,UPI,2024-02-16
12447,965.99,NetBanking,2024-02-27
15793,1157.21,Wallet,2024-02-11
9842,1021.3,NetBanking,2024-02-02
2584,790.67,Card,2024-02-27
10701,1750.4,UPI,2024-01-23
10681,951.41,UPI,2024-02-17
9197,664.58,Card,2024-01-27
17336,1922.46,Card,2024-01-28
19038,622.73,Wallet,2024-02-06
17228,729.86,NetBanking,2024-01-07
1457,1792.91,Wallet,2024-01-22
5928,1882.16,Card,2024-02-15
12578,1940.69,Card,2024-01-16
17205,644.77,Wallet,2024-01-30
9900,290.64,Wallet,2024-01-21
1217,1282.89,UPI,2024-02-17
2156,221.76,Card,2024-01-16
11419,1002.82,NetBanking,2024-02-02
236,1319.24,Wallet,2024-02-06
15080,375.75,Wallet,2024-01-20
15758,1601.14,UPI,2024-02-28
5217,402.47,Wallet,2024-01-10
7496,429.49,NetBanking,2024-01-22
14895,1387.75,UPI,2024-01-05
6511,862.99,UPI,2024-02-23
11438,249.65,Wallet,2024-02-07
17136,1526.5,Wallet,2024-01-30
7198,1132.36,UPI,2024-02-08
13891,807.75,Card,2024-02-29
16468,1513.5,UPI,2024-02-11
853,1549.85,NetBanking,2024-02-23
10545,173.91,UPI,2024-01-14
1194,253.94,Card,2024-01-13
11490,1663.48,Wallet,2024-02-22
1432,251.65,NetBanking,2024-01-27
10561,557.5,UPI,2024-01-27
19907,815.85,Card,2024-02-29
4024,1642.42,NetBanking,2024-02-05
16619,1210.86,UPI,2024-02-18
11034,1810.76,Wallet,2024-02-03
2822,1794.88,Wallet,2024-01-23
8455,1945.66,Wallet,2024-02-02
10167,1905.13,Card,2024-02-21
5702,661.98,Card,2024-02-08
338,1030.13,Wallet,2024-01-30
3300,1748.82,UPI,2024-02-01
13079,1623.47,UPI,2024-01-29
11327,193.15,Card,2024-02-04
16580,1575.48,Wallet,2024-01-15
883,996.88,UPI,2024-02-14
15134,536.78,UPI,2024-02-15
12773,1357.94,NetBanking,2024-02-10
14346,1209.46,NetBanking,2024-02-21
8420,1400.53,Card,2024-01-16
8852,1971.57,Wallet,2024-01-05
6399,575.69,Wallet,2024-01-14
8318,1442.43,UPI,2024-02-03
1643,1722.22,Card,2024-01-31
16694,1793.07,UPI,2024-01-22
1941,1426.56,NetBanking,2024-01-03
7736,1406.18,UPI,2024-02-12
454,1048.23,Card,2024-01-15
8225,233.68,NetBanking,2024-02-19
4005,379.73,NetBanking,2024-01-15
4931,763.46,UPI,2024-02-25
10003,847.4,Card,2024-01-28
12900,1614.78,NetBanking,2024-01-16
9943,680.22,UPI,2024-01-01
12270,403.51,NetBanking,2024-01-06
2297,1284.91,Wallet,2024-02-08
16293,100.31,NetBanking,2024-01-31
10817,980.04,Card,2024-01-03
16540,1496.92,Card,2024-01-16
1169,503.77,NetBanking,2024-01-21
16787,1678.67,Card,2024-02-08
7530,1215.16,NetBanking,2024-01-13
13758,1690.52,NetBanking,2024-01-13
16648,1123.52,Wallet,2024-01-26
15152,588.96,UPI,2024-01-12
10183,1137.22,Wallet,2024-02-17
14172,1026.28,UPI,2024-02-23
10636,278.26,NetBanking,2024-02-06
4839,294.03,Wallet,2024-01-13
12144,1414.49,NetBanking,2024-03-01
3465,1839.7,NetBanking,2024-02-21
16829,1090.1,Card,2024-02-16
3883,1994.4,Wallet,2024-01-24
17318,526.67,Card,2024-02-01
9258,806.5,Wallet,2024-01-19
16262,918.23,NetBanking,2024-01-26
18738,1759.31,UPI,2024-01-25
18079,485.21,NetBanking,2024-03-01
3030,1033.97,Wallet,2024-02-11
15383,1034.63,Card,2024-01-03
2982,948.29,UPI,2024-01-07
11548,1301.18,UPI,2024-02-11
10563,240.41,Card,2024-01-30
19770,1119.68,NetBanking,2024-02-16
7595,183.21,NetBanking,2024-02-01
5708,733.14,UPI,2024-01-24
1563,1870.54,Card,2024-01-16
15204,1605.06,UPI,2024-02-17
14963,1800.96,Wallet,2024-01-19
3453,970.35,NetBanking,2024-02-19
18278,595.65,UPI,2024-01-15
7454,1942.74,Card,2024-01-13
15870,696.85,NetBanking,2024-01-24
12728,1900.84,NetBanking,2024-02-25
6462,1131.98,Card,2024-02-11
2172,408.25,NetBanking,2024-02-07
8723,358.2,NetBanking,2024-02-02
4985,158.02,Wallet,2024-03-01
11944,224.17,UPI,2024-02-10
1275,363.95,Card,2024-02-24
182,988.01,UPI,2024-02-06
16703,184.35,NetBanking,2024-01-15
6439,1299.17,Card,2024-02-25
4499,104.87,NetBanking,2024-01-11
7605,1605.56,UPI,2024-02-04
7528,884.41,UPI,2024-01-25
18635,303.02,Card,2024-01-15
74,462.55,UPI,2024-02-17
15892,470.88,NetBanking,2024-01-29
19396,1732.84,UPI,2024-01-30
7771,1153.59,Wallet,2024-01-26
14041,651.65,Wallet,2024-02-26
5392,977.04,Wallet,2024-01-30
14615,843.96,NetBanking,2024-01-20
12576,1028.45,Card,2024-02-03
10021,311.26,NetBanking,2024-02-01
18566,1724.41,Wallet,2024-01-15
6166,1694.02,Wallet,2024-01-17
12092,1764.8,Card,2024-01-19
19752,1232.49,Wallet,2024-01-14
18974,993.55,NetBanking,2024-01-29
5809,757.85,Wallet,2024-01-19
11155,1492.3,NetBanking,2024-01-25
2653,532.88,UPI,2024-02-22
1164,697.54,UPI,2024-01-07
15913,321.17,Card,2024-01-03
4659,399.89,Wallet,2024-01-29
18194,1216.25,UPI,2024-01-20
9094,635.49,Card,2024-02-01
18446,1867.42,NetBanking,2024-01-20
18397,1997.1,Wallet,2024-01-23
11677,692.23,Wallet,2024-01-20
6420,1955.72,UPI,2024-03-01
6039,1676.25,UPI,2024-01-28
3310,178.35,NetBanking,2024-01-21
19802,1214.75,Wallet,2024-01-28
11724,1468.14,Card,2024-02-27
8084,1764.29,Wallet,2024-01-25
9175,1186.35,NetBanking,2024-01-28
15334,394.24,Card,2024-02-26
8237,588.68,Card,2024-01-21
2028,1924.44,UPI,2024-02-05
5772,360.95,Card,2024-01-23
6632,1518.66,Wallet,2024-02-20
2881,456.11,UPI,2024-01-26
9762,295.13,Card,2024-01-24
8653,421.65,NetBanking,2024-01-03
11145,825.49,UPI,2024-02-24
6767,1276.71,NetBanking,2024-01-19
13665,475.5,Wallet,2024-02-16
5610,831.02,UPI,2024-02-07
7556,1743.6,Wallet,2024-02-13
6910,764.62,Card,2024-01-29
10406,1081.11,UPI,2024-01-21
2122,1207.74,Wallet,2024-01-25
14067,305.88,UPI,2024-02-16
14692,944.74,NetBanking,2024-02-03
19158,675.39,Wallet,2024-01-22
18860,784.55,UPI,2024-01-18
8854,1890.72,Card,2024-02-19
7175,1836.16,NetBanking,2024-02-15
6651,813.14,Wallet,2024-01-19
6683,1447.4,Wallet,2024-01-16
19926,224.01,Card,2024-01-11
10384,479.79,NetBanking,2024-01-16
14334,1789.6,UPI,2024-02-17
9467,347.22,NetBanking,2024-01-20
953,1369.14,Wallet,2024-02-09
4904,768.55,UPI,2024-01-18
4090,1815.7,NetBanking,2024-02-20
16199,1472.17,UPI,2024-01-04
1613,345.7,NetBanking,2024-02-18
18793,950.29,NetBanking,2024-01-17
163,640.28,Card,2024-01-31
13356,1777.95,Wallet,2024-02-13
7977,1858.8,Wallet,2024-01-04
7621,1879.46,Wallet,2024-01-24
6291,512.62,UPI,2024-02-02
10826,426.63,Card,2024-01-03
1922,279.73,Card,2024-01-01
14219,536.28,Card,2024-02-06
1066,1429.95,Card,2024-02-22
13082,360.21,Wallet,2024-02-21
1121,666.66,Card,2024-01-12
16877,1230.08,Wallet,2024-01-08
324,1645.37,NetBanking,2024-01-20
9134,1860.67,UPI,2024-01-17
2502,489.21,UPI,2024-02-02
1440,529.6,UPI,2024-01-29
16267,438.12,Card,2024-02-09
18752,995.87,UPI,2024-01-30
12608,716.68,NetBanking,2024-02-16
5143,1674.92,NetBanking,2024-02-22
1343,1815.37,Wallet,2024-02-07
17690,1556.02,UPI,2024-01-24
16810,1727.06,Wallet,2024-01-17
13910,1086.3,NetBanking,2024-02-11
17451,1467.47,UPI,2024-01-02
3927,1014.57,UPI,2024-01-22
1854,1702.01,NetBanking,2024-03-01
3062,1615.26,NetBanking,2024-02-12
13529,895.97,Wallet,2024-02-20
19237,918.28,UPI,2024-01-08
1495,1534.23,Wallet,2024-02-24
14902,254.64,Card,2024-01-07
11433,814.8,Card,2024-01-10
9822,1286.43,Wallet,2024-02-14
16560,260.81,UPI,2024-02-04
2092,723.29,Card,2024-02-15
12353,1420.45,Wallet,2024-01-12
19298,1200.7,UPI,2024-01-17
2805,658.89,NetBanking,2024-01-17
18276,1478.41,NetBanking,2024-02-05
8655,1573.56,Wallet,2024-02-07
6045,1177.79,NetBanking,2024-01-23
14545,943.07,Wallet,2024-02-03
14850,1723.06,Wallet,2024-02-03
10202,702.04,Card,2024-02-14
4633,1264.95,Card,2024-01-07
11208,1262.52,NetBanking,2024-02-17
17152,438.32,NetBanking,2024-01-22
19288,184.4,Card,2024-02-21
7365,1053.09,UPI,2024-01-27
10460,951.52,Card,2024-01-05
13773,1404.23,Card,2024-01-08
14765,422.99,Wallet,2024-01-06
17154,815.82,NetBanking,2024-01-19
19439,795.65,Wallet,2024-01-30
14069,367.3,Card,2024-02-03
3856,1561.17,NetBanking,2024-02-18
11756,511.09,UPI,2024-01-19
9838,104.61,Wallet,2024-01-16
727,1787.05,UPI,2024-02-12
9239,589.07,Card,2024-02-06
5334,1683.95,NetBanking,2024-01-26
17532,609.73,Card,2024-01-09
9641,1644.22,Wallet,2024-01-29
12077,683.85,Card,2024-01-25
1629,680.73,UPI,2024-02-21
14161,1301.27,UPI,2024-01-24
2097,1178.57,Wallet,2024-02-15
14864,182.61,UPI,2024-02-19
17233,1141.47,UPI,2024-01-10
16066,1191.17,Wallet,2024-02-14
5316,1614.67,NetBanking,2024-01-28
2995,798.99,Wallet,2024-01-31
3978,1397.7,UPI,2024-02-19
14417,1287.34,NetBanking,2024-01-17
3154,691.46,Card,2024-01-08
16424,803.93,Wallet,2024-01-12
18419,1949.57,NetBanking,2024-02-02
18631,735.03,Wallet,2024-01-10
6018,521.68,Wallet,2024-01-29
1361,1092.74,NetBanking,2024-02-07
598,1325.45,UPI,2024-02-12
5684,1758.42,Card,2024-02-09
7811,800.61,UPI,2024-02-26
18073,431.54,Card,2024-02-21
15181,449.64,NetBanking,2024-02-12
2820,1887.12,Card,2024-02-27
2670,321.2,Wallet,2024-02-27
9625,285.71,Wallet,2024-02-21
6907,225.57,Card,2024-02-28
7073,1623.73,NetBanking,2024-01-11
14811,328.14,Card,2024-02-27
19234,295.39,Card,2024-02-16
8729,1609.76,NetBanking,2024-01-12
3541,1814.86,Wallet,2024-01-09
14101,675.73,Card,2024-02-20
6936,1474.01,Card,2024-01-08
4262,806.14,Wallet,2024-01-26
5713,1067.51,Wallet,2024-01-05
9808,495.4,Card,2024-02-05
6238,1200.04,Card,2024-02-14
2641,1394.18,Wallet,2024-02-23
11655,363.25,Card,2024-01-09
15596,177.71,UPI,2024-01-19
2069,1178.93,Wallet,2024-01-20
10946,1826.32,UPI,2024-01-11
19075,1795.24,Card,2024-01-01
16589,367.04,NetBanking,2024-01-20
11496,689.03,Wallet,2024-01-08
3157,175.31,NetBanking,2024-01-03
8247,1778.03,Wallet,2024-01-26
13442,187.3,Wallet,2024-02-20
17791,1614.13,NetBanking,2024-01-25
4096,1464.74,Wallet,2024-01-08
8564,1082.69,Card,2024-01-05
12237,1249.79,NetBanking,2024-02-11
15585,228.8,UPI,2024-02-09
19172,1077.18,Card,2024-02-09
3437,724.0,NetBanking,2024-02-06
13011,307.13,Card,2024-01-03
16512,1071.65,UPI,2024-02-24
6958,1610.51,Wallet,2024-02-27
14885,1155.3,NetBanking,2024-01-06
430,1379.05,Wallet,2024-01-23
14450,1336.58,Card,2024-02-24
19881,1981.45,NetBanking,2024-02-19
15176,154.13,Card,2024-01-10
4763,739.19,UPI,2024-01-29
5636,143.46,UPI,2024-02-02
16109,1752.61,UPI,2024-01-12
2819,827.33,NetBanking,2024-01-11
12183,990.74,UPI,2024-02-28
9530,914.47,UPI,2024-02-11
5694,1914.65,UPI,2024-02-10
10932,1579.03,Card,2024-01-19
11383,1057.55,Wallet,2024-02-05
13477,1449.06,Wallet,2024-01-08
12413,568.6,Card,2024-01-08
9527,305.79,Wallet,2024-01-19
12161,2085.58,Card,2024-01-07
5384,1535.86,UPI,2024-02-25
15748,457.02,NetBanking,2024-01-30
19184,380.45,NetBanking,2024-01-12
102,967.94,UPI,2024-01-08
14306,752.48,UPI,2024-01-27
7608,842.71,NetBanking,2024-02-22
4525,1149.99,NetBanking,2024-02-15
10337,129.36,UPI,2024-02-23
10748,251.86,Wallet,2024-01-07
12699,1697.1,Wallet,2024-01-24
6359,1124.77,Card,2024-01-28
15355,865.76,Wallet,2024-01-21
3785,536.56,Wallet,2024-01-15
10845,884.36,UPI,2024-02-09
17795,965.17,NetBanking,2024-01-28
5021,864.74,Card,2024-02-14
1557,444.2,Wallet,2024-02-14
7550,1883.15,Card,2024-02-21
3748,229.0,UPI,2024-02-13
2622,1732.4,Card,2024-03-01
6748,1325.7,Card,2024-02-22
18455,1148.03,Wallet,2024-02-15
1969,1173.2,UPI,2024-01-29
18712,1844.9,UPI,2024-01-08
18485,1899.3,NetBanking,2024-01-09
6638,1991.21,Wallet,2024-02-05
2712,1404.68,UPI,2024-02-12
7489,459.37,Wallet,2024-01-22
14397,659.75,Card,2024-01-16
2002,1620.92,NetBanking,2024-02-04
19416,1991.76,UPI,2024-02-06
7354,1099.26,UPI,2024-01-08
19210,1396.87,Wallet,2024-01-06
19655,1724.86,UPI,2024-01-12
16309,1427.59,NetBanking,2024-01-06
19393,274.49,UPI,2024-01-24
2409,374.47,NetBanking,2024-02-26
11167,1172.51,NetBanking,2024-02-15
12797,883.97,NetBanking,2024-02-20
674,1415.94,Card,2024-02-29
17307,1424.92,NetBanking,2024-02-15
1679,1351.14,Wallet,2024-01-01
11573,521.11,NetBanking,2024-01-22
9446,1292.35,NetBanking,2024-01-22
1774,1972.34,Wallet,2024-02-11
11837,775.97,NetBanking,2024-01-05
14039,201.68,Wallet,2024-02-07
10950,901.79,NetBanking,2024-02-16
16845,501.55,UPI,2024-01-11
2778,685.92,NetBanking,2024-01-15
1559,1573.77,NetBanking,2024-01-26
6467,1784.5,Card,2024-01-26
16844,1291.14,NetBanking,2024-01-12
19521,303.48,NetBanking,2024-01-10
1636,692.7,UPI,2024-02-13
11442,592.83,UPI,2024-01-09
14096,858.95,Card,2024-01-28
18136,742.62,NetBanking,2024-01-13
16813,124.04,NetBanking,2024-01-11
16416,989.88,UPI,2024-01-28
16467,404.91,Wallet,2024-01-12
13482,977.6,UPI,2024-02-10
11493,1183.52,Card,2024-02-29
12031,937.05,NetBanking,2024-01-03
17329,307.65,UPI,2024-02-12
3581,1688.69,Card,2024-02-12
15691,291.6,NetBanking,2024-02-22
5083,1292.85,Wallet,2024-01-20
3345,576.03,UPI,2024-02-05
2587,1609.16,Wallet,2024-02-25
2070,959.09,NetBanking,2024-02-15
2758,1672.42,Wallet,2024-02-19
7880,326.27,UPI,2024-01-18
4636,1773.12,Card,2024-02-21
814,1204.47,UPI,2024-02-08
13271,1672.96,NetBanking,2024-01-01
9493,437.63,NetBanking,2024-02-12
14176,467.37,Card,2024-02-04
7728,1591.41,UPI,2024-02-13
5050,1981.15,NetBanking,2024-02-29
14971,887.05,NetBanking,2024-02-05
7939,666.54,UPI,2024-01-21
14071,1724.04,UPI,2024-02-19
635,1849.88,Wallet,2024-02-10
10338,1922.99,NetBanking,2024-02-15
10685,1800.32,NetBanking,2024-01-13
16726,626.76,Card,2024-02-22
438,412.57,UPI,2024-02-09
1889,499.35,Card,2024-02-03
7632,1670.0,UPI,2024-02-11
10570,423.61,UPI,2024-01-16
2124,376.04,Wallet,2024-02-27
16182,1619.47,NetBanking,2024-02-15
13280,1887.96,Card,2024-01-22
13673,1174.19,Wallet,2024-02-01
3747,955.27,UPI,2024-02-09
4650,1564.51,NetBanking,2024-03-01
18343,440.76,UPI,2024-02-10
18624,1329.65,Card,2024-02-14
15687,2266.97,NetBanking,2024-02-04
9865,313.64,NetBanking,2024-01-19
6361,199.91,NetBanking,2024-01-10
18483,325.28,Wallet,2024-01-31
10838,1792.64,Wallet,2024-01-24
18371,954.97,NetBanking,2024-02-13
6823,960.97,Wallet,2024-01-03
11998,603.95,Card,2024-01-28
3068,1334.48,NetBanking,2024-01-12
11310,1794.35,Card,2024-02-14
7301,1652.61,UPI,2024-01-24
14277,1981.6,NetBanking,2024-01-06
18464,714.61,NetBanking,2024-02-26
13224,497.89,Card,2024-02-28
3568,953.64,Card,2024-02-14
12442,1829.85,UPI,2024-01-31
4844,725.42,UPI,2024-02-10
397,151.95,Wallet,2024-01-28
8638,697.26,NetBanking,2024-01-28
19339,1173.38,UPI,2024-01-23
18393,1719.34,NetBanking,2024-01-21
6492,1768.02,NetBanking,2024-01-24
11713,838.06,Card,2024-02-05
8896,490.5,Wallet,2024-01-26
253,1788.78,Wallet,2024-01-13
1979,469.66,Card,2024-01-03
7100,725.95,UPI,2024-01-17
1567,496.31,Card,2024-02-14
18233,1355.02,Card,2024-01-28
328,652.51,NetBanking,2024-02-07
18125,803.18,Card,2024-02-23
11096,436.53,Wallet,2024-02-18
7785,1968.47,NetBanking,2024-01-26
17490,380.34,NetBanking,2024-01-21
16377,1078.82,Card,2024-02-11
12845,1956.73,Card,2024-01-22
4330,2158.39,Card,2024-02-24
7325,597.51,Wallet,2024-02-07
8001,111.06,UPI,2024-02-23
3643,1179.39,NetBanking,2024-02-24
18348,878.28,NetBanking,2024-02-14
2599,1913.17,Wallet,2024-01-13
18260,565.8,Card,2024-01-28
4068,243.22,Card,2024-02-17
5855,1026.47,Card,2024-02-11
19186,800.83,Wallet,2024-01-29
10588,1371.68,UPI,2024-02-16
10045,1595.01,Card,2024-01-23
6441,1194.02,Wallet,2024-02-28
4117,618.58,NetBanking,2024-01-22
17224,1979.91,UPI,2024-01-12
14313,737.51,Wallet,2024-02-03
1568,385.4,UPI,2024-02-23
4195,1379.32,Wallet,2024-02-21
11542,1991.0,Card,2024-01-08
5819,1444.82,Wallet,2024-03-01
389,1963.63,NetBanking,2024-01-02
7295,520.82,UPI,2024-01-15
8021,991.47,Wallet,2024-02-16
6162,353.13,Wallet,2024-02-29
14619,1266.64,Card,2024-02-21
6436,171.04,NetBanking,2024-02-18
11068,354.5,Card,2024-01-06
8783,1381.4,Card,2024-02-19
1918,1297.39,NetBanking,2024-02-11
19106,698.22,Wallet,2024-01-07
12000,1862.31,UPI,2024-02-11
12362,1238.59,Wallet,2024-02-27
7665,187.0,NetBanking,2024-01-21
10479,589.51,NetBanking,2024-02-23
1944,1714.7,NetBanking,2024-01-26
6506,628.17,UPI,2024-02-05
13359,738.92,UPI,2024-01-17
2623,1380.75,NetBanking,2024-02-16
14247,263.63,Card,2024-01-30
14512,941.56,NetBanking,2024-02-05
14390,222.47,Card,2024-02-22
10362,802.31,NetBanking,2024-02-16
6536,1559.02,Card,2024-01-29
4726,1150.05,Wallet,2024-01-02
19644,171.72,Wallet,2024-02-21
4971,458.13,NetBanking,2024-02-09
19593,1801.75,Card,2024-02-08
10803,1343.53,Card,2024-01-04
3588,654.38,Wallet,2024-01-23
7452,1972.58,Wallet,2024-02-11
11776,646.51,Wallet,2024-02-08
8885,1894.2,NetBanking,2024-02-08
9208,1907.33,Card,2024-01-12
13696,1644.82,Card,2024-02-07
16687,1729.03,UPI,2024-02-11
18100,1499.89,UPI,2024-01-03
10804,1694.29,NetBanking,2024-01-30
8632,1108.81,Wallet,2024-01-19
15502,1351.69,UPI,2024-02-01
7603,956.11,NetBanking,2024-01-07
131,205.9,UPI,2024-01-29
10708,1728.25,NetBanking,2024-02-23
8879,1717.97,Card,2024-01-18
1358,331.13,NetBanking,2024-01-26
13578,943.51,Card,2024-02-10
17100,178.03,UPI,2024-01-04
3460,114.74,Wallet,2024-02-29
7824,1779.14,NetBanking,2024-01-11
17220,1044.3,Wallet,2024-01-20
16095,815.24,UPI,2024-02-29
453,1229.82,UPI,2024-02-01
2522,1545.26,NetBanking,2024-01-11
18954,939.16,UPI,2024-02-13
15814,294.84,Wallet,2024-01-08
11816,1156.64,UPI,2024-02-17
11407,1237.12,UPI,2024-01-09
6713,952.8,UPI,2024-01-28
10525,718.87,UPI,2024-02-06
8438,583.93,NetBanking,2024-01-07
4271,1611.43,NetBanking,2024-02-01
16951,1037.79,UPI,2024-01-16
15776,1286.73,Card,2024-01-19
2531,1364.03,Card,2024-02-10
2772,1856.14,Wallet,2024-01-27
19938,1325.64,Wallet,2024-01-27
1667,201.29,UPI,2024-01-10
1400,634.19,Wallet,2024-02-14
659,1801.21,Card,2024-01-06
1448,1592.22,Card,2024-01-12
16288,1327.27,UPI,2024-01-25
13463,713.71,Wallet,2024-02-26
7678,1154.76,UPI,2024-01-26
11380,1978.0,NetBanking,2024-02-07
8874,174.31,NetBanking,2024-02-28
18488,1766.37,Wallet,2024-02-12
10646,757.92,Card,2024-02-15
4501,1543.73,Wallet,2024-02-05
6727,1901.22,Card,2024-02-26
15406,1683.76,NetBanking,2024-01-15
2489,1531.62,Card,2024-02-08
4381,1027.97,UPI,2024-02-09
18798,387.05,NetBanking,2024-01-31
954,926.55,Card,2024-01-30
18215,830.12,Card,2024-02-15
19036,1013.63,UPI,2024-01-18
16071,637.84,Wallet,2024-01-25
5687,572.23,Wallet,2024-01-28
14213,1032.49,NetBanking,2024-01-21
10949,927.33,Wallet,2024-01-26
2790,308.03,Wallet,2024-01-09
10619,129.6,Wallet,2024-01-28
5558,1288.24,UPI,2024-01-09
7400,1636.83,Wallet,2024-01-30
11937,1353.01,UPI,2024-01-17
796,1156.47,Wallet,2024-02-12
14923,1403.13,Wallet,2024-01-18
8754,146.63,Wallet,2024-02-29
13757,1813.46,Wallet,2024-02-21
5804,678.21,UPI,2024-02-28
7815,873.32,NetBanking,2024-01-04
18767,251.78,NetBanking,2024-01-07
13986,128.08,Wallet,2024-01-08
3296,1970.33,UPI,2024-01-13
12936,127.27,Card,2024-02-14
4293,1776.66,UPI,2024-02-17
1939,1857.41,Card,2024-01-10
1814,1601.45,Card,2024-01-30
13761,595.2,Wallet,2024-01-13
4203,927.16,UPI,2024-02-15
7618,656.08,Wallet,2024-02-07
5033,678.81,NetBanking,2024-01-28
1640,1018.64,Wallet,2024-01-22
9780,1336.19,NetBanking,2024-01-27
10533,1753.11,Card,2024-02-20
13002,331.7,NetBanking,2024-02-24
7993,1666.47,Wallet,2024-01-10
3413,1219.93,UPI,2024-02-02
2850,187.1,Wallet,2024-01-22
9738,709.02,UPI,2024-01-28
19645,1519.59,UPI,2024-01-20
8921,1897.09,Wallet,2024-02-09
3598,1610.57,Card,2024-01-23
3421,584.95,UPI,2024-01-22
5650,633.93,Wallet,2024-02-12
4688,931.71,NetBanking,2024-02-12
8032,892.85,Card,2024-01-24
19799,285.36,UPI,2024-01-02
13033,1204.14,Card,2024-01-27
14905,1077.77,Wallet,2024-01-25
11828,638.13,Card,2024-02-03
6035,476.92,Card,2024-01-07
5374,1099.95,UPI,2024-02-21
15215,124.53,Wallet,2024-02-24
12385,384.92,Wallet,2024-02-20
1324,275.42,Wallet,2024-02-09
18727,1379.45,Wallet,2024-01-10
9931,714.97,Wallet,2024-01-12
15077,312.17,UPI,2024-02-12
4081,1308.79,UPI,2024-01-08
10437,182.51,Card,2024-02-21
6608,661.53,UPI,2024-03-01
5749,1731.2,UPI,2024-02-03
9444,920.79,UPI,2024-01-24
8878,256.48,UPI,2024-02-11
5166,623.25,UPI,2024-02-09
12188,189.79,Card,2024-02-01
12946,159.66,Wallet,2024-02-01
3662,1971.75,Wallet,2024-01-05
15950,1176.26,Card,2024-01-23
11882,1516.57,Card,2024-02-16
2251,704.65,Wallet,2024-01-29
16624,1667.67,UPI,2024-01-06
5057,544.66,NetBanking,2024-02-20
5827,1071.73,Card,2024-02-29
6860,919.58,Card,2024-02-14
12848,1472.19,UPI,2024-02-11
707,944.23,NetBanking,2024-01-10
8709,1806.1,NetBanking,2024-02-05
1075,688.09,Card,2024-02-22
16261,275.85,Card,2024-02-22
13676,1825.85,NetBanking,2024-02-03
19174,1327.13,Wallet,2024-02-20
4158,1042.54,NetBanking,2024-02-12
19436,109.91,NetBanking,2024-02-16
13225,962.81,Wallet,2024-01-25
14663,504.24,NetBanking,2024-01-23
19161,426.51,Wallet,2024-02-27
2883,926.33,UPI,2024-02-15
473,1004.99,Card,2024-01-03
7469,980.91,Card,2024-02-23
15669,1518.38,NetBanking,2024-02-21
6790,784.8,NetBanking,2024-02-02
2325,1530.65,NetBanking,2024-01-14
11913,391.19,Card,2024-02-24
11794,1864.98,Card,2024-01-31
11257,105.04,UPI,2024-02-04
16176,496.52,NetBanking,2024-01-21
13737,266.61,Card,2024-01-24
18181,1705.27,UPI,2024-02-07
19537,1357.41,UPI,2024-01-05
451,1351.49,NetBanking,2024-02-21
3665,1045.81,NetBanking,2024-02-22
11084,405.38,UPI,2024-01-06
16615,1338.58,NetBanking,2024-01-08
19817,840.26,Wallet,2024-02-09
14455,1409.66,UPI,2024-02-21
13062,774.22,Wallet,2024-01-24
1180,890.16,Card,2024-01-11
13346,1043.05,NetBanking,2024-01-30
1221,681.08,Card,2024-01-18
3760,916.96,NetBanking,2024-01-31
4671,898.47,UPI,2024-02-13
17405,163.82,UPI,2024-01-09
14439,762.19,UPI,2024-02-18
18938,808.23,Card,2024-02-28
3642,1975.54,Card,2024-01-26
11955,1867.68,UPI,2024-01-11
5657,1579.35,NetBanking,2024-01-04
7234,1305.99,Card,2024-02-22
3718,1676.4,UPI,2024-01-31
18041,970.36,UPI,2024-01-09
1747,1681.26,Card,2024-01-31
2101,1523.65,Card,2024-01-02
3252,907.73,UPI,2024-03-01
12973,1676.66,UPI,2024-02-12
1946,296.13,UPI,2024-02-07
16936,1321.58,Wallet,2024-01-04
16724,434.53,Card,2024-02-07
17564,506.6,NetBanking,2024-01-18
18232,1493.71,NetBanking,2024-02-17
11931,1079.36,Card,2024-02-21
11406,997.8,UPI,2024-02-09
11958,1109.48,UPI,2024-01-21
9343,1417.36,Card,2024-02-04
11326,740.3,UPI,2024-02-15
15032,184.6,Card,2024-02-05
11640,555.19,UPI,2024-01-17
109,839.3,Card,2024-01-18
15356,1094.62,Wallet,2024-01-18
8003,1645.06,Wallet,2024-02-12
11906,827.72,UPI,2024-01-21
13378,161.36,NetBanking,2024-01-07
18626,448.84,Wallet,2024-02-02
15696,409.16,Card,2024-02-01
5142,1612.62,Wallet,2024-01-02
14804,866.83,UPI,2024-02-03
19746,276.49,NetBanking,2024-01-07
14422,1633.6,Wallet,2024-02-25
1342,1404.16,NetBanking,2024-01-02
15951,101.95,UPI,2024-01-01
9270,195.79,NetBanking,2024-01-14
14239,1435.37,NetBanking,2024-02-11
10620,385.36,UPI,2024-02-06
12330,1257.14,NetBanking,2024-02-08
16114,1243.63,NetBanking,2024-01-29
15629,1353.2,UPI,2024-01-26
16329,667.28,Card,2024-01-01
18785,978.28,Card,2024-02-01
3504,557.79,Wallet,2024-02-06
12103,816.52,UPI,2024-02-13
14236,1701.29,NetBanking,2024-02-11
3791,1569.51,UPI,2024-02-07
6900,1876.98,UPI,2024-01-03
11336,817.3,Wallet,2024-01-27
18314,1899.86,UPI,2024-01-04
14535,832.78,Wallet,2024-01-27
16859,895.47,Wallet,2024-01-18
186,297.26,UPI,2024-02-13
7902,1847.41,Card,2024-01-04
13266,912.56,Card,2024-02-28
7308,205.2,UPI,2024-01-14
10181,458.05,UPI,2024-01-07
2039,542.4,Wallet,2024-02-07
14223,1774.97,Card,2024-01-26
13208,1802.7,NetBanking,2024-01-18
668,281.37,Wallet,2024-02-24
5105,1517.28,Card,2024-02-05
3646,1534.69,Card,2024-01-17
444,233.04,UPI,2024-01-06
13886,1010.38,Card,2024-01-31
12018,1155.55,UPI,2024-01-26
2688,1588.16,Wallet,2024-01-20
494,1563.05,Card,2024-02-14
17742,1354.97,NetBanking,2024-01-11
524,994.85,UPI,2024-01-14
15223,1005.92,Wallet,2024-02-15
10825,649.87,Card,2024-02-08
10567,1663.83,UPI,2024-03-01
7752,1257.93,Wallet,2024-01-25
8150,1564.36,UPI,2024-02-07
16549,235.78,Card,2024-02-14
9156,1346.89,UPI,2024-01-09
12290,383.91,Wallet,2024-01-18
8367,1488.86,UPI,2024-02-08
3669,861.05,Card,2024-01-09
19360,1399.61,Card,2024-02-18
18856,1583.21,Wallet,2024-01-09
7552,988.64,Wallet,2024-03-01
17886,658.24,Card,2024-02-04
17908,1058.17,Wallet,2024-01-08
13406,260.11,NetBanking,2024-01-12
8873,1488.66,UPI,2024-02-09
11426,925.89,Card,2024-01-13
3053,1017.34,Card,2024-02-24
1832,947.13,NetBanking,2024-01-19
16855,855.8,Card,2024-01-10
11904,869.89,Card,2024-01-12
7252,1741.59,Card,2024-01-28
6918,1116.45,Wallet,2024-02-14
17344,1080.88,Wallet,2024-01-30
15153,1442.79,NetBanking,2024-01-17
7355,1869.69,Card,2024-02-27
15361,1852.77,Wallet,2024-01-22
12539,1528.03,Card,2024-02-20
6382,1062.86,NetBanking,2024-01-02
2050,264.32,UPI,2024-01-12
9725,649.08,Wallet,2024-01-30
5981,180.26,NetBanking,2024-01-04
7625,1423.97,UPI,2024-02-19
2257,1037.92,Wallet,2024-02-09
6410,1552.41,Wallet,2024-01-12
17521,1797.64,UPI,2024-01-25
18415,1757.04,Card,2024-01-17
17543,1921.82,Wallet,2024-02-24
10571,1107.44,UPI,2024-02-09
9611,1041.05,NetBanking,2024-02-18
11014,1417.48,NetBanking,2024-01-30
8428,1015.88,UPI,2024-02-05
3440,1444.59,NetBanking,2024-02-11
4722,1788.86,Wallet,2024-02-10
12550,1171.72,Wallet,2024-02-05
12444,1332.65,UPI,2024-02-12
9220,1518.5,NetBanking,2024-02-08
16960,456.04,Card,2024-01-14
4440,1549.02,Card,2024-02-24
13500,832.64,Card,2024-01-06
6469,1155.24,NetBanking,2024-02-07
1690,1108.69,Wallet,2024-01-31
6395,564.31,Card,2024-02-15
6850,1762.45,Card,2024-02-17
11669,1739.58,NetBanking,2024-02-19
15645,116.92,Card,2024-01-21
2024,539.94,Card,2024-02-11
9858,1340.85,Wallet,2024-02-28
19177,1849.7,Card,2024-02-26
17515,749.79,Wallet,2024-01-13
11275,1167.7,UPI,2024-01-28
10411,1549.18,Card,2024-02-14
478,116.32,Card,2024-02-01
12286,1727.89,NetBanking,2024-02-13
19686,1724.39,Wallet,2024-01-14
10927,1531.11,Card,2024-01-21
5969,395.06,UPI,2024-01-20
14933,826.33,UPI,2024-02-04
5751,1224.91,UPI,2024-02-29
8011,2241.87,Wallet,2024-01-26
15900,221.08,UPI,2024-02-02
12954,735.66,UPI,2024-02-21
2974,684.25,Wallet,2024-02-02
13550,1191.68,NetBanking,2024-01-03
9003,1957.4,UPI,2024-01-08
1333,674.02,NetBanking,2024-02-21
12994,1815.94,Card,2024-01-02
5273,1283.2,UPI,2024-02-15
13071,1993.55,NetBanking,2024-01-19
10859,352.78,Card,2024-02-09
9000,1313.33,Card,2024-02-25
14867,1485.35,UPI,2024-01-07
15781,397.04,UPI,2024-02-01
18294,133.03,Card,2024-02-22
10940,305.65,Card,2024-02-23
183,303.53,NetBanking,2024-01-06
3064,1672.24,Card,2024-01-11
16437,473.05,Card,2024-01-09
17944,1143.11,Wallet,2024-01-08
3424,866.9,UPI,2024-02-09
3710,976.33,Wallet,2024-01-22
3249,366.58,Wallet,2024-02-21
5822,820.77,Wallet,2024-01-09
19680,1724.98,NetBanking,2024-02-02
8031,1068.51,NetBanking,2024-01-31
2130,1277.82,NetBanking,2024-01-26
13548,1788.93,Wallet,2024-02-25
5509,692.5,UPI,2024-01-30
18915,894.32,Card,2024-02-24
9834,1303.86,Wallet,2024-01-07
4870,498.2,Card,2024-01-26
4315,1926.74,NetBanking,2024-01-28
274,532.78,Card,2024-01-14
2760,916.97,NetBanking,2024-02-05
17293,1028.29,UPI,2024-01-30
6179,1949.91,Card,2024-02-19
11989,1364.77,Wallet,2024-01-02
5074,1789.0,Card,2024-01-31
9125,1836.19,Card,2024-02-14
3049,1706.9,NetBanking,2024-02-12
3737,1097.23,UPI,2024-01-28
3354,629.3,Wallet,2024-02-16
5849,488.52,UPI,2024-01-25
4218,1115.96,UPI,2024-02-07
5740,1887.2,Card,2024-02-16
2281,681.92,NetBanking,2024-01-17
13361,1853.57,NetBanking,2024-01-11
9517,1536.7,Card,2024-02-17
4577,1553.55,Card,2024-03-01
9850,1447.34,Wallet,2024-02-04
5697,1591.21,NetBanking,2024-02-05
12207,1920.63,UPI,2024-01-22
12063,262.46,Card,2024-01-23
1796,1141.87,Wallet,2024-01-21
9183,624.3,Card,2024-01-09
16988,1645.75,NetBanking,2024-01-14
12084,704.79,Card,2024-02-18
16170,331.79,UPI,2024-02-06
19461,739.49,Card,2024-02-04
424,920.54,Card,2024-01-06
15789,1886.67,Card,2024-02-05
7427,411.25,Card,2024-01-22
18965,833.55,NetBanking,2024-02-17
10997,1087.66,Wallet,2024-02-01
1046,1450.96,Wallet,2024-02-23
4573,1201.87,UPI,2024-01-07
13439,463.29,NetBanking,2024-02-05
2482,1570.69,UPI,2024-02-04
8060,1235.78,Card,2024-01-19
2851,784.53,Card,2024-02-04
19818,407.32,NetBanking,2024-02-20
15200,1107.21,NetBanking,2024-01-16
17538,150.91,Card,2024-02-02
17749,1311.55,UPI,2024-03-01
14801,1801.14,NetBanking,2024-01-09
5052,1320.78,UPI,2024-01-17
8206,430.26,Wallet,2024-02-01
13835,1491.49,Card,2024-02-05
13449,1251.81,Wallet,2024-02-24
9965,143.63,UPI,2024-01-15
14491,1670.23,UPI,2024-02-05
5205,1121.94,UPI,2024-01-26
1351,1034.55,UPI,2024-02-20
1187,1862.63,UPI,2024-01-20
4906,178.26,NetBanking,2024-02-19
11070,1695.24,Card,2024-01-28
3347,1184.16,NetBanking,2024-02-18
391,1058.53,NetBanking,2024-02-01
7838,101.11,Wallet,2024-01-20
13024,1138.13,UPI,2024-01-02
3899,1797.02,UPI,2024-02-12
11458,620.86,Card,2024-02-10
12255,1804.28,Card,2024-02-28
19050,1442.66,UPI,2024-01-08
4334,1029.77,Wallet,2024-02-15
3828,1927.51,UPI,2024-01-17
11248,1061.12,Wallet,2024-01-23
3519,1440.92,Wallet,2024-02-05
1555,705.01,Wallet,2024-01-16
18211,712.14,NetBanking,2024-02-01
1539,374.93,NetBanking,2024-02-11
3544,1644.11,NetBanking,2024-02-03
3221,1682.78,NetBanking,2024-02-10
15046,887.04,Wallet,2024-01-03
8213,1094.54,NetBanking,2024-01-22
4000,150.71,UPI,2024-02-12
17361,1502.01,UPI,2024-01-19
18777,609.14,Card,2024-02-16
18887,1388.06,Card,2024-01-13
2952,1978.81,UPI,2024-02-06
9978,1313.17,UPI,2024-02-07
8913,1248.68,NetBanking,2024-01-02
19406,1793.23,Card,2024-01-18
16527,1916.25,Card,2024-02-24
16714,1216.64,Card,2024-01-22
11247,1774.1,NetBanking,2024-01-08
15245,2015.72,NetBanking,2024-01-12
3357,1879.43,UPI,2024-02-29
16085,1764.38,UPI,2024-01-24
17024,932.07,NetBanking,2024-01-21
12355,168.23,UPI,2024-02-27
5406,984.2,Card,2024-02-16
15074,1021.99,UPI,2024-01-23
13974,1301.39,Wallet,2024-02-23
18487,2153.6,Wallet,2024-02-19
3549,818.48,Card,2024-01-08
17874,1195.22,Wallet,2024-01-04
3061,103.11,UPI,2024-02-06
17551,1426.65,NetBanking,2024-02-01
8382,132.01,Card,2024-02-27
5688,699.24,UPI,2024-02-10
1634,1295.14,NetBanking,2024-02-21
16922,962.41,NetBanking,2024-02-11
16200,1952.96,UPI,2024-02-14
2893,1560.07,Wallet,2024-02-08
17138,251.02,NetBanking,2024-02-10
16028,1619.03,NetBanking,2024-02-23
16290,623.68,UPI,2024-02-26
1228,1386.12,UPI,2024-02-10
4094,1174.76,NetBanking,2024-01-17
1359,709.94,Card,2024-01-03
9767,510.24,NetBanking,2024-02-07
9207,989.08,UPI,2024-02-23
13268,1054.96,UPI,2024-02-28
19503,1992.89,Card,2024-01-05
4015,1388.4,Card,2024-01-26
15007,331.35,UPI,2024-02-27
10911,1787.21,NetBanking,2024-02-06
4489,709.71,Wallet,2024-02-28
12629,1162.37,UPI,2024-01-28
13669,681.37,UPI,2024-02-02
8409,683.09,NetBanking,2024-02-05
12152,759.82,UPI,2024-02-20
1193,936.86,Wallet,2024-01-17
13325,1396.16,Card,2024-02-06
14549,802.82,UPI,2024-01-21
18372,965.32,Wallet,2024-01-17
13313,763.75,NetBanking,2024-01-03
6540,1133.66,UPI,2024-02-27
1723,532.12,Wallet,2024-02-21
18283,698.16,UPI,2024-02-04
871,249.29,NetBanking,2024-02-16
6336,1663.46,UPI,2024-02-14
5329,1805.05,NetBanking,2024-02-15
15812,200.86,NetBanking,2024-01-12
15747,577.52,Wallet,2024-01-03
769,1873.9,UPI,2024-02-14
13672,230.82,NetBanking,2024-02-26
13305,1496.17,NetBanking,2024-01-29
13172,827.96,UPI,2024-02-29
19699,491.16,UPI,2024-03-01
7883,695.47,Wallet,2024-02-23
4596,736.48,Card,2024-01-08
11562,567.82,Card,2024-02-19
4519,1452.11,Card,2024-02-29
5080,811.29,Card,2024-01-02
9275,998.88,Wallet,2024-01-08
9280,1048.76,NetBanking,2024-02-14
1332,288.98,NetBanking,2024-02-27
7315,476.7,UPI,2024-01-23
4640,1292.93,Card,2024-02-13
17146,598.06,Card,2024-01-27
19152,725.14,Card,2024-01-18
7074,1844.2,UPI,2024-02-10
9607,251.75,NetBanking,2024-03-01
6529,1890.5,UPI,2024-01-23
43,1253.84,NetBanking,2024-02-02
3794,1264.3,NetBanking,2024-02-05
3801,1051.98,Card,2024-02-26
1757,1450.67,UPI,2024-01-27
3383,963.1,NetBanking,2024-02-11
17540,937.12,UPI,2024-02-03
17630,1058.37,Wallet,2024-01-29
784,1161.62,NetBanking,2024-02-04
9510,742.85,Wallet,2024-01-02
18146,1654.98,NetBanking,2024-02-07
6234,695.78,Card,2024-01-16
1127,1114.31,Wallet,2024-01-08
3719,1228.69,Card,2024-01-23
15808,925.55,Wallet,2024-01-02
17504,1111.46,NetBanking,2024-02-20
1912,971.26,Wallet,2024-01-14
7746,1799.22,UPI,2024-01-08
9971,955.73,NetBanking,2024-02-23
8205,662.63,NetBanking,2024-01-12
14307,1365.44,Wallet,2024-02-24
17992,849.05,Card,2024-01-17
13804,1737.43,UPI,2024-02-22
12090,1900.57,NetBanking,2024-01-12
19796,964.0,NetBanking,2024-02-07
19182,199.82,Card,2024-01-03
2394,1475.26,Wallet,2024-02-24
2512,1644.42,UPI,2024-02-17
16975,486.66,Card,2024-02-11
4897,1774.08,NetBanking,2024-01-12
9351,787.62,NetBanking,2024-02-17
16378,815.01,UPI,2024-01-01
10868,322.31,UPI,2024-01-12
11893,1509.4,Wallet,2024-01-29
2909,985.92,Wallet,2024-03-01
14098,1088.09,NetBanking,2024-02-25
14960,1983.51,UPI,2024-02-09
1472,1979.84,NetBanking,2024-02-02
4942,1582.55,NetBanking,2024-02-24
17059,780.2,NetBanking,2024-01-20
6899,1507.09,Card,2024-02-17
10121,1438.37,NetBanking,2024-01-18
14739,865.1,Card,2024-01-21
19606,1614.85,Wallet,2024-02-01
5173,484.19,UPI,2024-02-05
19733,642.5,Wallet,2024-02-20
17907,689.25,NetBanking,2024-02-17
14155,659.37,NetBanking,2024-01-22
3781,1053.52,NetBanking,2024-01-11
6507,854.23,UPI,2024-02-24
9785,999.62,UPI,2024-01-17
1189,183.92,UPI,2024-01-17
18070,1557.78,UPI,2024-01-24
12323,160.25,NetBanking,2024-01-06
6825,1622.9,Wallet,2024-02-02
10125,379.76,Wallet,2024-02-20
6062,554.61,Card,2024-02-06
8846,1016.62,NetBanking,2024-01-21
6176,233.14,NetBanking,2024-02-07
9928,1346.73,NetBanking,2024-01-18
2310,1804.49,NetBanking,2024-02-23
11859,1946.61,UPI,2024-01-01
17597,1765.3,Wallet,2024-01-05
8233,594.74,UPI,2024-01-28
19542,844.82,Card,2024-01-03
13141,253.92,UPI,2024-02-20
13303,829.56,Wallet,2024-02-22
956,696.37,Card,2024-02-08
1269,1243.58,Wallet,2024-01-22
4934,736.23,Card,2024-01-09
6604,1554.21,Wallet,2024-02-22
3562,837.21,Wallet,2024-02-24
9704,1626.7,Card,2024-02-13
3283,1097.56,NetBanking,2024-01-28
1474,300.71,Wallet,2024-02-04
15423,1614.4,UPI,2024-01-31
15891,1091.81,UPI,2024-02-06
19353,1564.84,Wallet,2024-01-22
12749,1940.96,Wallet,2024-02-18
6610,863.6,Wallet,2024-01-01
10069,1060.66,Card,2024-02-22
10013,996.44,Card,2024-02-23
5204,1480.6,NetBanking,2024-02-20
2914,369.18,NetBanking,2024-01-29
4684,1935.95,UPI,2024-01-18
4265,1189.62,UPI,2024-01-19
17036,1656.06,Card,2024-01-26
9461,1083.53,Wallet,2024-01-08
8136,895.59,Card,2024-02-12
9297,337.6,Card,2024-02-29
7041,1390.65,Wallet,2024-01-13
6059,380.29,Card,2024-02-10
5212,1802.16,Wallet,2024-01-03
12277,1898.53,Wallet,2024-01-26
16218,1214.09,Wallet,2024-02-19
12189,425.86,Card,2024-01-17
14908,1372.6,Wallet,2024-01-15
10938,1669.19,Wallet,2024-02-25
3372,484.54,Card,2024-02-26
16121,1702.52,NetBanking,2024-01-20
6431,1227.49,NetBanking,2024-01-01
16834,686.89,Wallet,2024-02-21
2452,151.72,Wallet,2024-02-25
7486,1036.52,Wallet,2024-03-01
19010,1784.07,Card,2024-01-02
6084,1257.88,Wallet,2024-02-28
12150,1683.43,Card,2024-01-27
9549,1627.7,Wallet,2024-01-10
14222,394.29,UPI,2024-01-10
17096,193.09,UPI,2024-01-13
3702,330.72,NetBanking,2024-02-15
10465,291.53,UPI,2024-02-27
17725,1484.97,Wallet,2024-01-12
19893,1762.37,UPI,2024-01-20
7953,1934.21,NetBanking,2024-02-14
13402,767.34,Card,2024-02-22
17439,1439.12,Card,2024-01-25
3884,1912.8,UPI,2024-01-25
18402,446.71,Wallet,2024-01-24
16867,604.3,UPI,2024-01-05
15326,1807.79,Wallet,2024-01-23
1205,452.66,Wallet,2024-01-17
13204,369.67,Card,2024-02-29
15746,1009.67,UPI,2024-01-25
1988,225.8,UPI,2024-01-10
13183,1056.74,Card,2024-02-24
551,875.55,Card,2024-01-15
2212,137.32,Wallet,2024-02-24
12388,1023.78,Wallet,2024-02-15
4297,1995.29,NetBanking,2024-01-14
11018,839.84,NetBanking,2024-02-01
18394,1677.1,UPI,2024-02-16
17209,672.69,UPI,2024-02-19
5294,1811.66,Card,2024-02-05
7061,405.16,Wallet,2024-02-17
14829,392.26,Wallet,2024-02-07
12456,1220.07,UPI,2024-01-06
19735,1444.03,NetBanking,2024-01-28
13956,1441.97,UPI,2024-01-18
13059,1523.12,Card,2024-01-03
1783,1734.12,NetBanking,2024-02-16
15937,1625.14,Card,2024-01-16
7464,325.32,Wallet,2024-02-21
16113,689.46,Card,2024-01-24
10088,849.51,NetBanking,2024-01-13
19314,1119.19,UPI,2024-02-09
18159,1915.66,NetBanking,2024-02-08
16967,1533.13,Wallet,2024-02-13
13057,1421.88,Card,2024-01-15
10709,1347.06,Wallet,2024-01-10
5259,1169.93,NetBanking,2024-02-10
8278,725.76,UPI,2024-01-21
1871,1470.11,NetBanking,2024-01-04
1831,259.77,NetBanking,2024-01-24
6840,377.76,UPI,2024-01-31
6220,539.95,Card,2024-01-29
2951,417.15,UPI,2024-02-28
14144,1884.55,UPI,2024-01-24
6177,858.24,UPI,2024-01-12
10349,591.8,UPI,2024-02-26
12201,561.46,Wallet,2024-01-17
12883,1298.68,Card,2024-02-04
12975,1434.01,UPI,2024-01-28
17461,1407.18,Wallet,2024-02-17
3048,1881.97,Card,2024-02-11
13388,1271.5,Card,2024-02-02
13991,160.55,Card,2024-01-25
8403,1472.11,Card,2024-01-01
4003,1459.19,NetBanking,2024-02-01
16762,795.35,Card,2024-02-18
1999,434.3,UPI,2024-02-10
6924,1131.06,UPI,2024-02-23
15098,762.25,UPI,2024-01-13
7299,171.57,Card,2024-01-27
1977,138.7,UPI,2024-01-14
15277,1060.64,UPI,2024-01-23
7281,307.86,NetBanking,2024-02-10
10710,347.48,Card,2024-02-09
13595,1475.28,NetBanking,2024-01-27
1318,1462.52,NetBanking,2024-01-05
7039,1989.43,UPI,2024-02-17
8359,539.87,Card,2024-01-04
1839,1411.61,UPI,2024-01-18
5595,176.83,Wallet,2024-02-18
9581,388.91,Card,2024-01-14
15956,1154.48,Card,2024-01-09
6837,1092.21,NetBanking,2024-01-22
880,672.15,UPI,2024-02-05
8143,952.89,UPI,2024-01-03
5078,1095.95,NetBanking,2024-01-13
10086,184.99,NetBanking,2024-01-21
9778,1852.02,NetBanking,2024-02-25
9479,899.48,Card,2024-02-28
5099,2144.15,Wallet,2024-02-15
15150,277.91,Wallet,2024-03-01
9926,1518.5,Wallet,2024-01-10
10001,1600.89,UPI,2024-02-18
14452,961.8,Card,2024-01-07
2319,980.77,NetBanking,2024-02-11
2065,806.75,Wallet,2024-01-08
14221,1590.54,Wallet,2024-02-11
4002,1329.33,NetBanking,2024-01-23
14031,370.2,Card,2024-01-01
11966,780.95,UPI,2024-01-06
1000,1309.7,UPI,2024-02-10
6156,560.77,Card,2024-02-13
13344,1490.17,UPI,2024-01-10
2573,1494.79,UPI,2024-01-23
12745,162.22,UPI,2024-01-03
789,1195.73,Card,2024-02-01
2821,1808.19,Card,2024-02-22
11481,682.87,NetBanking,2024-02-15
9629,1559.57,Card,2024-02-26
18019,291.57,Wallet,2024-01-01
16696,1066.83,Card,2024-01-27
1207,106.24,Wallet,2024-01-04
14283,1063.28,UPI,2024-02-06
9984,163.84,Wallet,2024-01-24
1591,272.72,NetBanking,2024-02-05
18599,1771.76,UPI,2024-02-12
17282,349.58,Wallet,2024-02-05
3963,842.44,Wallet,2024-02-11
8668,137.18,Card,2024-02-25
13518,1382.78,UPI,2024-02-08
19878,1968.13,Card,2024-01-02
7531,159.29,Card,2024-01-07
19713,191.98,Card,2024-01-10
18847,1703.0,Wallet,2024-02-05
14642,1634.53,Card,2024-02-23
14538,552.8,NetBanking,2024-01-29
677,754.75,Card,2024-01-31
12096,1902.58,UPI,2024-02-15
17316,805.25,UPI,2024-02-04
7713,1391.33,Wallet,2024-01-30
2929,1377.27,UPI,2024-01-28
8613,1843.02,UPI,2024-02-21
17603,840.3,UPI,2024-01-24
7118,1840.92,NetBanking,2024-02-27
8657,602.32,NetBanking,2024-02-06
14482,1631.64,UPI,2024-02-04
6474,814.73,NetBanking,2024-01-07
2501,238.27,NetBanking,2024-02-14
9588,1613.85,NetBanking,2024-01-19
16923,417.13,Wallet,2024-01-07
6281,1337.95,Card,2024-02-29
12840,1338.01,Card,2024-02-02
16588,470.79,Card,2024-02-09
6243,356.93,NetBanking,2024-02-18
14342,1738.85,NetBanking,2024-02-17
9071,1748.5,NetBanking,2024-02-16
16627,1651.03,Wallet,2024-02-08
2810,270.25,NetBanking,2024-02-02
15216,709.2,Wallet,2024-02-09
14713,658.37,Wallet,2024-02-28
15149,1327.54,Card,2024-01-03
3361,523.67,Card,2024-02-25
5647,811.56,UPI,2024-01-04
5583,636.13,Card,2024-01-06
5060,1841.25,Wallet,2024-01-03
18479,776.87,NetBanking,2024-02-19
15595,1038.44,Card,2024-01-02
7441,274.62,Wallet,2024-02-11
8287,1986.29,Wallet,2024-02-25
11117,754.38,Wallet,2024-02-23
12244,825.98,NetBanking,2024-01-13
9573,1261.55,Card,2024-02-25
15840,397.9,UPI,2024-01-17
6717,1464.63,NetBanking,2024-02-11
10551,672.14,Wallet,2024-01-12
13494,361.64,UPI,2024-02-14
13799,1345.78,UPI,2024-02-29
16730,1897.08,UPI,2024-02-26
16861,819.23,UPI,2024-01-05
5704,1987.44,Wallet,2024-02-27
9,1056.5,UPI,2024-02-20
14292,1950.77,UPI,2024-01-21
16758,749.12,UPI,2024-01-25
15898,1948.69,UPI,2024-02-20
3035,848.7,Card,2024-01-17
10336,430.1,NetBanking,2024-01-29
16610,1654.36,Card,2024-02-17
17337,1140.86,Card,2024-01-11
11252,323.77,Card,2024-02-04
3767,2182.34,NetBanking,2024-02-21
16347,1321.46,NetBanking,2024-01-09
10461,363.8,UPI,2024-02-13
11815,193.12,UPI,2024-02-07
14721,458.28,Wallet,2024-01-12
3715,1663.66,Wallet,2024-02-12
12102,873.08,Card,2024-01-04
16511,1300.97,Card,2024-01-26
1282,844.26,Card,2024-01-23
15033,326.11,Wallet,2024-01-04
6989,2005.0,UPI,2024-01-04
7984,1095.99,Wallet,2024-01-29
5882,405.13,UPI,2024-01-16
14305,291.69,Wallet,2024-01-25
10367,1480.4,UPI,2024-01-22
17172,1605.8,NetBanking,2024-01-15
17253,1427.99,Card,2024-01-16
9514,1027.78,UPI,2024-02-17
10981,759.05,Wallet,2024-01-20
9072,470.81,NetBanking,2024-02-01
15259,2226.41,NetBanking,2024-01-21
85,1766.07,Card,2024-02-24
15542,1500.29,NetBanking,2024-01-24
10987,1443.04,UPI,2024-01-01
16098,972.58,UPI,2024-01-22
15737,1374.89,UPI,2024-01-21
18668,1995.55,Card,2024-01-20
11874,336.45,NetBanking,2024-01-05
3233,1785.17,UPI,2024-01-14
7744,417.43,NetBanking,2024-01-22
15233,452.63,NetBanking,2024-01-27
8056,497.52,NetBanking,2024-01-06
5567,1359.78,Wallet,2024-02-22
13297,1645.37,NetBanking,2024-01-16
17526,710.81,Wallet,2024-02-27
6294,1141.09,NetBanking,2024-02-26
14178,736.14,Wallet,2024-02-18
12194,1428.29,NetBanking,2024-02-08
15474,494.55,Card,2024-01-13
3577,1407.7,NetBanking,2024-01-14
18432,1792.59,NetBanking,2024-01-28
11241,356.73,Card,2024-01-02
12387,452.62,Card,2024-01-11
1965,103.61,NetBanking,2024-01-31
7792,172.51,NetBanking,2024-01-28
9632,1443.05,Wallet,2024-02-28
14546,1184.15,UPI,2024-01-23
9960,694.17,Wallet,2024-01-26
16254,842.65,NetBanking,2024-01-17
1139,1628.94,Card,2024-02-06
11256,485.16,UPI,2024-02-29
11775,784.41,NetBanking,2024-02-09
17105,970.09,Card,2024-02-11
10934,1469.58,Wallet,2024-01-06
13565,1166.88,NetBanking,2024-01-20
9590,679.81,UPI,2024-02-23
16072,1655.3,UPI,2024-02-17
12048,122.41,Card,2024-01-21
14093,1187.23,Card,2024-02-21
640,764.32,Card,2024-02-03
9988,751.97,NetBanking,2024-01-19
17928,1179.18,Wallet,2024-01-07
2894,154.62,UPI,2024-02-15
14567,321.57,Wallet,2024-02-25
4116,1786.41,NetBanking,2024-01-20
11079,922.25,NetBanking,2024-01-22
8263,831.53,NetBanking,2024-02-22
743,858.04,UPI,2024-01-30
11796,111.39,Card,2024-02-02
18715,1921.12,NetBanking,2024-01-09
1700,238.32,Wallet,2024-02-26
12985,1007.74,NetBanking,2024-01-01
4273,426.78,UPI,2024-01-24
5668,1973.33,Wallet,2024-02-23
7000,843.93,Card,2024-02-16
18610,636.29,Card,2024-02-13
13992,611.84,UPI,2024-02-04
13257,820.38,Wallet,2024-02-11
18659,1737.66,Wallet,2024-02-16
597,1073.99,Wallet,2024-02-22
10882,1756.34,Wallet,2024-02-20
8296,1180.18,Wallet,2024-01-04
13637,229.1,Card,2024-01-16
4135,623.37,Wallet,2024-02-19
9026,339.98,Card,2024-01-02
18517,492.98,UPI,2024-01-30
13348,1720.42,Wallet,2024-01-28
19543,1464.74,NetBanking,2024-01-01
11352,282.01,NetBanking,2024-01-24
16433,1303.19,Card,2024-02-23
3601,1640.85,UPI,2024-01-18
1485,1752.39,NetBanking,2024-01-26
13028,730.09,NetBanking,2024-01-26
18318,271.86,UPI,2024-01-01
13049,852.18,Card,2024-01-27
17070,1351.94,UPI,2024-02-05
7142,915.79,UPI,2024-02-20
13259,739.46,NetBanking,2024-01-03
4384,1539.71,Wallet,2024-02-04
14266,1412.33,UPI,2024-02-16
7322,546.56,UPI,2024-01-20
16495,1726.88,Card,2024-01-16
3913,563.07,Card,2024-02-12
10663,531.95,NetBanking,2024-02-20
9464,451.25,Card,2024-01-10
6966,1315.14,Card,2024-01-31
14649,1584.2,Card,2024-01-21
6087,618.77,Wallet,2024-02-10
2999,228.4,UPI,2024-01-17
10785,1183.92,Wallet,2024-02-04
18832,528.46,Wallet,2024-01-29
601,1380.64,NetBanking,2024-02-25
18381,445.72,Wallet,2024-01-24
2328,1509.22,NetBanking,2024-02-28
16152,718.98,Card,2024-01-28
19763,1194.04,UPI,2024-02-06
1945,1988.16,Wallet,2024-01-19
11351,1989.99,UPI,2024-01-03
11514,1285.38,Card,2024-01-08
18147,1718.74,NetBanking,2024-01-09
1459,1292.05,Wallet,2024-02-01
2235,609.06,UPI,2024-01-05
6554,314.01,NetBanking,2024-01-05
2601,947.3,Wallet,2024-01-14
4480,153.18,Wallet,2024-01-12
559,337.6,Card,2024-02-14
1366,829.77,Card,2024-02-04
14359,592.41,UPI,2024-02-15
12193,1219.73,UPI,2024-02-17
1094,1008.49,UPI,2024-02-03
6719,1842.86,Card,2024-02-19
15317,620.52,Wallet,2024-01-10
9655,1853.87,Card,2024-01-13
14142,1905.73,UPI,2024-02-12
17257,1473.2,Wallet,2024-02-25
9449,761.29,NetBanking,2024-02-21
519,435.39,Wallet,2024-01-19
2033,807.5,Card,2024-01-01
10105,898.4,Wallet,2024-01-11
5288,716.47,Wallet,2024-01-11
6942,1406.84,UPI,2024-02-13
18576,402.25,NetBanking,2024-02-24
14964,1625.5,UPI,2024-01-20
16737,1306.8,NetBanking,2024-01-07
8316,1216.27,Wallet,2024-01-15
15438,1170.8,Wallet,2024-02-18
4421,119.98,NetBanking,2024-02-01
8312,140.81,Wallet,2024-01-06
10486,758.76,NetBanking,2024-02-28
5395,1645.29,UPI,2024-01-18
6754,901.17,NetBanking,2024-01-24
17081,1855.06,UPI,2024-01-05
3333,200.88,Card,2024-01-02
14836,451.96,Card,2024-02-29
12995,797.45,NetBanking,2024-02-26
13026,1673.8,UPI,2024-02-18
5863,943.77,Card,2024-01-13
3501,885.19,Card,2024-02-26
11849,1972.06,NetBanking,2024-01-24
14373,1364.6,Wallet,2024-01-31
11045,428.93,Wallet,2024-02-29
10176,1997.17,UPI,2024-02-21
9083,1419.52,NetBanking,2024-02-04
2112,1425.95,Wallet,2024-01-31
17184,1405.35,Wallet,2024-02-26
16061,1819.96,NetBanking,2024-01-13
15875,893.55,Card,2024-01-21
18255,1150.34,Card,2024-02-28
14683,1649.43,Card,2024-02-04
18781,1301.07,UPI,2024-02-18
17360,1870.71,UPI,2024-01-27
17014,1000.29,Card,2024-01-25
13466,155.03,Card,2024-01-09
3515,1446.03,Wallet,2024-01-29
13959,460.57,NetBanking,2024-02-09
13236,902.45,NetBanking,2024-01-09
12222,940.59,NetBanking,2024-01-02
13418,1327.96,UPI,2024-02-07
2011,533.7,NetBanking,2024-02-02
3387,941.54,Wallet,2024-02-09
980,1032.17,Wallet,2024-02-22
197,1816.96,Wallet,2024-02-29
13915,1462.64,Card,2024-02-13
15158,116.3,Wallet,2024-02-23
1352,1194.4,UPI,2024-01-05
3393,188.39,Wallet,2024-02-29
17444,494.44,Wallet,2024-01-28
10502,1553.17,UPI,2024-01-19
3364,943.84,NetBanking,2024-01-23
8828,458.31,Wallet,2024-02-13
8450,410.97,Card,2024-01-21
10386,1015.87,Card,2024-01-21
19296,626.32,Card,2024-01-19
3336,773.25,Card,2024-01-29
19183,1934.75,Card,2024-01-19
18821,1865.03,UPI,2024-01-13
9155,138.59,Wallet,2024-02-02
6559,1569.36,Card,2024-02-10
6236,1668.31,Card,2024-02-28
8272,932.1,NetBanking,2024-01-22
7236,1227.49,NetBanking,2024-01-04
18398,1523.51,NetBanking,2024-01-07
5913,1322.21,NetBanking,2024-01-20
10408,1736.36,NetBanking,2024-01-20
15610,1957.11,UPI,2024-01-06
9054,126.27,Wallet,2024-02-29
17463,854.56,UPI,2024-01-07
315,1345.71,Card,2024-02-24
5265,1472.77,UPI,2024-01-12
15798,405.77,NetBanking,2024-01-04
19017,1725.75,UPI,2024-02-15
10303,1548.23,UPI,2024-01-03
17124,1384.48,Wallet,2024-02-28
2934,1824.03,Card,2024-01-19
2068,823.45,Card,2024-02-11
10115,1727.69,UPI,2024-01-06
15783,1619.62,NetBanking,2024-01-08
2764,1591.99,Wallet,2024-01-26
16646,803.45,Wallet,2024-02-20
11668,1443.49,NetBanking,2024-02-28
4681,256.26,NetBanking,2024-01-04
80,320.12,NetBanking,2024-01-02
1674,1987.59,Wallet,2024-02-06
18870,1801.75,UPI,2024-01-14
13989,1177.4,Wallet,2024-01-14
14742,1189.7,Card,2024-01-07
17250,1926.55,Card,2024-02-21
14189,928.71,Card,2024-01-15
381,1074.57,NetBanking,2024-01-15
8751,818.08,UPI,2024-02-09
7190,205.27,Wallet,2024-02-21
13985,670.89,UPI,2024-02-19
6005,1641.9,UPI,2024-02-22
9566,730.74,Wallet,2024-01-18
5733,582.54,UPI,2024-01-26
12061,1251.45,UPI,2024-02-24
19684,1439.87,Wallet,2024-02-23
16464,1749.21,UPI,2024-02-25
6796,548.59,UPI,2024-01-20
15416,414.26,Wallet,2024-01-14
1808,1837.44,Card,2024-02-15
16892,285.44,NetBanking,2024-02-01
2807,336.1,NetBanking,2024-01-04
14637,1143.38,UPI,2024-01-24
12217,914.47,Card,2024-02-09
17363,1271.95,UPI,2024-02-04
572,1818.92,Wallet,2024-01-29
349,498.36,NetBanking,2024-01-12
9708,317.97,Card,2024-01-31
17575,489.66,UPI,2024-01-21
11584,1842.51,Card,2024-02-20
1119,981.13,Wallet,2024-02-09
5851,1870.38,Card,2024-01-24
12588,638.78,UPI,2024-01-10
6740,2098.23,UPI,2024-02-29
9953,1900.59,UPI,2024-01-12
12280,846.74,Wallet,2024-01-25
16430,433.57,UPI,2024-01-15
2776,953.6,NetBanking,2024-01-18
6852,277.67,UPI,2024-03-01
3299,441.65,UPI,2024-01-13
6749,129.87,UPI,2024-02-25
19351,1291.22,NetBanking,2024-02-26
19180,1233.04,NetBanking,2024-02-19
14570,172.5,NetBanking,2024-01-01
3650,1637.53,NetBanking,2024-02-24
19776,508.07,Card,2024-01-03
5811,653.61,Wallet,2024-02-22
7823,218.34,UPI,2024-01-08
7069,175.27,Card,2024-02-24
15690,1350.58,Wallet,2024-02-05
16542,304.0,Wallet,2024-02-09
18721,753.36,Card,2024-02-03
4657,1196.92,UPI,2024-02-23
6871,1662.79,NetBanking,2024-02-25
15009,565.22,Card,2024-02-15
3206,1313.33,NetBanking,2024-02-12
3293,391.1,Wallet,2024-01-24
13905,1092.5,Wallet,2024-02-22
11734,633.96,Card,2024-01-30
13496,1524.28,UPI,2024-02-06
6706,888.23,Card,2024-02-03
713,1841.32,Card,2024-02-04
503,787.26,Wallet,2024-02-22
3574,1453.5,Card,2024-02-25
5240,1015.68,UPI,2024-02-27
192,607.04,UPI,2024-01-24
3852,739.33,Wallet,2024-01-14
13040,1452.65,UPI,2024-01-08
19814,1045.81,Card,2024-02-10
5232,658.47,Card,2024-01-27
17867,1944.63,UPI,2024-02-23
4275,1540.99,NetBanking,2024-02-04
19597,1622.03,UPI,2024-02-26
15988,1839.16,Card,2024-02-05
18177,513.24,NetBanking,2024-01-16
6396,1046.75,Wallet,2024-01-13
8927,1404.07,Card,2024-01-10
12545,323.07,NetBanking,2024-01-09
11555,595.52,Card,2024-01-24
2784,872.48,UPI,2024-01-25
15234,604.32,Card,2024-02-12
7481,937.14,Wallet,2024-02-20
2592,1330.77,UPI,2024-02-05
3917,201.51,Wallet,2024-01-09
11985,1175.67,Wallet,2024-02-11
11216,459.82,UPI,2024-01-09
195,886.92,Wallet,2024-01-10
5754,1997.07,Wallet,2024-01-27
2930,506.42,NetBanking,2024-02-17
832,644.25,Wallet,2024-02-25
19171,1762.32,NetBanking,2024-01-28
1026,671.63,Card,2024-01-15
8383,940.0,NetBanking,2024-01-01
12067,1073.45,UPI,2024-02-15
18105,119.05,Card,2024-02-10
2696,772.83,Card,2024-02-01
16177,1149.84,UPI,2024-01-22
12777,1127.66,Card,2024-03-01
14394,1441.25,Wallet,2024-02-06
15725,798.76,Card,2024-01-27
13759,1310.18,NetBanking,2024-02-06
15132,339.81,UPI,2024-01-06
4013,153.42,Wallet,2024-01-29
3636,493.03,Wallet,2024-02-07
5562,163.57,Card,2024-02-05
16932,1949.39,UPI,2024-02-03
440,1648.0,Wallet,2024-02-02
6983,982.08,Card,2024-02-11
18004,1288.29,UPI,2024-01-29
5902,745.6,Card,2024-01-11
14269,469.18,Card,2024-02-10
10876,1778.28,Card,2024-02-19
5378,1018.49,Wallet,2024-02-06
16287,1609.66,Card,2024-02-06
14027,734.77,Wallet,2024-02-22
15856,836.12,UPI,2024-02-18
1540,409.75,NetBanking,2024-02-07
16617,790.13,UPI,2024-01-02
10378,1155.35,NetBanking,2024-01-12
19066,1947.8,UPI,2024-01-11
18309,1251.05,NetBanking,2024-01-24
8267,1606.63,NetBanking,2024-02-15
10351,1939.54,UPI,2024-01-02
19403,922.38,Wallet,2024-03-01
4136,651.09,UPI,2024-02-26
13386,480.55,NetBanking,2024-01-13
6428,167.72,Wallet,2024-02-11
4506,675.51,NetBanking,2024-02-19
4926,1591.22,NetBanking,2024-02-06
9552,753.93,Wallet,2024-02-06
14877,934.23,Card,2024-02-27
8529,1943.73,Card,2024-01-08
2569,1563.46,Card,2024-02-03
19194,1681.48,NetBanking,2024-02-24
19346,1889.57,Wallet,2024-01-05
4098,908.76,NetBanking,2024-01-26
13457,189.64,UPI,2024-01-12
7718,97.39,UPI,2024-01-09
1051,951.05,Card,2024-02-29
9720,1378.89,Card,2024-02-02
17996,1030.08,UPI,2024-01-07
14105,508.19,UPI,2024-02-09
2858,185.31,UPI,2024-01-17
9753,1893.61,UPI,2024-01-12
4439,1020.3,Wallet,2024-02-23
2013,929.84,NetBanking,2024-02-21
12998,1125.5,UPI,2024-01-18
11810,112.44,Card,2024-01-30
19488,1807.73,Card,2024-02-18
4505,1191.47,NetBanking,2024-02-08
15183,1835.47,Card,2024-02-28
19001,1513.8,UPI,2024-01-22
3623,981.65,Wallet,2024-03-01
12530,1539.79,UPI,2024-02-11
14486,1034.36,Card,2024-01-03
13593,790.49,NetBanking,2024-01-27
17649,327.46,UPI,2024-01-16
7205,1290.91,UPI,2024-01-04
18762,1235.05,NetBanking,2024-02-16
15382,578.44,Wallet,2024-02-24
19129,1990.3,Card,2024-01-01
11624,253.05,UPI,2024-02-24
9398,421.9,UPI,2024-01-10
4014,1509.85,NetBanking,2024-02-02
7566,575.28,UPI,2024-02-04
2135,903.74,Wallet,2024-01-09
17663,1874.24,Wallet,2024-02-09
7025,1802.6,NetBanking,2024-01-22
19771,1540.32,NetBanking,2024-01-29
3320,1542.38,UPI,2024-02-14
16024,1972.89,Card,2024-01-12
8683,1937.66,Wallet,2024-01-17
18754,853.52,UPI,2024-01-13
9470,802.29,Wallet,2024-01-29
17948,304.85,Wallet,2024-01-24
3210,1794.1,Card,2024-02-17
11191,1944.49,Card,2024-01-07
6064,687.81,NetBanking,2024-02-07
13258,585.26,UPI,2024-01-25
15678,1790.91,Wallet,2024-01-14
9732,446.82,UPI,2024-01-06
1931,288.83,Wallet,2024-02-27
18976,1927.74,NetBanking,2024-01-15
15258,1670.58,NetBanking,2024-02-12
4644,956.97,UPI,2024-02-24
11111,419.07,Card,2024-01-04
15393,189.29,NetBanking,2024-01-23
19415,594.96,Card,2024-01-11
13538,134.8,UPI,2024-01-06
8689,1385.9,Card,2024-02-29
5663,383.65,UPI,2024-02-17
6237,1948.12,UPI,2024-01-05
564,816.72,Wallet,2024-01-19
14794,1188.24,NetBanking,2024-01-26
5565,1952.55,NetBanking,2024-02-21
41,1188.99,UPI,2024-02-19
5449,632.19,Wallet,2024-01-17
8767,1767.3,Wallet,2024-01-14
13875,1834.38,NetBanking,2024-01-04
11953,1679.02,Card,2024-01-29
1129,586.61,Wallet,2024-02-27
7757,301.34,Card,2024-01-05
18931,791.49,NetBanking,2024-01-25
11597,1957.99,UPI,2024-01-19
419,1976.87,NetBanking,2024-01-12
481,2128.5,NetBanking,2024-02-06
13345,1384.79,Card,2024-01-28
5135,928.63,Card,2024-01-13
616,1088.32,Card,2024-02-17
9924,1605.12,UPI,2024-02-29
1386,503.11,NetBanking,2024-01-12
7698,1952.94,UPI,2024-01-01
2627,276.4,Wallet,2024-02-02
714,1262.04,NetBanking,2024-01-13
11671,280.89,NetBanking,2024-02-09
3608,728.79,Wallet,2024-02-25
115,495.97,NetBanking,2024-01-31
16899,1150.45,NetBanking,2024-01-30
18723,103.01,Wallet,2024-02-19
18831,624.54,Card,2024-02-25
1844,324.05,Card,2024-01-04
15630,1014.38,NetBanking,2024-01-05
11789,378.64,Wallet,2024-02-17
2406,567.33,UPI,2024-02-01
808,1012.54,Wallet,2024-01-16
9841,1381.13,UPI,2024-03-01
2762,377.27,Card,2024-02-09
16763,1066.7,UPI,2024-02-27
3846,1377.89,Card,2024-02-05
13811,1751.35,NetBanking,2024-01-22
14087,743.2,Wallet,2024-02-13
15411,118.09,Wallet,2024-02-07
1542,1853.58,NetBanking,2024-02-22
6636,1477.44,NetBanking,2024-02-10
15760,140.65,NetBanking,2024-01-27
13076,1054.32,Card,2024-01-18
16584,1219.9,Wallet,2024-01-10
3471,1348.13,Card,2024-01-08
3202,1885.94,UPI,2024-01-17
3041,1621.84,UPI,2024-01-30
6501,137.62,Card,2024-02-11
17189,1912.51,Card,2024-01-10
9669,1519.63,UPI,2024-02-19
5328,1134.49,NetBanking,2024-01-03
5013,1126.6,UPI,2024-01-12
18316,939.74,NetBanking,2024-01-12
813,1681.54,NetBanking,2024-01-03
8933,190.0,Card,2024-02-28
9259,332.96,Wallet,2024-01-30
14168,776.21,NetBanking,2024-01-21
7585,1836.65,Wallet,2024-01-11
7294,1141.69,Wallet,2024-01-26
6533,1714.52,UPI,2024-02-26
7293,285.02,Card,2024-01-10
15157,188.81,UPI,2024-01-12
362,1944.96,UPI,2024-02-06
19756,1751.94,Card,2024-02-23
15557,1470.79,Card,2024-02-08
7037,169.41,Card,2024-01-28
14617,924.36,UPI,2024-01-30
16808,1203.74,NetBanking,2024-01-25
7997,1042.35,UPI,2024-01-07
16766,1936.65,Wallet,2024-01-19
2771,1967.48,NetBanking,2024-01-03
6787,1661.33,NetBanking,2024-01-28
5498,1650.05,UPI,2024-02-24
17850,858.45,Wallet,2024-01-23
16678,1337.69,Wallet,2024-01-31
16079,336.92,Card,2024-01-05
10993,581.21,NetBanking,2024-02-21
6327,1193.65,NetBanking,2024-02-24
9565,1832.48,NetBanking,2024-01-17
16613,397.14,Wallet,2024-02-08
7090,1602.82,Wallet,2024-02-24
2451,934.75,NetBanking,2024-02-02
11706,778.0,UPI,2024-01-03
10048,1787.42,UPI,2024-02-21
11439,1658.34,UPI,2024-01-08
1615,1848.33,UPI,2024-01-02
15358,330.54,UPI,2024-02-12
19512,1670.16,Card,2024-02-27
18687,1685.38,UPI,2024-01-17
7567,185.53,NetBanking,2024-01-28
761,1401.01,Wallet,2024-01-07
14235,182.43,Card,2024-01-22
16094,253.85,UPI,2024-02-06
14343,1786.1,Wallet,2024-02-08
4176,472.97,Card,2024-02-23
1146,1744.31,NetBanking,2024-02-22
12613,1024.58,UPI,2024-02-11
4337,231.53,Wallet,2024-02-15
8802,1451.6,Wallet,2024-02-23
13430,404.89,Wallet,2024-02-02
101,155.95,Card,2024-02-27
13918,549.47,UPI,2024-02-20
18547,1008.63,NetBanking,2024-02-21
642,1875.35,NetBanking,2024-02-14
19254,768.37,NetBanking,2024-01-15
1793,1625.05,UPI,2024-02-23
10214,888.25,UPI,2024-01-20
13703,278.97,UPI,2024-01-05
15068,109.31,NetBanking,2024-01-30
538,987.13,UPI,2024-01-18
19722,626.18,Wallet,2024-02-17
8936,1526.16,Card,2024-01-30
5222,1946.12,Card,2024-01-28
11520,814.75,Wallet,2024-01-24
18420,442.32,Wallet,2024-01-01
8039,1756.24,Wallet,2024-01-31
3342,1271.79,Card,2024-02-19
5010,611.82,NetBanking,2024-01-20
12865,1555.24,NetBanking,2024-01-01
17655,1679.62,NetBanking,2024-02-19
5616,1222.37,Wallet,2024-01-31
18358,1387.89,Wallet,2024-02-12
3381,1501.86,UPI,2024-02-11
6861,441.0,Wallet,2024-01-27
11766,1747.87,Wallet,2024-02-25
15829,966.4,UPI,2024-02-10
11250,420.8,NetBanking,2024-01-06
16933,1940.71,Card,2024-01-21
9534,546.63,Card,2024-01-19
18237,1157.14,Card,2024-02-03
5141,679.96,NetBanking,2024-01-17
17581,391.07,Wallet,2024-01-04
10623,1717.85,UPI,2024-01-24
12937,213.93,NetBanking,2024-01-04
1908,1170.07,UPI,2024-02-08
10540,1446.5,Wallet,2024-02-10
16878,1657.3,NetBanking,2024-01-14
19578,509.94,NetBanking,2024-02-08
14752,1408.69,UPI,2024-02-28
4837,215.76,Wallet,2024-02-16
16862,476.68,UPI,2024-02-11
15697,606.74,Wallet,2024-03-01
645,1953.58,NetBanking,2024-02-26
14871,191.48,Wallet,2024-01-21
13240,1236.39,UPI,2024-01-06
12186,211.89,UPI,2024-02-15
6644,1985.13,NetBanking,2024-02-26
6257,735.75,Card,2024-01-09
7911,951.68,Wallet,2024-02-17
17900,1247.79,NetBanking,2024-01-09
15076,120.8,NetBanking,2024-01-12
17320,1631.76,UPI,2024-03-01
14506,1882.24,NetBanking,2024-01-03
18123,945.92,Card,2024-01-09
18813,1534.2,UPI,2024-01-06
210,142.76,UPI,2024-02-08
96,1114.24,UPI,2024-02-04
10814,872.6,NetBanking,2024-02-25
945,1477.46,NetBanking,2024-01-06
2779,1211.98,NetBanking,2024-01-31
5858,930.73,Wallet,2024-02-29
568,1225.37,Wallet,2024-01-04
15439,1868.95,Card,2024-01-07
7557,127.71,Card,2024-02-20
11072,1150.49,NetBanking,2024-02-15
1627,650.49,NetBanking,2024-02-09
9786,403.61,NetBanking,2024-01-16
12341,1394.67,UPI,2024-02-24
10332,852.09,Wallet,2024-01-13
10742,266.17,Card,2024-02-29
1277,1335.19,Card,2024-02-11
13840,810.41,NetBanking,2024-01-21
6736,1547.52,Card,2024-01-11
12730,1374.49,Card,2024-02-19
417,868.54,Card,2024-02-05
2246,1320.41,Wallet,2024-02-07
5146,721.52,Wallet,2024-01-15
10293,686.47,Wallet,2024-02-21
7199,1823.99,NetBanking,2024-01-29
8177,1319.79,UPI,2024-02-06
13932,1667.1,UPI,2024-01-17
976,1719.65,UPI,2024-02-05
11512,1710.78,UPI,2024-01-02
13412,1924.46,NetBanking,2024-01-17
19377,1721.44,Wallet,2024-02-11
1267,1417.54,NetBanking,2024-01-24
4143,1515.82,Wallet,2024-01-14
8172,1917.02,UPI,2024-02-06
9623,1371.24,NetBanking,2024-02-27
19964,1529.38,Card,2024-02-23
1204,1639.51,UPI,2024-01-17
17435,125.49,Wallet,2024-01-11
7778,1761.0,NetBanking,2024-02-29
6691,987.87,Card,2024-01-25
11855,990.83,Wallet,2024-01-17
12370,1469.98,NetBanking,2024-01-05
15961,1579.29,Card,2024-02-11
4507,899.82,Wallet,2024-02-15
14987,923.4,UPI,2024-02-18
1141,385.96,Wallet,2024-01-24
16828,1170.8,Card,2024-02-11
6863,414.99,Wallet,2024-02-05
19097,1485.66,Card,2024-02-27
6995,509.1,NetBanking,2024-02-08
15298,1602.51,Wallet,2024-02-14
9116,1486.0,Wallet,2024-02-10
14493,762.09,UPI,2024-01-31
14874,1205.86,Wallet,2024-02-24
18622,1126.23,Wallet,2024-01-06
1233,1418.13,Card,2024-02-16
8647,1775.65,Card,2024-01-12
15430,1365.77,Wallet,2024-01-10
15213,1775.05,Wallet,2024-01-07
19741,464.35,Wallet,2024-01-13
10980,686.39,Wallet,2024-02-03
18673,988.97,Wallet,2024-02-07
2345,446.55,NetBanking,2024-01-23
8415,1287.03,NetBanking,2024-02-03
11517,1422.09,UPI,2024-02-17
15187,1223.69,UPI,2024-01-10
14943,985.27,Card,2024-02-12
10686,1336.63,NetBanking,2024-01-05
2182,1885.71,UPI,2024-02-28
1905,382.65,Card,2024-02-19
19054,969.64,Card,2024-02-15
16215,1826.76,Card,2024-02-09
532,1142.29,UPI,2024-02-10
18978,612.35,Wallet,2024-01-06
2791,1640.71,Card,2024-02-01
19029,1125.76,Card,2024-02-19
18360,634.9,Card,2024-01-02
5607,1596.13,Card,2024-01-31
15641,909.83,Wallet,2024-02-19
12079,1539.33,UPI,2024-01-24
13476,700.36,UPI,2024-02-11
13323,701.43,NetBanking,2024-02-10
7494,254.59,NetBanking,2024-02-07
10035,244.64,NetBanking,2024-01-19
1824,1369.87,Card,2024-01-06
17067,1666.01,UPI,2024-02-14
8622,215.33,NetBanking,2024-01-18
6693,1726.57,NetBanking,2024-01-23
3545,113.17,Card,2024-01-03
18324,1659.56,Wallet,2024-02-12
13995,424.76,Wallet,2024-02-21
5025,1631.71,UPI,2024-01-28
9888,375.74,NetBanking,2024-02-09
6546,1989.96,UPI,2024-02-18
933,1209.62,NetBanking,2024-01-18
2265,1137.7,UPI,2024-01-30
2661,1487.91,UPI,2024-02-02
5990,847.94,Wallet,2024-02-18
6274,1681.84,Wallet,2024-02-04
19941,107.82,UPI,2024-01-17
10515,308.43,Wallet,2024-01-18
12328,241.61,Card,2024-02-17
679,1360.62,Card,2024-02-24
15908,1044.04,Card,2024-01-22
1092,224.97,UPI,2024-02-29
16873,669.39,UPI,2024-01-03
3906,549.78,NetBanking,2024-02-14
940,1376.77,UPI,2024-02-24
14734,762.11,NetBanking,2024-01-10
16086,1580.56,UPI,2024-01-11
1815,504.73,Wallet,2024-01-06
14001,1444.14,Card,2024-01-27
10835,1209.5,Card,2024-01-27
9025,1158.67,Wallet,2024-01-25
5059,745.71,Card,2024-02-10
19150,140.37,NetBanking,2024-02-19
14916,239.32,UPI,2024-02-04
11457,1518.74,Wallet,2024-01-26
7779,680.28,UPI,2024-01-08
3312,234.55,NetBanking,2024-02-20
7970,1216.68,Wallet,2024-01-11
8502,1477.31,Card,2024-02-10
76,1014.14,NetBanking,2024-02-19
13421,879.81,Card,2024-01-23
1154,1484.15,NetBanking,2024-02-06
18223,1869.37,UPI,2024-01-14
10547,808.59,NetBanking,2024-01-02
4224,1702.33,Wallet,2024-01-20
4801,807.15,Card,2024-02-09
9080,737.48,UPI,2024-02-07
19189,1826.51,NetBanking,2024-01-17
6305,1612.28,NetBanking,2024-01-15
18980,1816.83,NetBanking,2024-01-13
4145,1796.6,Wallet,2024-02-13
15171,986.76,Wallet,2024-01-22
12804,846.17,Wallet,2024-02-19
19354,1766.26,Wallet,2024-01-13
16592,1691.58,UPI,2024-02-01
4365,866.36,Wallet,2024-02-02
4284,859.45,Card,2024-02-15
13165,659.1,Wallet,2024-02-01
8571,1888.44,Wallet,2024-02-02
8596,1172.16,Wallet,2024-01-09
15337,1244.64,NetBanking,2024-02-29
13001,1140.14,Card,2024-02-12
17057,1528.61,UPI,2024-01-18
270,611.05,Wallet,2024-02-12
13976,1585.18,UPI,2024-01-14
10456,1048.99,NetBanking,2024-01-18
9396,175.0,UPI,2024-02-06
5344,860.85,Card,2024-01-18
7506,257.5,Card,2024-02-22
5736,1834.6,Card,2024-01-19
8132,1652.23,Card,2024-02-27
107,1463.87,NetBanking,2024-02-10
15996,256.04,Card,2024-01-18
7328,591.44,NetBanking,2024-01-10
18359,315.96,Card,2024-01-28
6393,1699.34,NetBanking,2024-03-01
1688,251.48,NetBanking,2024-01-06
4669,459.6,NetBanking,2024-01-08
7206,326.44,Card,2024-02-18
10254,392.44,Wallet,2024-02-05
14238,1985.71,Card,2024-02-24
19067,320.06,NetBanking,2024-01-18
2111,1068.0,Wallet,2024-01-21
10347,1421.38,NetBanking,2024-02-22
16699,1943.21,Card,2024-01-21
11813,456.69,UPI,2024-01-26
10309,1316.31,NetBanking,2024-01-27
3158,902.8,Wallet,2024-01-17
15096,257.0,Card,2024-01-03
17836,620.11,UPI,2024-01-28
4199,882.26,UPI,2024-01-04
10365,1954.34,Wallet,2024-02-16
17647,1125.22,NetBanking,2024-01-07
8993,1846.17,NetBanking,2024-01-17
6024,1226.48,Wallet,2024-02-29
16459,605.67,Wallet,2024-01-10
4215,238.64,NetBanking,2024-01-03
1017,1521.61,NetBanking,2024-01-21
12750,1074.13,Wallet,2024-01-07
14278,659.27,Wallet,2024-01-26
10654,1366.21,NetBanking,2024-01-02
4788,1626.49,UPI,2024-01-03
14401,207.87,Wallet,2024-01-23
3724,434.86,Card,2024-02-02
13965,1628.85,UPI,2024-02-27
9428,1190.22,Card,2024-02-06
6821,261.46,NetBanking,2024-02-22
8922,421.95,Card,2024-02-02
12139,593.81,Wallet,2024-02-05
9032,526.21,UPI,2024-02-08
367,1234.48,Card,2024-02-01
8063,1993.59,Card,2024-02-22
2665,1495.2,UPI,2024-02-13
12600,1371.81,NetBanking,2024-01-02
6322,1472.56,NetBanking,2024-02-15
18128,335.77,Card,2024-02-09
18189,1377.54,UPI,2024-02-03
5098,1669.31,Card,2024-02-20
17669,1696.67,Wallet,2024-02-12
9368,439.97,Wallet,2024-02-12
19780,1166.07,UPI,2024-01-19
9643,1413.61,UPI,2024-01-21
9321,1071.79,Wallet,2024-01-24
6872,299.61,NetBanking,2024-02-05
6009,1630.49,Wallet,2024-01-04
16902,1196.44,UPI,2024-01-25
9306,166.07,NetBanking,2024-01-30
2241,1248.43,UPI,2024-01-20
1168,1404.59,Card,2024-02-10
13190,1543.02,UPI,2024-02-04
11900,455.51,NetBanking,2024-03-01
14531,1669.37,Card,2024-02-12
14291,553.63,NetBanking,2024-01-06
3765,1167.75,UPI,2024-01-03
12316,821.66,Card,2024-01-15
7247,1948.4,Card,2024-01-06
8145,980.36,Card,2024-01-28
1199,1774.17,UPI,2024-02-29
15410,475.88,UPI,2024-02-14
15640,153.8,Card,2024-02-04
14471,1070.49,Card,2024-01-09
6597,245.99,Card,2024-01-17
17922,703.61,UPI,2024-01-22
18681,850.96,Wallet,2024-01-09
15026,380.73,UPI,2024-02-12
5842,640.68,Wallet,2024-01-12
515,1707.04,NetBanking,2024-01-07
5151,1790.83,UPI,2024-03-01
15061,233.11,NetBanking,2024-02-24
6892,1442.87,UPI,2024-01-31
17108,1614.49,Card,2024-02-25
10004,213.28,UPI,2024-02-03
14984,423.48,Card,2024-01-15
11811,1014.38,UPI,2024-02-27
15280,312.0,NetBanking,2024-01-06
2163,431.67,UPI,2024-02-28
14578,942.74,NetBanking,2024-01-12
8441,653.4,NetBanking,2024-01-15
13542,1087.95,Card,2024-02-08
526,1521.74,UPI,2024-01-06
5744,1924.09,Card,2024-01-03
3367,1207.39,UPI,2024-01-14
6622,1757.8,Card,2024-01-22
11504,1913.07,UPI,2024-02-19
4366,1906.04,UPI,2024-02-10
3798,1019.03,Wallet,2024-03-01
16338,851.17,Card,2024-01-23
8946,1811.98,Wallet,2024-02-14
19293,492.56,Card,2024-01-23
9918,700.52,NetBanking,2024-02-15
19119,1809.31,UPI,2024-02-23
2317,175.28,NetBanking,2024-02-25
13101,1579.88,Wallet,2024-02-25
4434,1647.47,UPI,2024-02-10
4689,1107.08,Wallet,2024-02-17
17567,932.95,NetBanking,2024-02-13
13118,189.04,Wallet,2024-01-16
9276,1284.5,Wallet,2024-02-20
5926,1945.07,Wallet,2024-01-17
4545,909.16,Card,2024-01-17
9938,1520.94,Card,2024-01-07
2079,813.69,UPI,2024-02-13
10094,1361.56,Wallet,2024-02-26
5187,1026.35,Card,2024-02-29
6369,1615.91,UPI,2024-02-05
16190,1303.01,NetBanking,2024-02-14
9267,1369.65,NetBanking,2024-02-08
4456,225.39,NetBanking,2024-02-28
16571,1823.0,NetBanking,2024-02-05
10877,1353.57,UPI,2024-01-01
13616,1636.82,Card,2024-01-08
19625,850.78,Card,2024-01-16
927,1130.92,Card,2024-01-11
3780,760.76,NetBanking,2024-02-25
19188,317.98,UPI,2024-01-08
19511,521.95,Wallet,2024-02-09
16395,523.06,UPI,2024-02-12
2874,696.72,NetBanking,2024-01-24
9459,1237.29,NetBanking,2024-01-18
10504,689.18,Card,2024-02-12
14597,1217.87,Wallet,2024-01-12
15647,242.13,NetBanking,2024-02-04
16040,932.95,Card,2024-02-26
9038,1741.4,Wallet,2024-02-13
15118,1848.3,NetBanking,2024-02-29
3183,701.02,Card,2024-01-25
6447,828.37,Wallet,2024-01-02
16639,571.47,Card,2024-02-07
2973,180.82,Card,2024-01-01
18027,1816.78,NetBanking,2024-03-01
9293,819.71,Card,2024-01-05
6656,1534.88,Wallet,2024-01-15
18250,1472.61,UPI,2024-02-02
9770,1121.54,NetBanking,2024-01-22
14454,665.78,NetBanking,2024-01-15
3942,609.42,Card,2024-01-29
14090,1440.18,UPI,2024-02-29
18948,1673.62,UPI,2024-02-22
12727,224.42,UPI,2024-01-05
19755,1598.88,Card,2024-02-18
3970,1593.26,Wallet,2024-02-22
5252,1974.1,Card,2024-01-06
13772,626.77,UPI,2024-01-13
12573,1271.6,Card,2024-01-16
3236,594.14,NetBanking,2024-02-18
2634,1997.24,UPI,2024-01-07
6549,856.91,UPI,2024-01-16
17757,950.02,Card,2024-01-20
8714,1386.06,UPI,2024-02-22
1283,1130.28,UPI,2024-01-29
14621,1173.3,Wallet,2024-02-04
8442,836.7,Card,2024-02-14
18502,387.36,Card,2024-02-24
7947,1431.46,NetBanking,2024-01-04
14162,1790.15,UPI,2024-01-27
4457,1575.62,Card,2024-02-16
17824,1927.6,NetBanking,2024-01-16
15146,528.69,Card,2024-01-18
10776,853.67,UPI,2024-02-20
12291,1429.46,Wallet,2024-02-06
12399,1889.17,Card,2024-02-13
13823,1774.97,NetBanking,2024-02-20
10283,1137.52,NetBanking,2024-02-11
11911,1706.35,Card,2024-01-31
4241,1390.15,Card,2024-02-22
6725,1006.04,Card,2024-02-10
2229,271.95,Card,2024-03-01
15573,1398.91,Card,2024-02-11
19957,1645.0,NetBanking,2024-02-26
8281,391.35,NetBanking,2024-01-29
6378,1283.29,Card,2024-01-17
4696,1354.73,NetBanking,2024-02-16
11824,189.02,Wallet,2024-01-06
16169,1180.34,Card,2024-01-21
8761,259.42,UPI,2024-02-02
3892,850.49,UPI,2024-01-15
16612,1400.75,NetBanking,2024-02-10
9675,1032.04,Card,2024-02-26
14021,1263.26,Wallet,2024-01-09
9146,279.73,Wallet,2024-01-31
1230,1664.22,Card,2024-02-27
6722,1700.53,Wallet,2024-02-11
10886,285.55,NetBanking,2024-01-18
4141,390.83,NetBanking,2024-01-04
9439,1594.69,NetBanking,2024-02-29
5962,1106.48,Wallet,2024-02-16
13431,355.88,Card,2024-02-17
19691,1680.64,UPI,2024-02-02
4792,801.97,Wallet,2024-01-24
9997,1271.65,Card,2024-02-24
19009,1830.07,Card,2024-02-02
5014,375.93,Card,2024-01-08
17991,591.09,Wallet,2024-01-19
7125,487.09,NetBanking,2024-03-01
11047,1963.72,NetBanking,2024-01-01
9408,1617.09,Wallet,2024-02-18
14672,1619.0,Wallet,2024-01-08
15297,1585.19,UPI,2024-02-11
12251,1004.37,Wallet,2024-02-18
6312,1229.52,Wallet,2024-02-03
906,1806.18,UPI,2024-02-18
9088,1968.92,Card,2024-02-29
16116,679.85,UPI,2024-01-25
14220,1890.57,Wallet,2024-01-03
17438,1277.82,Card,2024-02-19
547,608.62,UPI,2024-01-31
4520,156.83,Card,2024-02-28
18811,1979.4,NetBanking,2024-02-26
9272,1663.91,NetBanking,2024-01-06
5918,525.02,Card,2024-02-12
13433,438.98,UPI,2024-01-03
7323,1590.99,UPI,2024-02-28
12284,1476.25,NetBanking,2024-01-01
8401,953.64,NetBanking,2024-01-21
12256,561.15,Card,2024-02-02
12638,1331.13,NetBanking,2024-02-19
6730,213.51,Card,2024-02-25
18228,735.79,NetBanking,2024-01-28
4797,1455.81,UPI,2024-02-14
19696,1074.97,Card,2024-01-20
3400,1863.79,NetBanking,2024-01-06
11783,727.69,Card,2024-02-06
12373,695.81,NetBanking,2024-02-04
8881,232.14,Card,2024-02-24
2743,921.26,NetBanking,2024-02-15
1853,1086.27,NetBanking,2024-01-15
19284,412.66,Wallet,2024-01-16
13631,1603.65,Card,2024-02-05
3808,240.12,Card,2024-01-21
1653,997.38,UPI,2024-01-13
10093,1535.68,Card,2024-02-19
18959,1996.41,NetBanking,2024-02-23
16931,1980.37,Wallet,2024-01-20
8137,1721.33,UPI,2024-01-08
12714,260.69,Card,2024-01-23
16005,1870.86,Wallet,2024-02-06
18812,574.36,Wallet,2024-01-28
19729,1861.07,Wallet,2024-02-10
16333,1497.45,Card,2024-02-06
1299,1552.37,NetBanking,2024-01-11
2492,1278.34,Card,2024-02-20
10917,976.01,NetBanking,2024-02-16
8753,351.07,Wallet,2024-03-01
6152,734.31,UPI,2024-02-07
19248,164.4,Wallet,2024-02-21
9555,585.94,UPI,2024-02-23
6343,1112.66,Card,2024-02-28
718,1922.94,Wallet,2024-02-06
4313,1182.6,Card,2024-02-21
860,1408.42,Card,2024-02-12
8500,1951.46,Wallet,2024-01-14
5760,1964.7,NetBanking,2024-02-25
12276,1949.73,Wallet,2024-02-27
15764,522.82,UPI,2024-01-09
19617,1077.46,NetBanking,2024-01-27
14889,854.72,Card,2024-01-15
10593,1991.68,UPI,2024-02-27
8308,1399.85,Card,2024-01-15
6056,1337.8,Card,2024-02-14
9561,1455.81,UPI,2024-02-29
5171,1547.03,Wallet,2024-02-06
16484,1646.94,Card,2024-02-26
7855,1635.21,Card,2024-02-12
6826,895.61,UPI,2024-02-08
8434,1912.54,UPI,2024-02-16
3940,1085.97,Card,2024-01-02
7244,194.53,Card,2024-02-25
18026,1505.95,Card,2024-02-26
4494,631.0,UPI,2024-01-13
12958,1861.68,NetBanking,2024-02-29
4803,1265.46,Card,2024-01-01
1184,1913.12,Wallet,2024-01-20
19072,888.23,Wallet,2024-02-17
14242,681.88,Card,2024-02-23
203,1014.34,UPI,2024-01-20
5885,341.34,UPI,2024-02-21
5397,1210.15,Wallet,2024-01-05
19497,648.08,NetBanking,2024-02-29
3225,665.65,UPI,2024-01-24
12235,1723.45,NetBanking,2024-02-20
16711,1395.48,NetBanking,2024-02-01
2391,1600.51,NetBanking,2024-01-17
1500,490.77,UPI,2024-02-11
5847,1044.05,Card,2024-02-29
6551,784.42,Wallet,2024-02-23
11845,885.6,NetBanking,2024-02-21
10265,724.8,Wallet,2024-02-08
4022,1449.68,UPI,2024-02-26
5164,381.91,NetBanking,2024-02-22
10612,487.87,Card,2024-02-28
17699,121.5,Wallet,2024-01-27
19573,908.02,Wallet,2024-02-01
12838,1309.86,NetBanking,2024-01-04
19731,905.29,UPI,2024-02-04
10292,1583.8,Wallet,2024-01-15
1248,907.55,Card,2024-01-01
17660,1701.0,Wallet,2024-02-03
2682,271.43,NetBanking,2024-02-10
299,1751.84,Card,2024-01-29
11896,1826.03,Card,2024-02-23
651,989.52,Card,2024-02-23
15692,1656.46,UPI,2024-02-06
5219,1288.71,NetBanking,2024-02-22
11342,1212.5,NetBanking,2024-01-05
14002,1928.21,Wallet,2024-01-13
13465,1224.96,Wallet,2024-02-12
13063,1629.34,Card,2024-01-29
10435,586.7,Wallet,2024-01-16
5304,685.73,UPI,2024-01-15
1186,2121.01,Card,2024-01-23
2183,1557.8,Wallet,2024-01-28
1218,898.77,Card,2024-01-01
8532,1893.11,NetBanking,2024-02-15
14838,818.15,Wallet,2024-02-04
1496,1558.89,UPI,2024-02-24
7776,2169.45,NetBanking,2024-01-22
15567,1849.88,NetBanking,2024-02-21
1997,1331.38,Wallet,2024-02-19
2646,896.01,UPI,2024-02-09
3346,261.71,NetBanking,2024-01-06
8543,687.26,Wallet,2024-02-29
9091,153.06,Card,2024-01-20
10044,1569.81,Wallet,2024-01-12
17484,237.79,Card,2024-02-28
14525,858.2,Wallet,2024-01-07
7243,1051.61,NetBanking,2024-01-20
19262,727.4,NetBanking,2024-02-12
18564,266.1,Card,2024-02-26
11353,1893.83,Wallet,2024-02-08
19662,425.03,UPI,2024-01-10
9256,1806.74,Wallet,2024-02-19
9261,110.17,Card,2024-02-20
11592,1762.95,Wallet,2024-01-21
1812,1272.94,UPI,2024-02-17
15810,1105.05,Wallet,2024-02-18
15753,341.28,Wallet,2024-01-25
10799,1130.66,UPI,2024-02-26
15403,1776.15,Card,2024-01-10
1523,1480.37,Card,2024-02-07
5133,218.1,Wallet,2024-01-20
12579,1523.65,Wallet,2024-02-07
7067,1297.86,UPI,2024-02-20
11370,1703.57,Wallet,2024-01-30
9801,796.01,Wallet,2024-03-01
12542,536.64,UPI,2024-01-02
216,2366.52,Wallet,2024-01-09
9929,195.03,Card,2024-02-07
11653,1139.63,Wallet,2024-01-03
12202,1212.79,Card,2024-02-20
19102,917.72,UPI,2024-01-12
18527,1221.86,UPI,2024-01-18
12510,1486.32,Card,2024-02-06
12473,1132.99,UPI,2024-02-15
348,1988.6,Card,2024-01-10
7022,914.08,Card,2024-02-18
17588,255.47,Wallet,2024-02-20
683,1728.57,UPI,2024-01-16
4677,924.81,NetBanking,2024-02-26
4465,1669.79,NetBanking,2024-02-05
11650,1836.04,NetBanking,2024-02-11
13667,132.41,Card,2024-01-11
4160,476.92,Card,2024-01-29
7650,788.94,Card,2024-02-17
18628,167.65,Wallet,2024-01-31
19858,1617.99,UPI,2024-01-03
7449,321.6,UPI,2024-02-18
7861,1677.51,UPI,2024-02-19
12790,801.34,Wallet,2024-01-21
17731,1055.18,NetBanking,2024-01-08
1718,1961.67,NetBanking,2024-03-01
14492,284.92,UPI,2024-02-27
2859,1204.9,UPI,2024-02-27
15247,1486.53,Wallet,2024-02-19
11140,823.7,NetBanking,2024-01-17
14723,729.97,Wallet,2024-02-28
15055,277.99,Card,2024-01-05
1766,1388.55,Card,2024-02-10
17289,1570.85,UPI,2024-02-09
13723,168.73,UPI,2024-02-08
18271,853.57,Wallet,2024-02-29
10979,1072.16,Card,2024-01-22
17698,462.86,Wallet,2024-02-29
31,1389.94,UPI,2024-01-31
16407,499.91,UPI,2024-01-17
15982,931.35,NetBanking,2024-02-05
5267,1920.44,NetBanking,2024-01-19
10705,1441.74,NetBanking,2024-02-24
1665,778.44,UPI,2024-01-20
10222,716.48,Card,2024-02-29
11198,1500.84,Card,2024-02-11
7119,616.99,NetBanking,2024-01-01
4370,282.47,Card,2024-02-17
3394,697.35,NetBanking,2024-02-24
19566,1313.52,UPI,2024-01-27
2041,1979.97,Wallet,2024-02-17
5149,157.66,UPI,2024-02-27
18498,549.31,UPI,2024-02-01
16608,1172.61,Card,2024-01-07
861,739.98,Wallet,2024-03-01
17885,1686.09,UPI,2024-02-24
14218,362.41,Card,2024-01-04
9229,1360.11,Card,2024-01-01
17519,334.47,UPI,2024-02-03
13958,994.08,UPI,2024-01-09
5188,1336.05,UPI,2024-01-10
629,1852.46,UPI,2024-01-10
7304,951.35,NetBanking,2024-01-30
3834,190.52,Wallet,2024-03-01
3228,967.05,UPI,2024-01-30
18058,1809.44,NetBanking,2024-01-30
7561,607.4,UPI,2024-01-07
10743,1481.5,Wallet,2024-02-05
10539,882.31,NetBanking,2024-01-29
13647,1035.07,Wallet,2024-01-17
7850,1007.68,UPI,2024-02-12
365,412.1,Wallet,2024-01-17
14197,276.79,Wallet,2024-01-17
15011,1912.37,UPI,2024-02-23
17705,1653.4,Card,2024-01-31
5467,1804.62,Card,2024-02-24
2830,1189.47,NetBanking,2024-01-16
15478,1363.05,UPI,2024-01-18
2330,1436.28,Card,2024-02-04
5569,710.48,NetBanking,2024-01-13
16798,1230.57,UPI,2024-02-18
6904,121.77,Wallet,2024-01-15
11537,1036.52,Card,2024-01-21
2480,1126.81,Wallet,2024-01-01
3964,1986.86,UPI,2024-01-20
116,617.31,Card,2024-02-25
4952,1828.01,Card,2024-01-16
4920,1595.86,Wallet,2024-02-22
7885,1600.2,NetBanking,2024-01-03
5738,1063.11,Card,2024-01-23
2899,589.59,Wallet,2024-01-21
19305,295.45,NetBanking,2024-01-14
12966,230.78,UPI,2024-01-12
13639,588.51,Wallet,2024-02-03
14686,638.33,UPI,2024-01-03
10935,414.03,Card,2024-01-19
517,349.43,NetBanking,2024-01-18
13713,1842.17,Wallet,2024-01-13
12960,638.12,Card,2024-02-20
17740,1905.02,NetBanking,2024-01-28
16534,787.58,Wallet,2024-02-04
18340,615.06,Card,2024-01-29
7844,1060.92,Wallet,2024-01-24
13636,549.95,UPI,2024-02-15
8718,738.38,UPI,2024-02-04
9077,1245.92,UPI,2024-02-11
7518,750.24,Card,2024-01-26
6516,623.03,UPI,2024-01-03
12682,1145.71,Wallet,2024-01-08
17570,1127.86,Card,2024-01-15
8050,1304.99,NetBanking,2024-02-28
14212,1268.44,NetBanking,2024-02-19
13140,591.87,Card,2024-02-10
12920,871.82,Card,2024-02-17
8328,848.14,UPI,2024-01-24
2410,1740.87,NetBanking,2024-02-27
7006,117.36,Card,2024-01-01
11445,1418.9,NetBanking,2024-02-23
16666,1361.27,Wallet,2024-01-09
6623,345.17,UPI,2024-02-15
13693,1284.41,Wallet,2024-01-11
16525,1166.4,UPI,2024-02-06
4585,1581.01,UPI,2024-02-02
2989,1514.27,NetBanking,2024-02-22
11728,1114.35,NetBanking,2024-01-23
2362,116.54,NetBanking,2024-01-24
10147,618.81,Card,2024-02-23
8254,1016.35,Wallet,2024-01-31
2100,223.46,UPI,2024-03-01
9553,1391.85,NetBanking,2024-02-20
14738,1927.45,Wallet,2024-01-31
17090,1741.18,UPI,2024-01-17
12125,1050.78,Card,2024-02-24
12178,1557.74,UPI,2024-01-10
5850,1886.36,UPI,2024-02-17
14147,1633.46,Card,2024-03-01
6381,767.08,Card,2024-01-22
15872,696.59,Wallet,2024-02-05
6146,336.14,UPI,2024-02-01
19289,982.46,UPI,2024-02-20
9712,1162.72,Wallet,2024-01-27
14743,1358.24,Card,2024-02-01
2048,774.51,NetBanking,2024-02-15
6353,1386.02,Card,2024-02-10
13789,1798.1,UPI,2024-03-01
13691,1742.61,Card,2024-01-17
5698,1110.02,Card,2024-02-24
5209,950.27,NetBanking,2024-01-21
19144,820.36,NetBanking,2024-02-07
7787,963.27,UPI,2024-02-10
2870,1639.75,NetBanking,2024-01-05
11258,1284.45,NetBanking,2024-01-18
14187,1670.5,UPI,2024-01-19
9484,904.08,UPI,2024-01-15
569,247.63,NetBanking,2024-02-08
14656,345.34,Wallet,2024-01-22
10965,799.35,Card,2024-01-14
19845,1706.27,Wallet,2024-02-02
10190,277.02,Card,2024-02-17
2076,1058.93,UPI,2024-01-31
18174,511.47,NetBanking,2024-01-22
16212,773.26,Card,2024-01-16
690,726.77,UPI,2024-01-06
16166,1112.47,Wallet,2024-01-30
15102,1192.42,Wallet,2024-01-11
9499,1872.34,Card,2024-01-12
7827,1073.27,Card,2024-01-18
19487,473.71,UPI,2024-02-27
1338,1120.11,NetBanking,2024-01-08
10150,1335.35,Card,2024-01-08
437,636.15,Wallet,2024-01-19
12053,1735.39,UPI,2024-01-22
2837,1637.39,UPI,2024-02-10
13194,927.49,Wallet,2024-02-16
10640,202.19,Card,2024-01-14
1008,1975.21,NetBanking,2024-02-26
14910,770.4,Wallet,2024-02-20
9758,1016.5,Card,2024-02-14
16076,290.18,Card,2024-02-26
6927,1882.18,NetBanking,2024-02-26
12219,269.36,Card,2024-01-19
17961,1701.07,NetBanking,2024-02-17
8478,558.14,Card,2024-01-03
9602,138.71,UPI,2024-02-26
18472,1868.82,NetBanking,2024-02-02
3542,1001.3,NetBanking,2024-02-11
10333,1010.07,NetBanking,2024-01-09
14363,774.88,Wallet,2024-01-24
3039,1879.52,Wallet,2024-02-07
966,692.92,UPI,2024-02-08
14891,572.26,NetBanking,2024-02-11
4146,100.38,Wallet,2024-02-25
11694,1772.63,Wallet,2024-01-18
10884,1618.27,Card,2024-01-07
13368,1135.48,Wallet,2024-02-17
10634,1982.81,NetBanking,2024-01-23
12396,1255.6,UPI,2024-01-19
10403,1290.79,Wallet,2024-01-08
5073,154.68,UPI,2024-02-20
14536,461.11,NetBanking,2024-01-30
17696,1629.78,Card,2024-02-03
14323,663.26,Wallet,2024-01-08
16206,1004.18,Card,2024-01-03
8870,1049.62,Card,2024-02-13
17916,835.22,UPI,2024-01-31
297,1971.72,NetBanking,2024-02-07
2991,1550.24,Card,2024-01-07
19544,1005.53,Wallet,2024-01-09
19217,1624.39,Wallet,2024-01-31
7117,1384.29,Card,2024-01-14
19824,423.92,UPI,2024-01-23
15903,1526.5,NetBanking,2024-01-06
17193,1906.59,NetBanking,2024-02-28
4296,109.51,Wallet,2024-01-22
7374,769.45,Wallet,2024-02-22
4790,1868.94,Wallet,2024-02-25
16736,1739.26,UPI,2024-01-09
9315,626.5,Wallet,2024-01-07
1924,616.1,Card,2024-01-22
3667,646.67,Wallet,2024-01-20
3840,1910.16,UPI,2024-02-07
6601,391.04,UPI,2024-01-13
2493,1115.2,NetBanking,2024-01-30
16786,642.59,NetBanking,2024-02-25
4714,473.83,NetBanking,2024-01-16
10520,1953.86,UPI,2024-01-10
6055,1803.84,Wallet,2024-02-11
8294,1117.38,UPI,2024-02-17
19605,742.82,Wallet,2024-02-29
2792,617.99,Wallet,2024-01-06
17767,313.54,NetBanking,2024-01-31
4488,782.52,Wallet,2024-02-01
8939,1414.5,NetBanking,2024-01-09
9375,1153.52,Wallet,2024-01-22
1578,1976.21,Card,2024-01-03
9609,821.29,UPI,2024-01-29
11008,1447.41,UPI,2024-02-01
17457,433.32,Wallet,2024-02-23
1280,1216.57,Wallet,2024-01-10
12130,984.78,Card,2024-01-16
12704,240.79,NetBanking,2024-02-02
13544,1755.16,Card,2024-01-09
16117,268.9,Wallet,2024-02-05
10894,590.06,Wallet,2024-02-16
8815,1480.93,Card,2024-01-29
5009,614.52,NetBanking,2024-01-26
17951,1521.65,Wallet,2024-02-22
7963,872.82,Wallet,2024-01-19
1302,1623.37,Wallet,2024-01-03
11081,1476.95,Wallet,2024-02-01
6418,102.12,NetBanking,2024-01-01
4793,253.38,UPI,2024-02-20
13543,881.2,Card,2024-01-17
19659,1836.54,UPI,2024-01-08
8327,1463.61,Card,2024-01-29
11414,196.31,Card,2024-02-27
2429,657.84,UPI,2024-02-24
3414,1423.62,Card,2024-01-15
4161,217.22,UPI,2024-02-01
14308,1275.35,Card,2024-02-12
17482,1480.28,UPI,2024-01-28
1995,116.4,NetBanking,2024-02-02
5428,808.02,Wallet,2024-03-01
930,1465.34,UPI,2024-02-14
8389,947.13,NetBanking,2024-02-26
15177,1115.06,Card,2024-03-01
15481,1098.74,Card,2024-01-05
17248,845.92,NetBanking,2024-01-16
13279,1714.8,Wallet,2024-01-14
16406,1482.21,Card,2024-02-08
8566,1189.54,UPI,2024-01-31
3282,677.6,Card,2024-01-19
2190,502.54,Card,2024-01-22
1142,355.25,UPI,2024-01-27
4018,194.21,UPI,2024-02-18
19826,1086.85,Wallet,2024-02-14
105,597.32,Wallet,2024-01-31
14604,491.21,Card,2024-01-29
11785,246.91,UPI,2024-02-20
16866,1171.52,UPI,2024-02-27
11798,485.42,UPI,2024-02-28
12567,1032.42,Card,2024-01-18
4814,774.48,Card,2024-01-10
5032,311.81,Wallet,2024-01-10
3898,1410.34,Wallet,2024-02-27
10436,1802.0,NetBanking,2024-01-20
16994,512.68,UPI,2024-02-01
16100,1231.37,UPI,2024-02-01
5029,1736.03,NetBanking,2024-02-09
5444,327.74,Card,2024-02-09
5917,1281.69,Wallet,2024-02-28
14602,768.83,Wallet,2024-01-03
14104,1499.43,UPI,2024-01-02
12839,941.55,Wallet,2024-01-05
8876,1868.69,Wallet,2024-02-02
16551,1331.15,UPI,2024-01-20
5626,370.05,NetBanking,2024-02-05
6980,430.86,NetBanking,2024-01-08
5390,1257.92,UPI,2024-02-23
17717,922.68,Wallet,2024-01-27
15538,1682.31,UPI,2024-01-09
1891,390.52,UPI,2024-02-28
7016,1404.73,Card,2024-02-09
13711,203.57,Card,2024-01-24
13462,112.46,UPI,2024-02-02
421,897.5,Wallet,2024-01-18
8549,1578.99,UPI,2024-01-11
17929,1347.51,NetBanking,2024-02-11
374,164.6,UPI,2024-01-26
736,1834.24,NetBanking,2024-02-26
15980,1102.56,NetBanking,2024-01-22
17935,1785.94,Card,2024-01-13
17365,1557.64,Wallet,2024-01-22
17910,632.84,NetBanking,2024-01-02
8595,462.38,Wallet,2024-01-17
5411,485.58,UPI,2024-02-26
18352,1876.18,Card,2024-01-30
11836,503.27,NetBanking,2024-02-11
6496,118.22,UPI,2024-01-28
11505,415.66,Card,2024-02-12
19156,515.09,NetBanking,2024-01-17
15425,189.28,UPI,2024-02-29
7028,1212.07,Card,2024-01-31
6635,1516.95,NetBanking,2024-02-06
13474,781.05,NetBanking,2024-02-15
5081,1161.49,NetBanking,2024-02-19
9685,1223.07,Wallet,2024-01-02
10577,229.87,Card,2024-02-09
14410,1910.55,Card,2024-03-01
1214,1312.31,Wallet,2024-01-09
5324,1904.41,UPI,2024-02-21
5477,295.85,Card,2024-02-14
1460,1180.25,Card,2024-01-01
7375,284.34,Wallet,2024-01-01
19805,788.46,NetBanking,2024-01-29
386,1089.07,Card,2024-02-25
16279,698.15,NetBanking,2024-02-05
11479,1756.08,Card,2024-02-21
12857,536.79,Card,2024-01-30
2540,421.9,NetBanking,2024-01-25
214,534.74,Wallet,2024-01-09
14361,593.03,NetBanking,2024-01-24
4425,1017.51,UPI,2024-02-27
340,1358.34,Card,2024-02-04
11483,1821.44,Wallet,2024-01-04
4316,1576.81,Card,2024-01-03
10581,1195.42,Wallet,2024-01-18
16926,1698.79,NetBanking,2024-02-10
10695,433.1,Wallet,2024-01-01
4222,1246.77,NetBanking,2024-01-16
2386,1242.54,NetBanking,2024-01-05
19538,467.45,Wallet,2024-02-06
14517,1039.09,Card,2024-02-14
2003,779.52,UPI,2024-01-01
9191,1065.89,NetBanking,2024-02-25
12709,896.94,UPI,2024-02-21
6338,112.32,UPI,2024-01-06
9122,1306.64,UPI,2024-02-09
10585,505.22,Card,2024-02-19
278,244.31,NetBanking,2024-01-11
6959,1433.4,Wallet,2024-02-07
19127,1079.15,UPI,2024-02-12
1376,282.92,Card,2024-02-07
9919,919.44,Wallet,2024-02-13
9635,713.33,UPI,2024-01-02
8216,1506.14,Wallet,2024-02-05
3411,1929.09,UPI,2024-02-18
866,1081.57,Card,2024-02-28
10007,1219.91,NetBanking,2024-02-12
18129,1154.74,Card,2024-02-09
9138,1569.86,NetBanking,2024-02-10
11725,881.09,Card,2024-01-10
10421,119.37,NetBanking,2024-01-04
875,1125.67,Card,2024-01-20
7934,1693.11,NetBanking,2024-02-16
14165,1622.04,UPI,2024-03-01
16093,453.48,Wallet,2024-02-21
4132,1502.66,Wallet,2024-02-24
14475,960.55,NetBanking,2024-02-06
7035,371.38,Card,2024-02-21
8731,1340.52,Wallet,2024-01-03
10794,1232.46,UPI,2024-02-23
13729,1416.08,UPI,2024-02-20
12574,282.23,UPI,2024-02-18
1537,587.71,Card,2024-01-17
9322,1095.6,Card,2024-02-21
16659,1717.99,Card,2024-02-26
14384,235.36,NetBanking,2024-02-23
1600,451.75,NetBanking,2024-02-11
14175,1735.64,Card,2024-03-01
19443,922.41,NetBanking,2024-01-06
19954,1003.35,Wallet,2024-01-05
15540,183.96,Card,2024-02-13
12405,1988.78,Card,2024-02-11
5001,297.95,NetBanking,2024-01-20
18657,1466.66,Wallet,2024-01-03
8867,879.63,Wallet,2024-02-05
17963,1185.17,Card,2024-01-17
6953,1928.82,Wallet,2024-01-28
3733,761.07,UPI,2024-01-22
12762,804.15,UPI,2024-01-11
1392,1863.66,NetBanking,2024-02-08
17355,1602.8,Card,2024-01-15
2998,1108.57,NetBanking,2024-01-25
4406,941.06,Wallet,2024-01-07
13699,1533.4,Wallet,2024-01-03
10146,171.66,Card,2024-01-14
7910,879.11,Wallet,2024-01-19
7274,1168.83,UPI,2024-01-21
10851,237.73,Card,2024-01-05
11753,1877.1,NetBanking,2024-01-14
9899,1074.88,NetBanking,2024-02-15
19754,961.91,NetBanking,2024-01-27
4474,1355.47,Wallet,2024-01-16
6398,1969.52,UPI,2024-02-20
13440,734.73,Wallet,2024-02-27
18295,379.53,Card,2024-01-17
19065,604.86,Card,2024-02-02
4990,1279.73,Card,2024-01-19
206,609.78,Card,2024-01-17
7333,765.27,UPI,2024-01-19
19631,775.97,UPI,2024-01-11
7952,1430.21,Wallet,2024-01-20
4590,1170.61,Wallet,2024-02-14
8972,248.57,Card,2024-02-06
3260,1906.33,NetBanking,2024-01-29
15915,1419.64,UPI,2024-01-18
13612,867.71,NetBanking,2024-01-15
14884,535.08,NetBanking,2024-02-23
6843,1483.58,UPI,2024-02-24
13180,1894.32,NetBanking,2024-01-13
17516,846.9,UPI,2024-01-10
16225,1027.74,Wallet,2024-02-18
12325,1288.81,Card,2024-02-24
7571,281.92,Card,2024-02-18
17592,338.9,UPI,2024-01-27
18400,167.92,Wallet,2024-01-22
12268,599.38,NetBanking,2024-01-17
8465,270.52,UPI,2024-01-18
12491,367.28,NetBanking,2024-01-03
359,864.98,Card,2024-01-10
15295,1472.71,Card,2024-01-15
9622,1630.11,UPI,2024-02-14
5108,1933.12,Wallet,2024-01-23
1504,1633.43,UPI,2024-01-24
1320,460.86,Wallet,2024-02-12
5455,1529.86,NetBanking,2024-01-26
4240,704.3,NetBanking,2024-02-25
19397,1825.44,NetBanking,2024-01-22
3585,1148.87,Card,2024-02-18
4266,1966.02,NetBanking,2024-01-20
1428,1683.41,Card,2024-01-06
10856,915.25,Card,2024-01-16
5852,1722.26,UPI,2024-02-14
8315,1726.52,Card,2024-02-04
4600,975.62,Wallet,2024-01-21
17144,1918.16,UPI,2024-01-11
11970,903.7,NetBanking,2024-02-20
13193,1720.61,Card,2024-02-03
19808,1322.49,NetBanking,2024-01-22
9096,498.3,UPI,2024-01-21
2637,807.55,Card,2024-02-21
18884,1850.39,UPI,2024-02-15
1696,413.32,Wallet,2024-02-20
15073,1893.76,Card,2024-01-17
11183,1609.81,UPI,2024-01-02
12366,603.64,NetBanking,2024-02-21
5266,1267.75,Wallet,2024-01-23
3253,1607.1,Wallet,2024-01-27
18627,728.2,Card,2024-01-11
9023,526.27,UPI,2024-02-09
19302,664.65,Wallet,2024-02-05
13255,649.33,UPI,2024-01-18
1481,1190.52,Wallet,2024-02-27
7969,501.05,Card,2024-01-16
9344,531.23,Wallet,2024-01-26
11666,462.55,Card,2024-01-17
9420,620.52,UPI,2024-02-24
11965,1263.46,Wallet,2024-01-03
19373,462.2,Wallet,2024-01-09
972,1884.64,NetBanking,2024-01-13
15442,651.79,UPI,2024-02-22
8995,1342.75,UPI,2024-02-28
4995,1913.59,Wallet,2024-01-15
15289,1710.34,NetBanking,2024-03-01
18854,162.31,Card,2024-01-30
3055,616.03,UPI,2024-03-01
3583,223.45,Wallet,2024-01-09
9676,1383.12,NetBanking,2024-02-25
948,345.36,Card,2024-01-13
10056,1400.09,Wallet,2024-02-25
6254,1151.09,UPI,2024-01-26
10618,117.68,Card,2024-02-21
18,602.4,Card,2024-01-27
14806,585.52,Card,2024-01-01
13385,1284.42,UPI,2024-03-01
3949,1083.63,NetBanking,2024-01-27
1055,1498.51,NetBanking,2024-01-02
14824,1749.51,Wallet,2024-02-24
14553,640.6,UPI,2024-02-25
12064,1111.06,Wallet,2024-01-16
2537,1994.2,Card,2024-02-15
797,311.52,UPI,2024-02-03
13338,318.68,UPI,2024-02-18
14347,1448.07,NetBanking,2024-01-02
11322,826.81,UPI,2024-02-05
11454,712.97,Wallet,2024-01-08
8405,339.46,NetBanking,2024-02-20
1239,594.41,NetBanking,2024-02-16
2206,845.81,Card,2024-02-08
1917,1812.07,NetBanking,2024-01-30
3818,885.04,NetBanking,2024-02-18
11328,424.4,Wallet,2024-02-26
17099,511.75,Wallet,2024-02-16
19632,1192.32,NetBanking,2024-02-12
344,1209.7,Wallet,2024-01-21
10531,1938.22,Card,2024-02-27
2287,864.66,UPI,2024-02-13
16435,443.98,Wallet,2024-01-16
18923,102.6,UPI,2024-02-24
17976,1038.62,UPI,2024-01-02
9221,1192.87,Card,2024-01-19
1681,1874.84,UPI,2024-01-25
10860,1397.02,Card,2024-02-24
2243,795.82,NetBanking,2024-01-10
11933,1740.51,Card,2024-01-22
17371,1886.75,Card,2024-01-10
9836,555.39,Card,2024-02-09
5487,1860.27,Card,2024-02-14
12831,213.6,UPI,2024-01-05
15861,457.38,UPI,2024-01-04
11076,1357.01,UPI,2024-01-19
18029,241.63,Wallet,2024-01-10
4422,558.47,NetBanking,2024-01-27
15047,565.65,NetBanking,2024-02-18
13227,1548.19,UPI,2024-01-02
10215,1934.01,UPI,2024-01-30
6183,1473.31,NetBanking,2024-01-12
14961,1655.73,NetBanking,2024-02-26
7148,440.31,NetBanking,2024-02-23
14332,522.05,Wallet,2024-02-01
7551,731.37,Card,2024-02-08
10312,1784.91,Wallet,2024-01-09
12673,407.34,Wallet,2024-02-11
18848,396.24,UPI,2024-02-06
16311,600.25,NetBanking,2024-01-18
6452,773.77,NetBanking,2024-02-25
13889,422.17,UPI,2024-02-13
3432,980.22,Wallet,2024-02-05
2806,1040.52,Card,2024-01-15
13557,541.24,NetBanking,2024-01-09
17352,126.14,NetBanking,2024-02-21
6008,1720.01,Wallet,2024-01-10
19616,385.69,Wallet,2024-01-11
8741,1026.04,Wallet,2024-02-19
10277,421.97,Card,2024-02-13
5061,127.87,NetBanking,2024-01-29
13362,1597.4,UPI,2024-02-15
13964,1091.08,Wallet,2024-01-22
8112,1946.64,Wallet,2024-02-07
1222,286.66,Wallet,2024-02-15
16141,785.91,Card,2024-02-19
15625,768.36,UPI,2024-02-04
17113,715.35,Wallet,2024-02-15
1745,758.74,NetBanking,2024-02-27
14245,1448.63,Wallet,2024-02-28
909,1841.12,NetBanking,2024-01-27
15986,1415.06,Card,2024-02-28
1829,339.81,UPI,2024-03-01
3946,1081.93,Wallet,2024-01-23
7259,1498.92,UPI,2024-03-01
7228,1725.06,Wallet,2024-02-04
4325,721.49,NetBanking,2024-02-17
18658,1502.57,Card,2024-01-27
10078,1372.79,NetBanking,2024-01-23
17123,238.36,NetBanking,2024-01-05
13287,1487.67,NetBanking,2024-02-25
11611,857.88,NetBanking,2024-02-29
13191,115.11,Wallet,2024-02-25
5531,201.84,Card,2024-01-09
12295,1746.95,Card,2024-01-27
3267,1458.93,Card,2024-02-14
10890,1821.32,Wallet,2024-01-05
14520,1399.12,Card,2024-02-15
3652,365.72,UPI,2024-01-04
2351,1750.95,Wallet,2024-01-07
14880,595.32,Card,2024-02-15
16013,1159.85,UPI,2024-02-03
14141,1868.19,Wallet,2024-01-04
11179,1016.31,Card,2024-02-14
9813,502.68,UPI,2024-02-12
7098,450.25,UPI,2024-01-31
54,1124.98,Card,2024-02-26
14909,1222.47,NetBanking,2024-01-28
14719,419.03,UPI,2024-01-01
11920,392.34,NetBanking,2024-01-02
16831,296.96,UPI,2024-02-08
4584,1809.4,UPI,2024-01-17
18200,419.75,UPI,2024-02-01
12333,1274.93,Card,2024-02-01
8313,1479.55,Card,2024-01-29
3098,692.68,NetBanking,2024-01-05
14080,411.97,UPI,2024-02-07
2208,1226.89,UPI,2024-02-19
18388,102.26,UPI,2024-01-15
10225,1307.11,Card,2024-02-24
7289,1296.88,UPI,2024-01-18
7143,385.47,NetBanking,2024-02-21
7046,1399.86,Wallet,2024-02-14
6444,226.99,Card,2024-02-19
11942,507.7,UPI,2024-01-15
9747,825.45,Card,2024-02-09
8992,1977.18,UPI,2024-02-29
1857,1310.78,UPI,2024-02-09
13786,1521.35,NetBanking,2024-01-11
6371,712.24,Wallet,2024-01-16
7983,406.16,Card,2024-01-29
7509,312.54,Card,2024-02-05
12029,1189.64,Wallet,2024-01-13
911,887.52,Card,2024-01-10
14622,325.87,Wallet,2024-01-12
14441,981.8,UPI,2024-02-08
14845,1371.12,NetBanking,2024-02-09
4643,131.32,UPI,2024-02-12
8270,1809.48,UPI,2024-02-11
12159,1965.95,Card,2024-01-07
8160,1882.99,Wallet,2024-01-13
487,313.58,Wallet,2024-02-10
6679,720.06,Card,2024-01-30
18067,1109.72,Card,2024-02-12
15119,1234.94,UPI,2024-01-18
16298,1776.74,Wallet,2024-01-21
17616,552.51,UPI,2024-01-13
1399,1300.23,UPI,2024-02-09
16858,1305.76,Wallet,2024-02-14
3162,847.97,UPI,2024-01-26
6666,1589.85,NetBanking,2024-02-20
13156,1263.29,UPI,2024-01-14
4162,944.48,NetBanking,2024-01-25
673,1092.28,NetBanking,2024-02-05
2001,485.62,Wallet,2024-02-11
12391,961.89,Card,2024-01-15
5864,440.08,UPI,2024-02-26
10139,1960.91,Card,2024-01-28
10805,616.18,Card,2024-02-10
10970,1580.63,UPI,2024-01-27
14210,1278.65,Card,2024-02-20
2288,1362.94,Card,2024-02-22
7246,1720.22,UPI,2024-01-30
17552,1791.02,Wallet,2024-01-22
7106,1397.89,NetBanking,2024-01-02
737,479.46,UPI,2024-02-27
13455,1388.23,Card,2024-01-21
4770,1240.32,Card,2024-02-18
406,1222.32,UPI,2024-02-01
4648,130.7,Wallet,2024-02-24
12267,1459.7,Card,2024-02-12
6367,124.94,Card,2024-02-22
3139,1093.39,UPI,2024-01-31
3405,375.28,NetBanking,2024-01-21
18639,1086.17,UPI,2024-01-27
15372,282.95,Card,2024-02-21
19889,578.56,Wallet,2024-01-12
6276,820.68,NetBanking,2024-02-01
11742,748.09,NetBanking,2024-02-17
17957,678.69,Wallet,2024-02-10
9334,299.77,Wallet,2024-01-16
1943,1341.53,Card,2024-01-28
16978,1979.21,UPI,2024-01-06
7300,191.49,Wallet,2024-02-23
11862,1491.98,NetBanking,2024-01-09
11691,935.0,UPI,2024-01-30
18422,1549.12,Wallet,2024-02-19
11418,875.69,NetBanking,2024-02-27
5196,1592.03,Card,2024-01-02
9903,327.42,Wallet,2024-01-29
7709,424.3,Card,2024-02-27
9369,590.94,UPI,2024-01-01
15723,396.93,Card,2024-01-15
7043,847.47,Card,2024-02-22
9454,1327.87,UPI,2024-01-04
11595,957.36,NetBanking,2024-01-29
10915,1985.06,Card,2024-02-26
17351,1769.35,NetBanking,2024-01-22
3830,964.45,NetBanking,2024-02-18
5964,544.04,Wallet,2024-01-10
18873,529.3,Card,2024-02-04
18075,1157.67,Wallet,2024-02-16
9853,546.38,Card,2024-02-17
15105,732.06,Wallet,2024-01-26
12332,1413.79,Wallet,2024-01-25
10732,1637.06,UPI,2024-02-08
17800,1954.87,NetBanking,2024-01-27
16400,1696.0,Wallet,2024-01-20
17420,1200.02,UPI,2024-01-08
18191,754.02,Wallet,2024-01-31
61,114.72,NetBanking,2024-01-30
5109,823.3,NetBanking,2024-02-01
12906,1318.49,NetBanking,2024-02-10
13244,338.14,Card,2024-01-29
18249,1526.97,NetBanking,2024-01-03
16849,1537.62,Card,2024-01-29
9761,1034.69,UPI,2024-01-09
15515,1028.94,Card,2024-01-29
7940,631.95,Wallet,2024-01-04
12227,1321.83,NetBanking,2024-02-14
19216,745.91,UPI,2024-01-07
17702,171.78,UPI,2024-01-01
16043,388.51,Wallet,2024-02-24
15491,247.02,NetBanking,2024-01-08
15387,1246.87,Wallet,2024-01-27
9954,561.34,Card,2024-02-03
10541,607.4,Card,2024-01-10
6801,932.17,Card,2024-02-11
3086,1265.84,UPI,2024-02-17
6384,1730.78,UPI,2024-02-01
13355,1801.98,Card,2024-01-21
11109,1062.99,Wallet,2024-01-05
7307,795.68,Card,2024-01-25
13990,1118.08,Card,2024-01-23
2516,1034.59,Card,2024-02-17
17165,1337.2,UPI,2024-01-17
1429,109.05,UPI,2024-02-08
13532,278.53,Card,2024-01-29
3287,532.63,UPI,2024-02-07
4691,453.91,NetBanking,2024-01-16
1022,478.02,NetBanking,2024-01-18
13982,1458.47,NetBanking,2024-01-10
16034,1833.12,UPI,2024-02-12
8601,1551.23,UPI,2024-01-26
8630,1491.28,NetBanking,2024-01-22
2680,125.72,UPI,2024-01-12
7602,394.79,Wallet,2024-01-05
8033,1990.44,Wallet,2024-01-21
3606,1825.09,UPI,2024-01-27
3973,1010.15,Wallet,2024-02-04
5086,1048.33,Wallet,2024-01-02
850,825.21,NetBanking,2024-01-15
3220,1319.45,Wallet,2024-01-14
10484,338.66,Wallet,2024-02-23
15709,1243.94,Card,2024-01-27
19080,1740.32,Card,2024-01-20
18279,578.91,Card,2024-02-05
16604,329.18,Card,2024-02-02
9652,1836.8,UPI,2024-02-14
12245,567.54,UPI,2024-01-22
13872,1712.34,Card,2024-01-12
11157,249.75,UPI,2024-01-24
2803,100.6,NetBanking,2024-01-01
942,711.08,Card,2024-01-14
19990,2054.46,Card,2024-01-11
19049,297.73,NetBanking,2024-02-27
13495,688.79,Wallet,2024-02-19
1236,1541.83,Card,2024-01-18
10530,1977.11,UPI,2024-01-01
12461,646.74,Card,2024-01-04
12664,1110.96,UPI,2024-01-02
6457,774.65,Wallet,2024-02-23
9330,230.39,UPI,2024-02-18
6051,443.33,Card,2024-02-28
9016,1691.65,Card,2024-01-29
15381,1238.96,Card,2024-02-09
4206,1962.66,UPI,2024-02-28
4771,884.23,Card,2024-02-28
12557,687.82,NetBanking,2024-02-11
1840,1090.63,Card,2024-02-08
7589,959.88,Card,2024-02-12
9814,758.91,NetBanking,2024-01-25
7735,836.61,Card,2024-02-14
12501,1799.9,Wallet,2024-02-24
11066,1326.69,NetBanking,2024-02-13
7147,1642.0,Wallet,2024-02-11
4343,567.73,Wallet,2024-01-17
12731,472.35,Card,2024-02-07
18016,1844.55,Wallet,2024-02-15
17262,243.43,UPI,2024-01-05
15888,719.09,NetBanking,2024-02-18
19940,356.44,UPI,2024-02-28
2433,816.08,NetBanking,2024-01-24
8274,1380.91,UPI,2024-01-28
10514,1501.28,UPI,2024-02-29
2402,1421.04,Card,2024-01-11
14322,500.77,NetBanking,2024-02-15
18584,1719.34,Wallet,2024-01-13
6366,806.51,NetBanking,2024-02-19
19599,1567.32,UPI,2024-02-05
16480,1573.01,Wallet,2024-01-10
16591,312.39,Card,2024-02-07
15269,232.2,Wallet,2024-02-27
6591,1879.37,Card,2024-02-18
9668,1712.88,UPI,2024-02-20
18476,1140.33,Card,2024-02-20
14467,1998.26,Wallet,2024-01-09
12752,1227.03,Wallet,2024-02-07
11667,1420.34,NetBanking,2024-01-16
6811,1665.42,Card,2024-02-27
1880,1002.71,NetBanking,2024-02-10
3499,130.02,Wallet,2024-01-15
10830,1258.78,NetBanking,2024-01-13
6836,1441.09,NetBanking,2024-01-30
2781,1457.02,Card,2024-02-22
17045,1221.83,Wallet,2024-02-05
7492,1459.96,Wallet,2024-02-17
14156,862.27,Card,2024-01-20
16154,568.95,UPI,2024-01-29
8226,1456.78,Wallet,2024-02-13
19524,1437.5,Wallet,2024-01-01
19947,673.12,UPI,2024-02-15
1287,652.29,Card,2024-01-23
12945,1393.23,Wallet,2024-01-06
17261,1692.98,Wallet,2024-02-26
17875,1452.14,UPI,2024-01-02
3133,1919.1,UPI,2024-02-27
10874,1760.8,Card,2024-01-18
11159,1744.85,UPI,2024-02-24
6174,751.89,NetBanking,2024-01-20
4223,195.35,NetBanking,2024-02-02
3951,253.47,Wallet,2024-01-15
11147,222.46,Wallet,2024-02-11
4328,1421.92,UPI,2024-02-16
4842,833.4,UPI,2024-03-01
8229,1711.59,NetBanking,2024-02-06
8290,1597.56,UPI,2024-02-02
9766,1792.8,Card,2024-02-14
8330,2223.04,UPI,2024-01-01
4112,893.42,Wallet,2024-02-20
4119,1482.35,NetBanking,2024-01-23
8456,1626.46,Card,2024-03-01
6676,548.15,Wallet,2024-01-03
10698,1364.76,UPI,2024-01-17
7251,982.01,NetBanking,2024-02-08
3855,1694.07,Card,2024-01-17
5901,199.78,UPI,2024-01-12
10009,1276.35,Card,2024-01-19
1652,547.86,Wallet,2024-02-06
3863,1539.47,Wallet,2024-02-03
6279,2102.72,UPI,2024-02-19
4041,1654.09,UPI,2024-01-13
10231,356.45,UPI,2024-02-08
18779,655.19,Card,2024-01-11
17879,1023.14,NetBanking,2024-02-06
6266,575.9,UPI,2024-01-09
7476,1471.7,Wallet,2024-02-14
19737,935.84,NetBanking,2024-02-16
15525,991.64,UPI,2024-01-29
7270,1085.49,Card,2024-02-21
10724,1872.73,Wallet,2024-02-03
11907,1272.61,Card,2024-02-07
7107,158.6,NetBanking,2024-02-11
13245,891.15,Wallet,2024-02-12
10143,1320.73,Card,2024-02-25
9525,1735.49,NetBanking,2024-01-02
3326,1065.06,Wallet,2024-02-11
852,667.8,NetBanking,2024-01-12
12549,1952.4,Wallet,2024-02-04
6016,217.0,Wallet,2024-02-03
5347,1583.12,UPI,2024-02-11
18523,1058.63,Card,2024-01-18
5211,1144.95,Wallet,2024-01-22
18992,357.36,NetBanking,2024-01-19
6095,1114.14,Card,2024-01-04
14362,1054.74,UPI,2024-02-02
224,1985.34,Wallet,2024-01-21
528,1332.85,NetBanking,2024-02-26
13957,981.96,Card,2024-01-07
6130,1610.8,NetBanking,2024-02-04
18568,601.79,NetBanking,2024-02-12
6090,1835.74,Card,2024-01-07
13248,738.83,Wallet,2024-02-04
13147,1680.32,Card,2024-01-18
17927,1708.83,UPI,2024-02-01
7540,229.86,Wallet,2024-01-16
1099,723.36,Card,2024-02-07
17035,1572.35,NetBanking,2024-02-12
14599,247.78,Card,2024-01-01
4794,1285.54,Card,2024-02-06
16517,1047.65,Wallet,2024-01-04
14371,932.73,NetBanking,2024-01-27
1081,1121.15,Wallet,2024-01-12
17901,1022.06,NetBanking,2024-02-26
18803,1311.25,UPI,2024-02-09
3880,1337.39,Card,2024-02-09
244,1755.33,UPI,2024-01-28
1859,1396.18,Wallet,2024-02-23
18193,658.29,UPI,2024-01-20
10022,1576.09,Wallet,2024-02-19
4933,708.98,Card,2024-02-16
6186,1755.01,NetBanking,2024-02-25
18462,430.63,UPI,2024-02-11
11951,1047.97,Card,2024-01-25
4808,353.74,NetBanking,2024-02-19
8265,1001.55,Wallet,2024-01-05
12606,163.5,NetBanking,2024-02-23
4738,556.62,NetBanking,2024-01-21
8856,234.95,Card,2024-01-20
16955,1073.25,UPI,2024-01-30
11755,1025.75,Card,2024-02-28
13307,2034.41,NetBanking,2024-02-08
10711,1035.32,UPI,2024-01-15
5103,600.6,Card,2024-02-23
16895,1401.34,Wallet,2024-02-05
7758,1588.12,Card,2024-02-10
3615,1744.72,Card,2024-01-18
6222,1546.34,NetBanking,2024-01-27
17950,1042.36,NetBanking,2024-01-03
8135,1664.01,UPI,2024-02-04
17752,1142.08,NetBanking,2024-01-11
6759,1898.92,UPI,2024-01-22
13972,370.12,NetBanking,2024-01-30
10967,908.43,NetBanking,2024-01-03
10050,456.59,Wallet,2024-03-01
10096,530.65,NetBanking,2024-01-27
398,401.76,UPI,2024-02-28
9187,1405.96,NetBanking,2024-01-24
9397,687.42,NetBanking,2024-01-30
9273,1584.6,UPI,2024-02-22
16660,1564.44,NetBanking,2024-01-03
18601,949.19,Card,2024-02-26
7127,1351.1,Card,2024-02-12
3297,1350.37,Card,2024-02-14
19993,337.78,UPI,2024-01-08
9090,1309.1,Card,2024-01-19
7157,1702.0,NetBanking,2024-01-15
16494,750.77,UPI,2024-02-29
8194,781.36,NetBanking,2024-01-17
11417,1789.93,UPI,2024-02-06
11356,386.4,Card,2024-01-16
9783,379.58,Wallet,2024-01-17
7216,706.95,NetBanking,2024-02-27
3433,1454.17,Wallet,2024-01-18
161,1028.87,Card,2024-01-01
6606,687.03,UPI,2024-01-09
18320,949.63,NetBanking,2024-02-05
825,406.3,Card,2024-02-25
15265,136.45,UPI,2024-02-15
5306,1263.25,UPI,2024-02-04
19700,1169.9,Wallet,2024-01-09
3774,561.0,UPI,2024-02-02
288,668.65,Card,2024-01-10
887,598.82,Wallet,2024-01-29
19063,996.92,Card,2024-01-19
13274,1580.62,UPI,2024-01-05
7201,731.86,Card,2024-02-02
15237,1702.38,UPI,2024-01-17
13788,503.8,NetBanking,2024-03-01
10903,1456.87,Card,2024-02-18
7132,1658.46,Wallet,2024-02-04
7062,1259.79,UPI,2024-01-31
17778,827.4,Card,2024-02-02
11890,980.0,NetBanking,2024-02-21
16485,1425.94,Card,2024-01-10
18733,1136.9,Card,2024-02-12
6795,2060.19,NetBanking,2024-01-22
9101,296.06,NetBanking,2024-02-26
1673,588.89,Card,2024-01-31
8893,1186.86,UPI,2024-02-09
5617,1631.82,Wallet,2024-01-08
10631,190.91,Wallet,2024-02-12
1580,689.91,Wallet,2024-01-14
15065,1469.2,Card,2024-02-06
10521,1331.63,Wallet,2024-01-17
17239,1462.11,Wallet,2024-02-14
8865,1524.39,NetBanking,2024-02-06
1242,1645.86,UPI,2024-02-18
7484,1504.14,UPI,2024-01-14
2867,1976.41,UPI,2024-02-01
5943,1914.18,Wallet,2024-02-15
16868,1954.83,Wallet,2024-01-09
10806,492.96,Wallet,2024-01-06
2908,1670.47,Card,2024-03-01
11431,1047.52,Card,2024-02-08
1088,786.86,NetBanking,2024-02-07
672,1245.64,NetBanking,2024-01-17
14548,1436.26,UPI,2024-01-10
9219,1935.75,Wallet,2024-01-06
12987,1226.46,UPI,2024-01-05
2188,481.15,Card,2024-01-31
6335,1881.34,Card,2024-01-22
16486,975.9,UPI,2024-02-17
837,604.88,NetBanking,2024-01-29
8293,563.27,NetBanking,2024-01-07
393,1345.48,NetBanking,2024-02-22
320,1489.0,UPI,2024-02-23
11392,463.13,UPI,2024-02-22
11672,691.9,Card,2024-02-24
17468,1967.02,NetBanking,2024-01-27
8111,1959.96,NetBanking,2024-02-15
4402,1672.08,NetBanking,2024-01-15
19783,1494.08,Wallet,2024-02-14
17118,1155.4,NetBanking,2024-01-07
13960,1234.83,Wallet,2024-02-21
973,1178.84,UPI,2024-01-11
2801,684.01,Wallet,2024-01-28
2205,129.36,NetBanking,2024-02-12
8123,834.21,Wallet,2024-02-03
10652,342.84,Wallet,2024-02-15
9796,1272.63,UPI,2024-01-24
6791,1458.8,NetBanking,2024-01-01
5967,1554.47,Card,2024-02-19
819,179.04,Card,2024-02-11
18293,1218.36,NetBanking,2024-02-13
998,1132.27,Card,2024-02-22
1957,1157.98,Card,2024-02-13
13242,1164.71,UPI,2024-02-21
13884,380.99,UPI,2024-02-14
1620,684.15,Wallet,2024-02-02
16234,213.28,Card,2024-02-21
8108,1656.93,UPI,2024-02-06
15433,1937.65,NetBanking,2024-02-01
8461,493.42,NetBanking,2024-01-07
14898,1912.71,UPI,2024-02-25
9627,333.65,UPI,2024-01-25
15637,1378.48,NetBanking,2024-01-15
12484,1907.02,NetBanking,2024-02-24
8090,161.29,NetBanking,2024-01-27
3979,200.28,Wallet,2024-01-24
18463,763.6,NetBanking,2024-01-28
19688,1969.23,Wallet,2024-01-08
12914,278.3,NetBanking,2024-01-06
19622,939.07,Wallet,2024-01-20
7232,941.95,NetBanking,2024-01-03
15030,1912.75,Wallet,2024-02-24
19030,388.59,Card,2024-02-06
6210,209.42,Wallet,2024-02-06
856,1969.02,Card,2024-01-29
13890,639.26,NetBanking,2024-02-18
12577,1763.61,NetBanking,2024-01-19
271,1910.06,Card,2024-03-01
17475,1266.79,Card,2024-02-17
19787,1710.58,Wallet,2024-01-08
9119,1896.72,UPI,2024-02-27
10188,1300.86,Wallet,2024-01-22
13512,1450.27,UPI,2024-02-10
3835,907.33,UPI,2024-02-11
15436,1437.58,Card,2024-02-13
11880,274.55,NetBanking,2024-01-23
5491,810.96,NetBanking,2024-01-13
15924,1224.38,NetBanking,2024-01-15
14495,907.11,UPI,2024-02-09
7604,1366.98,Wallet,2024-01-22
12032,638.76,UPI,2024-02-09
10668,1246.35,NetBanking,2024-01-27
3839,1926.69,UPI,2024-01-29
18010,1927.27,UPI,2024-01-27
15285,758.76,Wallet,2024-01-13
731,1821.66,NetBanking,2024-02-05
9697,499.65,Card,2024-02-07
14494,793.35,NetBanking,2024-02-20
5144,751.04,Wallet,2024-01-17
18163,1856.98,Wallet,2024-02-27
15890,420.7,NetBanking,2024-01-01
2081,995.82,NetBanking,2024-02-01
3691,1167.85,Wallet,2024-02-19
19976,1452.83,UPI,2024-01-02
12812,1736.94,NetBanking,2024-02-27
11736,1816.39,NetBanking,2024-02-03
16904,1905.0,NetBanking,2024-01-16
13485,1808.96,UPI,2024-02-08
19045,1471.83,Wallet,2024-01-17
8627,928.8,Wallet,2024-02-07
4304,1413.42,UPI,2024-02-03
19215,699.58,NetBanking,2024-01-13
4727,592.94,Wallet,2024-01-15
3924,472.16,Wallet,2024-01-27
14623,638.21,Card,2024-01-21
18519,1375.83,Wallet,2024-02-27
11999,1033.19,Card,2024-02-24
2596,1629.04,Wallet,2024-01-23
16244,1128.84,NetBanking,2024-02-23
5891,261.03,Wallet,2024-01-16
14865,1150.43,NetBanking,2024-01-22
11957,1225.14,NetBanking,2024-02-26
7513,531.79,Card,2024-02-10
16465,2175.12,UPI,2024-02-03
13464,952.62,NetBanking,2024-01-07
15906,1875.77,UPI,2024-02-11
2802,1275.86,Card,2024-02-28
17676,1370.22,UPI,2024-01-21
9140,1851.59,UPI,2024-01-05
2486,177.43,NetBanking,2024-02-28
740,1557.82,NetBanking,2024-02-19
19019,1276.99,Wallet,2024-02-15
3873,1461.06,Wallet,2024-01-25
18028,267.29,Wallet,2024-02-05
15864,976.6,NetBanking,2024-02-26
10046,1950.41,UPI,2024-01-13
18516,730.29,NetBanking,2024-02-21
2173,1335.45,Card,2024-01-19
15246,1412.23,Card,2024-02-05
13674,944.58,UPI,2024-02-09
13802,1522.33,UPI,2024-01-03
13072,412.65,Card,2024-03-01
19338,1966.69,UPI,2024-01-07
12403,1589.68,Wallet,2024-01-25
11078,1433.97,Card,2024-02-12
1407,347.78,Card,2024-02-26
19466,891.73,Wallet,2024-01-11
975,1861.09,UPI,2024-02-17
9225,984.37,Card,2024-01-11
17333,374.03,UPI,2024-02-12
7594,1494.29,NetBanking,2024-01-04
6337,807.52,Wallet,2024-01-19
19211,316.94,Wallet,2024-02-14
5516,950.66,Wallet,2024-02-28
11332,1514.77,UPI,2024-01-11
10320,1561.16,NetBanking,2024-01-26
14387,1394.99,Wallet,2024-02-27
4595,1496.77,Wallet,2024-01-16
3538,1236.19,Wallet,2024-02-13
6407,386.58,UPI,2024-02-05
14818,1830.31,UPI,2024-02-18
14510,629.04,Card,2024-01-19
17883,134.63,Card,2024-01-08
7647,1273.27,Wallet,2024-02-28
5536,1769.73,Card,2024-01-09
6931,560.55,UPI,2024-02-01
8324,607.88,NetBanking,2024-02-24
1273,522.09,NetBanking,2024-01-26
19122,857.65,Card,2024-01-17
4107,852.33,Wallet,2024-02-03
15831,1761.06,Card,2024-02-13
16469,1967.63,UPI,2024-02-05
12091,671.47,UPI,2024-01-08
12968,148.57,Wallet,2024-02-26
12971,1876.76,UPI,2024-01-09
1365,1736.17,NetBanking,2024-02-11
12515,1744.56,Card,2024-02-14
17441,631.95,Wallet,2024-01-15
5140,1658.6,Card,2024-01-30
11574,848.98,Wallet,2024-01-28
1265,683.47,Wallet,2024-03-01
12274,736.83,Card,2024-01-07
18022,1144.87,NetBanking,2024-02-23
7305,1423.19,UPI,2024-02-08
8968,690.41,UPI,2024-02-09
11963,877.21,Card,2024-01-15
12273,1864.02,Wallet,2024-02-04
13199,922.23,NetBanking,2024-02-08
18045,1113.01,NetBanking,2024-01-24
8804,680.6,Wallet,2024-01-10
6231,1653.21,NetBanking,2024-02-21
4632,1819.73,Card,2024-01-25
13867,1477.64,NetBanking,2024-01-26
5750,206.64,UPI,2024-01-01
2539,899.88,UPI,2024-02-23
4067,613.72,Wallet,2024-01-03
925,1262.92,Card,2024-01-25
17230,192.19,Card,2024-02-08
1458,1247.54,NetBanking,2024-02-01
1285,164.84,NetBanking,2024-02-03
14781,1488.4,UPI,2024-01-04
9650,533.15,Wallet,2024-01-16
11218,1516.77,Wallet,2024-01-21
19980,1752.52,UPI,2024-02-12
1821,1866.01,Wallet,2024-01-16
18596,388.78,Card,2024-01-29
16754,1181.28,Card,2024-02-25
7714,1307.92,NetBanking,2024-01-14
491,757.29,Card,2024-01-19
4394,834.99,NetBanking,2024-02-29
12297,1404.37,NetBanking,2024-01-19
13688,1065.64,Wallet,2024-01-11
8380,288.47,UPI,2024-03-01
5131,182.62,Card,2024-01-02
1152,1411.64,Card,2024-01-12
12520,1111.52,Card,2024-01-22
18823,862.94,Wallet,2024-01-28
16337,309.03,UPI,2024-01-26
15111,129.07,Card,2024-01-30
7775,1186.81,Card,2024-02-20
16974,947.53,Card,2024-01-22
764,1260.7,Card,2024-02-07
276,1664.47,Card,2024-02-09
10197,1560.59,Card,2024-01-14
18304,1500.09,Wallet,2024-01-19
811,411.97,NetBanking,2024-02-17
11451,358.68,Card,2024-01-23
12648,1719.38,NetBanking,2024-01-08
3014,1687.9,Wallet,2024-02-22
8610,686.77,Card,2024-02-18
5398,1936.62,NetBanking,2024-02-12
17210,677.57,UPI,2024-02-10
2915,1752.04,Wallet,2024-01-13
7507,143.56,NetBanking,2024-02-18
2716,369.67,NetBanking,2024-01-19
16880,441.6,Card,2024-01-15
15925,1253.47,Card,2024-02-18
13379,921.95,Wallet,2024-02-28
11912,1669.26,UPI,2024-02-05
16601,691.2,Card,2024-02-07
9492,173.67,Wallet,2024-02-01
16890,1195.49,NetBanking,2024-01-17
11641,859.98,Card,2024-02-14
4641,809.34,Card,2024-02-28
5758,179.39,Wallet,2024-01-23
3010,1121.58,Card,2024-01-23
1463,1259.07,UPI,2024-01-04
12001,1624.65,Wallet,2024-01-16
19569,1791.07,Wallet,2024-01-29
3029,1286.13,Card,2024-02-15
8093,1936.78,NetBanking,2024-01-28
15164,871.29,NetBanking,2024-02-25
2517,997.37,NetBanking,2024-01-24
17547,1100.82,NetBanking,2024-02-01
10081,967.39,NetBanking,2024-02-15
5691,1815.45,NetBanking,2024-01-18
14,1258.35,Card,2024-01-03
13295,1533.19,UPI,2024-02-01
19714,974.37,NetBanking,2024-02-07
15401,510.17,UPI,2024-01-18
4479,1922.0,NetBanking,2024-01-07
4295,1833.56,UPI,2024-02-17
9910,1673.89,Card,2024-01-20
15447,728.13,NetBanking,2024-01-09
19469,525.23,NetBanking,2024-02-29
1866,1713.04,UPI,2024-02-05
943,1978.5,Card,2024-02-20
13213,733.64,Wallet,2024-01-07
3489,1204.89,Card,2024-01-18
267,1779.43,Card,2024-02-21
18469,794.24,Card,2024-02-20
13214,879.6,Wallet,2024-02-24
16984,1606.78,Wallet,2024-01-24
14970,1397.39,Card,2024-01-06
15058,1919.06,NetBanking,2024-01-28
15844,1861.66,UPI,2024-01-19
2326,1602.85,Card,2024-02-03
15346,1624.83,UPI,2024-01-16
1373,354.95,Card,2024-01-11
4740,1609.13,UPI,2024-02-23
5442,777.65,NetBanking,2024-01-07
6445,1006.95,NetBanking,2024-01-24
10751,871.89,NetBanking,2024-01-30
399,1681.65,UPI,2024-01-29
13081,1442.85,NetBanking,2024-01-02
18652,1219.83,NetBanking,2024-02-01
13879,1542.78,Wallet,2024-02-02
18137,1574.0,UPI,2024-02-21
154,1222.18,Wallet,2024-02-12
16075,937.91,NetBanking,2024-01-31
14796,1037.79,NetBanking,2024-01-05
5385,1879.49,UPI,2024-01-07
6006,393.13,Wallet,2024-01-28
5995,1418.89,NetBanking,2024-02-01
8411,1701.43,Wallet,2024-02-24
9955,1017.07,Card,2024-02-08
3640,1246.32,NetBanking,2024-01-31
17258,1270.82,Wallet,2024-01-01
10201,1681.3,Wallet,2024-01-30
13424,1964.14,Wallet,2024-01-01
10036,512.33,Wallet,2024-01-17
16283,972.64,Card,2024-01-02
10660,1655.22,UPI,2024-01-18
14782,1172.62,UPI,2024-02-09
8914,471.06,UPI,2024-02-02
3303,1203.34,NetBanking,2024-01-08
964,616.04,UPI,2024-02-16
1357,1541.27,UPI,2024-01-22
14954,1815.03,NetBanking,2024-02-18
8047,312.3,NetBanking,2024-02-09
1012,1098.54,Card,2024-02-24
18490,1888.3,Wallet,2024-02-02
7013,1362.48,NetBanking,2024-02-21
2474,787.38,Card,2024-01-27
14931,171.17,NetBanking,2024-02-04
2944,200.07,UPI,2024-01-17
8934,1487.19,NetBanking,2024-02-11
9177,422.41,Card,2024-01-29
2323,331.96,NetBanking,2024-01-01
8512,1481.99,Wallet,2024-02-21
11471,1500.27,UPI,2024-02-01
1703,565.61,Wallet,2024-01-26
865,1777.46,NetBanking,2024-02-14
9866,698.77,NetBanking,2024-02-04
19291,1991.58,UPI,2024-01-26
14256,702.64,Wallet,2024-01-13
1544,1722.21,UPI,2024-02-27
19134,1222.91,NetBanking,2024-02-26
995,950.36,NetBanking,2024-01-04
10261,928.33,UPI,2024-01-23
1790,660.67,NetBanking,2024-02-20
7502,400.65,Wallet,2024-01-14
5249,1472.61,NetBanking,2024-02-17
16713,594.93,Card,2024-02-15
327,1056.92,NetBanking,2024-01-08
16793,1791.87,Wallet,2024-03-01
12823,501.35,UPI,2024-02-15
11658,1411.24,NetBanking,2024-02-10
15483,1519.68,UPI,2024-01-08
19090,874.12,NetBanking,2024-01-15
1044,404.95,UPI,2024-02-08
3175,296.8,UPI,2024-02-21
19946,746.33,Wallet,2024-02-21
19809,1295.49,UPI,2024-02-05
1045,1364.32,Wallet,2024-02-04
8635,1881.28,NetBanking,2024-01-23
18475,1545.14,NetBanking,2024-01-18
10423,1273.09,UPI,2024-02-12
2811,1509.21,Card,2024-02-20
3961,1595.09,NetBanking,2024-02-17
15901,612.59,Card,2024-02-13
11478,1670.59,NetBanking,2024-02-06
17895,1712.56,Wallet,2024-01-15
11436,627.81,Card,2024-01-11
5938,1300.74,Wallet,2024-02-02
14863,1561.54,NetBanking,2024-02-05
7277,1987.76,UPI,2024-02-21
1447,414.37,UPI,2024-01-03
10279,1462.9,UPI,2024-02-13
13545,1049.22,NetBanking,2024-01-31
10014,1116.65,Wallet,2024-02-12
4574,245.64,Wallet,2024-01-10
17559,149.74,UPI,2024-02-24
15984,919.56,Card,2024-02-29
17180,726.84,Card,2024-01-28
18361,1414.66,UPI,2024-01-15
11681,1028.19,Card,2024-02-20
379,1368.17,Card,2024-01-04
14751,523.2,Wallet,2024-01-13
10158,1520.93,NetBanking,2024-01-06
18020,1614.61,NetBanking,2024-01-21
4951,1009.39,NetBanking,2024-01-23
6671,1553.62,UPI,2024-02-13
456,1332.23,UPI,2024-01-21
11158,899.34,Wallet,2024-02-13
7813,876.79,Wallet,2024-01-15
4392,1259.74,UPI,2024-02-10
15513,1154.65,NetBanking,2024-01-31
14030,290.55,Wallet,2024-01-13
13710,1013.19,Wallet,2024-01-23
8720,1523.28,Card,2024-02-12
750,406.51,Wallet,2024-02-10
10852,544.91,Wallet,2024-02-14
6435,120.53,Card,2024-02-21
986,1910.93,Card,2024-02-15
19867,1999.79,Card,2024-02-07
2252,819.54,NetBanking,2024-01-24
16104,1670.11,Card,2024-01-27
10691,1647.52,Card,2024-01-16
8211,1340.17,Wallet,2024-01-05
8124,1564.03,Wallet,2024-01-31
9789,576.75,Wallet,2024-02-24
2825,1710.45,Card,2024-02-20
717,378.12,Wallet,2024-01-14
11628,1224.01,Card,2024-01-30
6137,287.0,UPI,2024-02-03
14088,481.39,UPI,2024-02-06
17416,1224.59,Card,2024-01-27
537,1670.61,Card,2024-01-25
2460,181.5,Wallet,2024-01-28
8207,553.11,NetBanking,2024-02-29
12486,1440.57,Wallet,2024-01-19
4286,1947.18,UPI,2024-02-12
17573,1592.27,NetBanking,2024-01-22
13970,493.63,Card,2024-02-16
13602,797.23,Wallet,2024-02-27
18971,1184.71,NetBanking,2024-01-31
3621,189.82,Card,2024-02-02
13818,1696.75,NetBanking,2024-01-06
18375,376.52,Wallet,2024-01-27
3370,1739.64,Wallet,2024-02-05
4412,1175.37,NetBanking,2024-01-26
7185,105.3,Wallet,2024-02-16
16718,228.67,UPI,2024-02-27
18790,1796.8,NetBanking,2024-01-13
4575,405.73,Wallet,2024-02-18
12122,646.15,Wallet,2024-02-12
4639,318.65,Card,2024-02-11
3140,705.23,Card,2024-01-09
5930,1774.69,UPI,2024-02-20
12105,966.7,UPI,2024-02-22
5871,226.39,UPI,2024-02-13
529,1719.14,UPI,2024-02-07
13427,158.64,NetBanking,2024-01-02
17622,1769.92,NetBanking,2024-02-03
13148,537.03,UPI,2024-02-02
7401,1014.6,Wallet,2024-01-03
18782,1460.51,Card,2024-01-26
16146,1819.08,UPI,2024-02-20
12523,1386.72,Card,2024-01-29
4028,1906.1,Card,2024-01-27
18185,1325.9,Wallet,2024-02-21
895,1197.78,Wallet,2024-02-24
18824,224.14,Wallet,2024-01-04
12653,1141.54,UPI,2024-02-02
15582,423.28,Card,2024-01-06
7860,778.04,Card,2024-01-04
7168,860.3,Card,2024-01-01
16806,172.0,UPI,2024-01-22
383,1117.31,Wallet,2024-02-28
2159,1479.28,UPI,2024-01-22
938,1777.19,UPI,2024-01-14
15197,523.43,UPI,2024-02-01
2431,1965.11,UPI,2024-01-15
2057,1355.34,Card,2024-02-21
14789,878.18,NetBanking,2024-01-31
6880,1141.98,Card,2024-01-28
12917,1566.31,NetBanking,2024-02-12
10592,130.48,Wallet,2024-01-03
5805,193.7,Card,2024-01-01
19094,1716.61,Wallet,2024-01-19
9556,1688.37,NetBanking,2024-01-01
18646,1479.32,NetBanking,2024-01-02
12160,1740.96,Card,2024-02-29
11286,1369.2,Wallet,2024-01-23
4802,987.13,NetBanking,2024-01-26
19927,1080.92,NetBanking,2024-02-21
7359,1060.12,UPI,2024-01-30
10052,1096.07,UPI,2024-02-16
7437,1609.78,NetBanking,2024-01-24
4470,840.38,Card,2024-02-27
2481,452.31,Wallet,2024-02-12
7309,1629.71,Wallet,2024-02-05
12371,825.67,Wallet,2024-02-02
12023,1756.67,Wallet,2024-01-09
6110,829.1,Wallet,2024-01-19
12544,336.35,NetBanking,2024-02-06
13568,1166.4,Wallet,2024-02-17
15826,621.11,Card,2024-02-25
7258,1515.05,Card,2024-02-14
4890,414.33,UPI,2024-01-11
9421,736.35,Card,2024-01-17
2687,158.55,Wallet,2024-02-05
13657,1540.54,NetBanking,2024-01-05
18792,1197.91,NetBanking,2024-01-15
7980,280.59,Card,2024-02-02
2744,1880.99,Wallet,2024-02-14
3713,833.21,Wallet,2024-02-22
4539,717.13,Wallet,2024-02-23
16896,280.34,Wallet,2024-02-07
13342,1065.83,Card,2024-02-19
9114,396.89,UPI,2024-01-30
12667,1431.43,Card,2024-01-08
16852,340.01,Card,2024-01-02
11612,550.11,Wallet,2024-01-07
17312,1994.15,Wallet,2024-02-03
18297,648.67,NetBanking,2024-02-12
6482,1755.2,NetBanking,2024-02-22
4407,838.29,Wallet,2024-02-07
8830,794.99,NetBanking,2024-01-02
10399,1317.66,UPI,2024-02-21
15228,1346.0,Wallet,2024-02-21
18509,1139.12,NetBanking,2024-02-12
7433,774.08,NetBanking,2024-01-04
14815,785.59,UPI,2024-02-28
1479,1710.64,Wallet,2024-03-01
12569,214.61,Card,2024-01-30
9638,846.37,NetBanking,2024-01-17
18995,1657.68,UPI,2024-02-05
14756,1161.15,UPI,2024-02-24
13080,1893.47,NetBanking,2024-02-10
11676,1754.97,NetBanking,2024-02-23
4123,944.03,Wallet,2024-02-18
17611,1308.67,Card,2024-01-01
19951,1192.59,Wallet,2024-02-20
12076,156.51,Wallet,2024-01-04
8574,1280.92,Card,2024-02-26
15554,1464.48,NetBanking,2024-01-24
9849,591.97,UPI,2024-02-20
14134,1889.58,NetBanking,2024-02-12
7403,1914.11,Card,2024-01-08
5436,1471.87,UPI,2024-02-06
18833,1588.81,Wallet,2024-01-23
5453,1918.72,NetBanking,2024-02-28
463,1671.6,Card,2024-02-12
343,1463.14,Card,2024-01-20
4097,103.96,Card,2024-02-02
1104,794.07,NetBanking,2024-02-20
4485,287.78,Card,2024-01-15
6629,1755.93,UPI,2024-01-01
14728,1050.0,Wallet,2024-01-21
5471,204.72,Wallet,2024-01-19
9554,635.93,Card,2024-01-23
17274,941.07,NetBanking,2024-01-13
1002,709.44,NetBanking,2024-02-19
3706,853.6,UPI,2024-01-10
4237,107.68,Card,2024-01-23
9200,578.65,Wallet,2024-01-16
1781,981.71,Card,2024-02-29
16908,544.95,Card,2024-02-01
8987,1391.68,Card,2024-01-04
19819,1190.36,UPI,2024-01-27
3661,266.82,UPI,2024-02-10
9048,1947.2,UPI,2024-02-17
19916,141.1,UPI,2024-02-08
385,592.64,UPI,2024-01-11
7975,210.88,UPI,2024-01-17
17174,468.86,Card,2024-02-17
17466,1788.0,UPI,2024-01-07
6277,1151.41,UPI,2024-01-03
15530,1715.44,Wallet,2024-01-17
11613,1529.26,Wallet,2024-01-16
8789,595.04,UPI,2024-02-07
14385,1923.28,NetBanking,2024-01-23
8981,358.07,Card,2024-02-20
8733,938.97,NetBanking,2024-02-07
10287,1602.58,UPI,2024-02-09
1274,825.24,UPI,2024-01-10
2571,692.98,Wallet,2024-01-09
11854,1223.17,UPI,2024-01-17
12800,280.15,Wallet,2024-02-23
7146,1316.11,Card,2024-02-03
13558,1105.6,NetBanking,2024-01-12
15894,975.79,Wallet,2024-01-03
15028,313.71,Wallet,2024-01-13
6564,624.51,UPI,2024-01-01
6581,1620.43,UPI,2024-02-22
12724,1914.64,Wallet,2024-02-08
14994,108.5,Card,2024-02-20
4720,679.29,Card,2024-02-17
3152,211.1,Wallet,2024-02-12
5087,886.22,UPI,2024-01-18
18962,636.47,NetBanking,2024-01-07
11050,394.28,NetBanking,2024-02-21
1803,840.71,Wallet,2024-02-29
4552,1112.04,Card,2024-01-21
7641,736.6,NetBanking,2024-01-31
3522,1993.42,Card,2024-02-03
15008,864.81,Card,2024-02-14
9605,436.84,UPI,2024-01-04
3488,1693.04,UPI,2024-02-18
11923,199.77,UPI,2024-01-20
6878,743.64,UPI,2024-02-13
16727,1196.51,UPI,2024-02-06
5038,2076.76,Wallet,2024-02-04
17278,1988.22,Wallet,2024-02-03
6136,1718.17,NetBanking,2024-02-16
19639,1355.44,UPI,2024-02-12
10028,1500.61,Wallet,2024-01-30
17078,1210.99,Card,2024-01-11
9282,1561.08,Card,2024-02-27
15035,547.27,UPI,2024-02-09
17497,1731.62,UPI,2024-02-29
9350,1564.62,NetBanking,2024-01-16
11132,331.81,NetBanking,2024-02-01
13700,1326.44,Wallet,2024-01-11
17421,901.94,NetBanking,2024-02-21
8181,1000.69,NetBanking,2024-02-23
4976,325.59,Card,2024-01-23
17221,1372.53,UPI,2024-01-15
8075,737.63,UPI,2024-01-02
13246,993.74,UPI,2024-01-05
17132,813.29,NetBanking,2024-02-09
9448,289.42,Card,2024-01-20
3682,466.94,NetBanking,2024-01-31
18329,1677.0,Wallet,2024-02-14
9195,200.12,Wallet,2024-01-12
10491,1790.76,NetBanking,2024-01-24
997,954.32,Wallet,2024-01-14
9993,170.98,Card,2024-01-10
17178,1696.36,Wallet,2024-02-03
1301,1737.49,Wallet,2024-01-20
6500,1141.21,NetBanking,2024-02-29
6969,1141.93,UPI,2024-01-24
8412,189.03,Wallet,2024-01-31
4342,1697.37,Wallet,2024-01-09
11152,194.84,NetBanking,2024-02-01
15778,560.14,NetBanking,2024-02-15
1715,1631.16,UPI,2024-02-26
1900,262.33,Card,2024-01-17
8154,1072.9,NetBanking,2024-02-08
7796,485.58,UPI,2024-02-23
13450,407.8,UPI,2024-01-04
6075,695.72,UPI,2024-02-06
18913,1906.67,Wallet,2024-02-06
3126,1147.06,Card,2024-01-04
15078,1238.66,Card,2024-02-28
14900,395.8,Wallet,2024-01-26
16719,1175.75,UPI,2024-01-01
15067,1041.8,Card,2024-01-22
7321,764.9,Wallet,2024-02-22
9363,1353.59,UPI,2024-02-19
12874,435.11,Card,2024-01-01
10753,1965.12,NetBanking,2024-02-13
7055,1688.13,Card,2024-01-06
5338,946.88,Wallet,2024-01-29
11359,795.88,UPI,2024-01-07
3695,1089.61,NetBanking,2024-01-16
724,279.25,UPI,2024-02-03
2612,966.39,Wallet,2024-02-15
14084,1464.53,NetBanking,2024-02-06
240,1262.57,Card,2024-01-11
17418,1403.97,UPI,2024-02-13
6311,1548.75,NetBanking,2024-01-14
14714,1622.14,Wallet,2024-01-30
6885,1128.92,UPI,2024-01-20
12808,1378.64,UPI,2024-01-04
9170,422.99,Card,2024-02-21
2602,366.3,UPI,2024-02-13
18431,137.54,UPI,2024-01-12
11864,1621.51,NetBanking,2024-02-17
15338,1740.23,UPI,2024-02-18
18775,1115.55,NetBanking,2024-02-25
18581,497.4,Card,2024-02-16
2168,1099.1,UPI,2024-02-11
1147,272.4,UPI,2024-02-21
18366,794.7,UPI,2024-02-04
3511,1681.18,Card,2024-01-29
12157,1313.58,Wallet,2024-02-20
5356,1692.9,NetBanking,2024-02-21
7381,1135.19,NetBanking,2024-01-16
15434,828.89,UPI,2024-02-15
9473,1901.18,UPI,2024-01-23
14652,150.25,UPI,2024-02-07
5963,1237.57,Wallet,2024-03-01
795,208.45,UPI,2024-01-31
9168,1472.66,Wallet,2024-02-27
13782,1678.89,UPI,2024-02-06
1926,1974.16,Card,2024-01-21
11598,1438.92,Wallet,2024-01-24
13311,1975.85,NetBanking,2024-02-17
6556,466.81,UPI,2024-01-05
9597,1774.09,NetBanking,2024-01-15
12025,370.66,UPI,2024-01-31
13732,1092.49,UPI,2024-01-14
11829,594.17,Card,2024-02-13
16965,938.32,NetBanking,2024-02-08
1986,818.35,NetBanking,2024-02-14
4318,671.39,Wallet,2024-02-03
14443,198.61,UPI,2024-02-26
5279,1071.14,Wallet,2024-01-07
19523,897.15,Card,2024-02-28
16973,927.69,Wallet,2024-01-27
12718,1881.62,UPI,2024-02-27
19857,1923.88,UPI,2024-02-23
15274,758.67,NetBanking,2024-02-19
18141,1347.5,Wallet,2024-01-14
9995,830.33,UPI,2024-02-23
3537,1347.54,UPI,2024-02-05
14785,148.47,UPI,2024-02-18
16230,1391.08,Card,2024-02-21
4058,374.05,NetBanking,2024-03-01
16583,1037.75,Wallet,2024-02-08
5722,1906.04,UPI,2024-01-18
5525,1590.56,Card,2024-02-23
2737,1579.51,Card,2024-01-28
3817,1861.35,NetBanking,2024-02-05
19579,1170.11,Card,2024-01-30
846,374.23,Card,2024-02-16
5781,405.54,NetBanking,2024-02-11
11553,763.89,NetBanking,2024-01-24
16998,177.1,Wallet,2024-01-29
17011,303.28,UPI,2024-01-22
18939,1553.96,NetBanking,2024-02-25
18492,1152.35,Card,2024-01-12
4735,153.46,Wallet,2024-02-14
16628,1142.21,Wallet,2024-01-24
8295,280.31,Card,2024-02-18
17772,1828.13,Wallet,2024-02-09
14572,268.85,UPI,2024-01-29
3910,1172.53,NetBanking,2024-02-14
5988,1501.18,NetBanking,2024-02-18
5448,1375.13,Card,2024-02-23
11199,1280.18,UPI,2024-02-14
1266,1625.39,NetBanking,2024-01-24
18037,773.17,Wallet,2024-02-10
7290,1514.83,NetBanking,2024-01-24
10492,1064.62,Card,2024-02-19
19386,1257.12,NetBanking,2024-01-06
5089,348.61,Card,2024-01-19
1032,578.86,NetBanking,2024-01-27
7908,256.5,UPI,2024-01-08
7064,1727.8,NetBanking,2024-01-23
10644,1232.44,UPI,2024-01-16
15977,1956.16,Card,2024-02-29
8773,260.35,Card,2024-02-03
2827,1544.29,Wallet,2024-02-14
10677,857.71,UPI,2024-01-03
1235,394.38,Wallet,2024-01-31
14472,1976.13,Card,2024-02-26
15385,227.64,UPI,2024-01-07
3500,1483.98,Card,2024-02-05
2741,431.69,NetBanking,2024-03-01
15044,220.61,Wallet,2024-01-20
8024,1462.13,Wallet,2024-02-29
6318,1123.2,UPI,2024-01-19
3687,745.71,Wallet,2024-01-19
2746,797.1,Wallet,2024-02-11
8158,917.14,Card,2024-02-21
12716,1284.03,NetBanking,2024-02-02
4408,1915.52,NetBanking,2024-01-05
13052,1184.35,UPI,2024-02-05
6866,1412.61,UPI,2024-01-25
4219,1699.57,Card,2024-02-29
16509,494.96,Card,2024-01-19
13013,812.58,UPI,2024-02-04
16251,130.3,NetBanking,2024-02-16
3270,1335.6,NetBanking,2024-02-21
19914,218.08,Wallet,2024-01-01
19813,1490.52,Card,2024-02-21
15116,1820.55,Wallet,2024-02-23
19790,592.92,NetBanking,2024-03-01
10107,1390.08,Wallet,2024-02-21
14392,1350.68,NetBanking,2024-01-18
3753,329.3,UPI,2024-02-21
19852,1445.59,Wallet,2024-01-25
8013,1219.51,Wallet,2024-02-08
12932,1724.76,Card,2024-02-12
9457,1605.92,Wallet,2024-01-07
7806,616.96,NetBanking,2024-02-12
17280,1033.98,UPI,2024-01-13
5785,620.18,Card,2024-02-12
2361,1171.9,NetBanking,2024-01-13
7128,323.66,Wallet,2024-01-27
18651,941.17,Wallet,2024-02-09
2221,1957.32,NetBanking,2024-02-28
12187,664.67,Card,2024-01-15
13398,338.85,NetBanking,2024-02-11
11507,1415.17,Card,2024-01-11
13168,269.18,Wallet,2024-01-14
10092,777.17,UPI,2024-01-15
134,940.59,Card,2024-01-17
9362,945.65,NetBanking,2024-02-15
6884,457.78,NetBanking,2024-01-13
9099,1102.48,UPI,2024-01-25
993,1041.23,UPI,2024-01-28
2550,1114.81,NetBanking,2024-02-22
11947,1072.92,UPI,2024-02-23
1511,1288.7,Card,2024-01-26
10948,835.16,Wallet,2024-01-13
8864,861.79,UPI,2024-02-16
347,219.2,Card,2024-01-02
17412,1260.31,Wallet,2024-01-13
9577,1138.2,Wallet,2024-02-14
16454,1711.52,UPI,2024-02-22
11472,1724.73,NetBanking,2024-02-05
16729,587.19,NetBanking,2024-02-26
7033,806.08,Card,2024-01-25
1083,886.59,NetBanking,2024-01-27
17535,375.78,NetBanking,2024-02-25
18081,1132.23,UPI,2024-02-20
6562,1695.85,NetBanking,2024-02-26
5042,683.15,UPI,2024-01-01
2187,481.87,Card,2024-02-01
2677,619.51,NetBanking,2024-01-14
7727,1153.21,NetBanking,2024-01-09
14228,1009.81,Wallet,2024-02-27
7260,1977.54,Card,2024-01-01
2766,392.88,Wallet,2024-01-24
12043,1702.45,Card,2024-02-25
10099,983.86,UPI,2024-02-05
16308,779.73,Wallet,2024-02-19
12841,423.48,Card,2024-01-20
10756,607.81,Wallet,2024-01-13
14586,1987.94,Card,2024-01-11
18867,112.39,Wallet,2024-02-18
10739,1963.23,UPI,2024-01-23
1124,359.06,NetBanking,2024-01-02
6728,240.71,UPI,2024-02-25
14185,1755.37,NetBanking,2024-01-12
11282,601.5,Wallet,2024-02-27
15848,1697.4,NetBanking,2024-01-11
3241,1709.64,NetBanking,2024-01-16
3080,322.33,Card,2024-01-31
1272,1188.5,UPI,2024-01-12
7802,740.49,NetBanking,2024-01-13
5803,1594.9,NetBanking,2024-02-13
6135,465.86,Wallet,2024-01-29
11099,960.95,Card,2024-01-09
3013,1552.48,NetBanking,2024-02-03
13243,680.22,Wallet,2024-01-07
13272,1160.49,Card,2024-02-20
3655,478.23,Card,2024-01-13
7601,221.38,Wallet,2024-01-31
7737,1650.36,Wallet,2024-01-16
3968,1939.85,UPI,2024-02-23
11633,151.99,Card,2024-02-23
15369,1578.3,NetBanking,2024-02-26
15600,575.23,UPI,2024-01-15
118,818.42,NetBanking,2024-01-21
9011,1712.37,UPI,2024-01-11
1704,776.97,Card,2024-02-10
11715,1609.69,UPI,2024-01-22
6914,1188.51,Card,2024-01-08
2904,727.36,Card,2024-01-09
7085,1416.66,Card,2024-01-11
10507,503.77,Card,2024-01-02
13896,798.22,Card,2024-01-24
14992,521.8,Wallet,2024-01-26
17168,1531.1,Card,2024-01-05
15877,281.52,NetBanking,2024-02-07
19910,1875.23,NetBanking,2024-02-20
16523,1196.59,Wallet,2024-01-23
12554,369.56,Wallet,2024-01-11
4427,1852.44,Wallet,2024-02-05
7634,1355.26,Card,2024-02-10
13056,1483.46,Wallet,2024-02-29
11077,1474.82,Card,2024-01-30
227,398.04,Wallet,2024-01-07
19898,1914.82,Wallet,2024-02-20
19311,1884.53,NetBanking,2024-01-06
19303,1686.18,NetBanking,2024-01-26
5761,1109.87,Card,2024-02-05
11858,201.41,Card,2024-02-24
11708,884.66,Card,2024-01-29
14409,1604.0,Wallet,2024-01-28
3304,646.32,NetBanking,2024-01-04
14635,961.33,UPI,2024-01-24
9816,1745.63,NetBanking,2024-02-20
8907,1123.84,Card,2024-01-29
16510,1407.46,Card,2024-02-20
4807,750.29,Card,2024-01-27
15136,122.49,Wallet,2024-01-21
3290,726.47,Wallet,2024-01-26
7421,1697.98,Wallet,2024-01-12
9936,741.52,UPI,2024-02-04
3911,117.53,Wallet,2024-01-03
15182,1833.76,Wallet,2024-02-15
6455,523.03,UPI,2024-02-22
563,539.34,Card,2024-02-01
962,752.3,UPI,2024-02-14
6480,1953.82,Card,2024-02-13
17598,840.67,Wallet,2024-01-31
16748,1282.2,UPI,2024-01-05
5169,1981.05,NetBanking,2024-01-31
5929,913.5,Wallet,2024-02-14
17098,1479.4,NetBanking,2024-02-01
2988,1226.67,NetBanking,2024-01-20
5746,334.83,NetBanking,2024-01-18
917,1615.79,UPI,2024-01-19
17214,1517.46,Card,2024-01-17
14267,1805.35,Card,2024-01-22
18357,1167.14,UPI,2024-01-17
19732,449.76,UPI,2024-01-25
12310,824.22,NetBanking,2024-01-21
15634,1741.61,UPI,2024-02-23
14920,1652.84,UPI,2024-02-15
12621,1629.6,UPI,2024-02-08
18934,1976.07,Wallet,2024-01-29
14940,151.43,NetBanking,2024-01-14
13241,1269.64,Card,2024-02-06
8390,1011.72,Wallet,2024-02-25
14834,577.93,Wallet,2024-02-06
5808,134.86,Wallet,2024-01-08
17088,717.19,Wallet,2024-01-26
13222,784.87,NetBanking,2024-01-22
5584,1890.68,UPI,2024-01-27
2096,625.1,NetBanking,2024-02-23
3425,1257.96,Card,2024-01-20
15501,362.8,UPI,2024-01-23
9651,1416.12,UPI,2024-01-22
18787,1978.84,NetBanking,2024-02-02
5974,1969.99,Wallet,2024-01-21
10304,1622.91,NetBanking,2024-01-30
15822,923.98,UPI,2024-02-08
19911,627.13,Card,2024-02-20
11399,919.06,UPI,2024-02-26
10714,1347.42,UPI,2024-01-07
9017,1639.07,UPI,2024-02-11
5284,973.38,UPI,2024-02-15
5337,209.14,NetBanking,2024-01-18
15321,1493.97,NetBanking,2024-01-12
19430,917.54,Card,2024-02-25
12642,463.71,NetBanking,2024-01-10
11193,1167.3,Card,2024-02-20
17880,168.01,Card,2024-02-27
17781,835.35,NetBanking,2024-01-27
17388,460.22,NetBanking,2024-02-20
3155,222.81,Card,2024-02-18
108,408.8,Card,2024-01-25
14595,1930.62,Wallet,2024-03-01
18183,232.21,UPI,2024-01-08
6947,1408.25,UPI,2024-02-04
13175,617.52,Card,2024-02-18
6803,1620.74,Card,2024-01-19
18373,1873.75,Wallet,2024-02-17
8725,1374.09,Wallet,2024-01-21
10976,278.2,Card,2024-01-14
4473,1138.57,Card,2024-01-13
16033,1543.97,UPI,2024-02-17
9222,631.89,UPI,2024-02-08
18006,1705.26,Wallet,2024-02-18
2932,856.6,Card,2024-02-26
7429,1044.0,Wallet,2024-02-13
2114,1817.01,UPI,2024-01-22
12477,1727.16,Wallet,2024-01-23
10396,1206.56,UPI,2024-01-10
1148,1971.69,Wallet,2024-01-21
5845,361.32,UPI,2024-01-19
3410,649.95,UPI,2024-01-07
13679,774.79,NetBanking,2024-01-09
6228,1011.18,NetBanking,2024-02-02
19734,1705.63,Wallet,2024-02-22
3409,1026.49,Card,2024-02-07
1680,1918.1,UPI,2024-01-07
12123,414.85,Wallet,2024-01-03
11515,1641.36,UPI,2024-02-06
15514,1270.91,Wallet,2024-02-19
5331,1860.52,UPI,2024-01-23
7172,284.01,NetBanking,2024-01-12
3371,419.26,NetBanking,2024-02-26
6323,1491.56,NetBanking,2024-01-08
17489,1661.95,UPI,2024-02-08
14406,568.84,UPI,2024-01-09
19110,1319.04,Wallet,2024-01-09
11306,1693.09,Wallet,2024-01-31
19594,131.82,NetBanking,2024-01-11
13579,137.78,Wallet,2024-01-19
6792,1175.67,Wallet,2024-02-15
14250,1033.05,Card,2024-01-04
15830,1054.23,Card,2024-02-08
18972,426.94,Wallet,2024-02-10
12443,1113.09,NetBanking,2024-02-29
11026,963.21,Card,2024-02-19
7674,1016.74,NetBanking,2024-01-29
15657,144.77,NetBanking,2024-01-01
15192,1060.21,NetBanking,2024-01-27
770,789.46,Card,2024-02-22
17891,1237.68,UPI,2024-02-18
2080,963.67,NetBanking,2024-02-13
2379,1678.5,Card,2024-01-19
10111,1498.98,Card,2024-01-29
12770,170.16,UPI,2024-02-24
17182,1904.38,Card,2024-01-04
6406,1368.2,Card,2024-01-05
5101,1057.69,Wallet,2024-01-23
14886,177.39,Card,2024-01-23
3626,742.47,UPI,2024-01-10
5429,1216.09,Wallet,2024-01-06
10326,1188.0,Card,2024-01-25
754,1231.34,NetBanking,2024-02-24
7461,1158.97,UPI,2024-01-24
7226,1757.98,Card,2024-01-30
16962,1794.53,Card,2024-01-01
2667,1778.66,NetBanking,2024-01-09
12180,491.6,Card,2024-02-22
6612,1265.16,NetBanking,2024-02-04
17066,1528.94,NetBanking,2024-01-13
11513,467.49,Wallet,2024-01-20
2945,345.15,Wallet,2024-02-24
10862,1565.82,UPI,2024-01-16
7913,1210.36,NetBanking,2024-01-31
3031,452.43,UPI,2024-02-16
5828,1640.83,UPI,2024-01-25
19384,1813.88,Wallet,2024-01-26
5238,1245.83,Wallet,2024-01-15
16402,1750.38,NetBanking,2024-02-15
10645,1260.3,Card,2024-02-19
16772,1721.0,NetBanking,2024-02-15
11730,1413.28,NetBanking,2024-02-04
14666,1863.7,UPI,2024-02-29
6888,1750.33,Wallet,2024-01-20
6993,1897.15,Wallet,2024-02-05
15457,378.15,Card,2024-01-04
10888,1800.26,UPI,2024-02-10
4239,1232.78,NetBanking,2024-01-01
17650,997.93,Card,2024-02-28
3173,1494.68,UPI,2024-02-12
685,1849.65,UPI,2024-02-19
3427,1054.79,Card,2024-01-05
10853,421.72,Wallet,2024-01-17
19833,184.98,NetBanking,2024-02-11
3768,107.74,Card,2024-01-11
2804,578.96,UPI,2024-01-15
14288,1878.22,UPI,2024-02-12
10249,1063.24,UPI,2024-02-24
18829,523.51,NetBanking,2024-02-09
3051,1552.54,Card,2024-02-12
3180,824.72,Wallet,2024-02-10
18395,1075.82,Wallet,2024-01-10
17507,1442.14,NetBanking,2024-01-02
16256,1754.88,Card,2024-03-01
13563,986.69,UPI,2024-01-23
1027,1882.39,Card,2024-01-23
4468,356.14,Card,2024-01-30
2868,1935.28,NetBanking,2024-01-13
17644,1971.98,NetBanking,2024-02-10
17969,1541.05,Card,2024-01-14
16440,566.34,UPI,2024-01-29
17584,1891.76,Card,2024-01-06
6248,769.94,Wallet,2024-02-11
2753,954.49,UPI,2024-01-11
5614,928.22,Card,2024-01-16
16306,1169.25,UPI,2024-01-29
14540,223.25,Wallet,2024-02-22
13228,1227.32,Card,2024-01-12
5139,796.34,NetBanking,2024-01-22
19438,478.07,Wallet,2024-01-15
17554,551.95,NetBanking,2024-01-31
1278,1568.88,NetBanking,2024-02-01
14927,1358.79,UPI,2024-01-07
1822,692.27,UPI,2024-01-17
3921,126.26,Wallet,2024-01-24
15318,1973.87,NetBanking,2024-02-24
19556,1745.59,Wallet,2024-01-14
6427,1121.35,Wallet,2024-02-17
39,932.57,Wallet,2024-01-20
3386,1972.61,Card,2024-01-23
17223,423.61,Card,2024-01-18
18820,962.01,UPI,2024-01-27
15036,959.05,Card,2024-02-18
12383,1211.87,NetBanking,2024-01-06
14809,1477.57,Card,2024-01-14
937,1777.29,Wallet,2024-01-09
10676,1711.37,UPI,2024-02-21
11475,479.27,UPI,2024-01-15
7425,604.9,UPI,2024-02-09
4200,1636.69,UPI,2024-02-15
2072,482.0,Wallet,2024-01-02
19884,464.14,Wallet,2024-01-22
1645,1743.06,Card,2024-01-23
3132,710.68,Wallet,2024-02-26
9867,1136.7,UPI,2024-01-14
12088,1634.05,UPI,2024-02-03
13919,1799.65,Wallet,2024-01-11
2471,1461.08,NetBanking,2024-01-16
1811,276.32,Wallet,2024-01-27
6527,1294.1,UPI,2024-02-22
1676,813.45,NetBanking,2024-02-22
17545,1951.07,Wallet,2024-01-14
14264,1560.99,Wallet,2024-02-28
10880,128.17,NetBanking,2024-02-14
10574,395.32,Card,2024-02-18
1710,479.14,UPI,2024-01-06
19336,360.21,NetBanking,2024-01-31
16057,1722.82,Card,2024-02-02
17494,423.01,UPI,2024-01-12
16836,1168.72,Card,2024-02-14
8962,1069.69,Card,2024-02-24
16436,478.46,Wallet,2024-01-26
10098,1461.21,Wallet,2024-01-31
9800,648.95,Wallet,2024-02-28
8480,608.44,Card,2024-02-15
18170,1752.31,UPI,2024-01-23
19086,843.07,Wallet,2024-01-11
4476,923.02,Wallet,2024-01-23
7564,1567.6,Card,2024-02-15
10153,935.29,UPI,2024-01-21
18838,1725.82,UPI,2024-02-04
14275,1413.43,NetBanking,2024-01-25
13620,1475.85,UPI,2024-01-19
2925,533.66,UPI,2024-01-20
5026,1232.32,Card,2024-01-04
12419,1083.21,Card,2024-01-18
4464,1370.94,Wallet,2024-01-27
10913,372.79,Card,2024-02-10
10661,328.08,UPI,2024-02-09
8540,1703.61,Card,2024-02-22
3190,1518.01,UPI,2024-02-26
14937,491.28,Card,2024-02-16
376,1614.82,Wallet,2024-02-11
16363,1619.54,NetBanking,2024-01-08
18561,1269.95,Card,2024-01-01
15307,1505.59,NetBanking,2024-01-06
13198,808.73,UPI,2024-02-15
708,1581.2,Wallet,2024-02-29
13924,329.41,NetBanking,2024-02-11
7657,1841.29,NetBanking,2024-01-17
18235,1913.33,Card,2024-02-07
6968,1088.45,Wallet,2024-02-29
4732,815.11,UPI,2024-01-29
9176,528.75,Card,2024-01-15
812,1270.88,NetBanking,2024-02-05
650,1869.38,UPI,2024-01-11
19534,1129.42,Wallet,2024-01-16
10626,240.0,Wallet,2024-01-01
19823,1753.17,NetBanking,2024-02-04
5333,1392.33,UPI,2024-02-07
17714,1489.59,NetBanking,2024-01-19
11213,1041.33,NetBanking,2024-01-07
17826,1032.36,UPI,2024-01-19
2369,1815.33,NetBanking,2024-01-05
10060,1035.37,Wallet,2024-01-22
17012,891.75,NetBanking,2024-02-03
9765,1771.63,Card,2024-01-08
5546,937.99,Card,2024-02-20
12296,559.39,Wallet,2024-02-19
15786,1735.75,Card,2024-02-28
14466,1486.12,Wallet,2024-02-29
16285,1429.14,NetBanking,2024-01-18
1329,1719.0,NetBanking,2024-01-24
1845,1299.42,NetBanking,2024-02-12
902,1577.3,NetBanking,2024-02-12
8915,1898.64,NetBanking,2024-02-06
16211,1922.0,NetBanking,2024-01-15
18120,110.98,Wallet,2024-01-10
14725,1200.33,Card,2024-01-20
11012,1502.43,UPI,2024-02-07
886,1033.14,Card,2024-02-27
14582,1167.37,NetBanking,2024-02-12
9671,614.34,Card,2024-01-13
2095,1114.57,Wallet,2024-02-24
16572,191.07,Card,2024-01-14
4683,1597.09,UPI,2024-02-09
10549,1433.88,Wallet,2024-02-06
16742,1554.82,UPI,2024-02-01
4866,722.87,NetBanking,2024-02-03
1375,1838.53,NetBanking,2024-01-04
3328,335.47,Wallet,2024-01-09
262,694.1,Card,2024-01-30
16035,1158.33,Card,2024-02-10
9075,2023.54,NetBanking,2024-03-01
19002,1398.58,UPI,2024-02-26
17025,1637.77,NetBanking,2024-02-25
16928,1711.25,UPI,2024-02-16
13541,240.74,UPI,2024-02-16
14516,185.04,NetBanking,2024-01-01
2524,1546.39,UPI,2024-02-05
2333,805.12,Card,2024-01-12
18642,1479.91,NetBanking,2024-02-11
2515,418.69,Wallet,2024-01-01
14154,883.23,UPI,2024-01-03
14928,1903.08,Wallet,2024-02-25
8819,586.76,Wallet,2024-02-13
15633,846.1,Wallet,2024-01-08
17727,1400.05,Card,2024-02-23
9113,1525.42,UPI,2024-01-14
2435,603.96,Wallet,2024-02-13
12842,1664.5,Card,2024-01-10
17130,1792.28,UPI,2024-01-31
12756,1682.99,Wallet,2024-01-01
9478,1990.45,Wallet,2024-02-29
2739,1985.56,Card,2024-01-24
18030,1730.8,Wallet,2024-02-15
18234,1419.67,NetBanking,2024-02-27
698,1806.31,Wallet,2024-01-02
10704,709.86,Card,2024-01-26
10815,108.14,Card,2024-02-24
18374,1270.4,NetBanking,2024-02-28
7770,1279.68,UPI,2024-01-27
6167,952.95,UPI,2024-01-16
19651,1960.11,Card,2024-01-19
13650,1130.45,NetBanking,2024-02-21
17397,129.68,NetBanking,2024-01-15
16124,747.87,Card,2024-02-22
4772,1386.71,Card,2024-01-27
16235,817.38,UPI,2024-01-20
19501,583.43,UPI,2024-02-09
9043,1385.17,Card,2024-01-24
19917,1973.87,NetBanking,2024-01-02
17801,191.93,Wallet,2024-01-24
18439,736.1,NetBanking,2024-01-02
7338,1424.13,NetBanking,2024-01-21
5403,379.1,NetBanking,2024-02-10
4023,1842.98,UPI,2024-02-15
14771,1635.46,Wallet,2024-02-19
15715,1278.09,UPI,2024-01-14
6065,829.16,Card,2024-01-22
5894,1618.89,Card,2024-02-26
1538,800.05,Card,2024-02-04
7687,1667.6,Wallet,2024-01-12
15788,273.25,UPI,2024-01-02
15552,1566.14,Wallet,2024-01-01
5801,1499.27,NetBanking,2024-01-27
11699,1835.22,Wallet,2024-01-10
9637,1502.58,UPI,2024-01-07
9063,1796.38,Wallet,2024-02-15
3060,1717.37,NetBanking,2024-01-06
5201,468.13,NetBanking,2024-01-13
7711,1710.11,UPI,2024-01-03
17531,378.88,Wallet,2024-01-30
1843,1925.73,UPI,2024-03-01
10617,950.79,Card,2024-01-16
3831,1089.76,Wallet,2024-02-12
14341,429.82,Card,2024-02-21
15577,1525.2,Wallet,2024-02-24
15879,215.86,Wallet,2024-01-21
5763,1931.09,Card,2024-02-17
1872,889.97,NetBanking,2024-01-24
15718,280.7,NetBanking,2024-02-13
14473,428.57,NetBanking,2024-02-02
1980,725.02,Card,2024-01-08
16665,1193.93,NetBanking,2024-01-23
16216,1650.18,Card,2024-02-26
15121,1091.76,UPI,2024-01-11
2355,1113.04,Card,2024-02-28
5976,956.62,NetBanking,2024-01-13
14354,474.34,UPI,2024-03-01
2120,539.88,UPI,2024-02-11
15340,501.82,NetBanking,2024-02-14
12288,1243.94,Card,2024-01-02
7456,248.88,Card,2024-01-28
12034,1713.71,NetBanking,2024-01-08
10589,1194.1,UPI,2024-01-05
12390,982.93,UPI,2024-01-30
19630,935.86,NetBanking,2024-02-13
11030,734.99,NetBanking,2024-01-21
12689,752.05,Card,2024-01-22
5551,1212.57,Wallet,2024-02-14
14163,100.87,Card,2024-02-17
19694,234.97,Wallet,2024-01-20
103,1020.09,Card,2024-02-06
1056,158.76,UPI,2024-02-19
8785,535.11,Wallet,2024-02-02
3360,887.98,UPI,2024-01-19
3645,862.86,UPI,2024-01-28
18169,308.45,UPI,2024-02-24
4718,637.46,Card,2024-02-05
1394,1348.19,UPI,2024-01-20
1210,868.56,Wallet,2024-02-01
17273,1426.48,Card,2024-02-21
8479,830.65,Card,2024-01-26
1249,210.78,UPI,2024-03-01
4744,428.99,Card,2024-01-17
10594,328.37,Wallet,2024-01-20
2657,1356.77,NetBanking,2024-02-01
4924,142.12,Wallet,2024-01-31
14111,899.41,NetBanking,2024-01-08
10217,481.88,UPI,2024-02-02
14569,857.71,Wallet,2024-02-09
13895,634.61,UPI,2024-01-07
6355,671.56,Wallet,2024-02-06
18319,988.23,Card,2024-02-16
10735,902.8,NetBanking,2024-01-31
573,328.44,UPI,2024-01-19
10133,1625.16,Wallet,2024-02-01
4533,262.05,Card,2024-01-16
11581,1950.03,NetBanking,2024-02-22
5767,1384.23,NetBanking,2024-01-21
13662,871.17,UPI,2024-01-14
5941,1336.87,Card,2024-01-22
18280,1822.38,UPI,2024-01-14
16413,1702.71,Wallet,2024-02-13
5795,211.29,Card,2024-01-09
7661,566.64,UPI,2024-02-02
12835,1126.96,Wallet,2024-02-22
208,892.06,NetBanking,2024-01-20
17372,1477.78,UPI,2024-01-20
1883,1087.7,Card,2024-01-13
4270,1423.07,UPI,2024-02-02
18222,1079.64,UPI,2024-02-15
14293,1270.43,NetBanking,2024-02-27
18114,1693.23,Card,2024-02-01
11333,295.13,NetBanking,2024-01-19
7897,913.83,Wallet,2024-01-07
2906,1936.51,Card,2024-02-08
1382,583.34,NetBanking,2024-02-08
17018,115.45,UPI,2024-01-14
3047,119.24,UPI,2024-01-21
11182,1394.16,Card,2024-01-19
12108,1477.68,Wallet,2024-02-11
913,832.25,Wallet,2024-01-12
5503,2096.95,Wallet,2024-02-04
15025,876.31,UPI,2024-02-28
8643,1013.86,NetBanking,2024-01-16
11500,280.29,NetBanking,2024-02-08
14469,2279.35,Card,2024-02-23
17338,1407.05,NetBanking,2024-01-15
2180,1752.98,NetBanking,2024-01-19
12436,579.27,Wallet,2024-02-23
5313,824.78,UPI,2024-01-08
16790,1358.35,NetBanking,2024-03-01
8730,1073.4,Card,2024-02-15
19357,1980.58,Card,2024-01-23
7925,944.53,Card,2024-02-04
9056,1538.98,Wallet,2024-01-07
22,135.8,UPI,2024-02-09
4970,751.05,Wallet,2024-01-09
11884,1076.58,Card,2024-01-28
14690,1921.04,UPI,2024-02-28
11064,1802.24,Wallet,2024-01-09
13684,690.29,Wallet,2024-02-01
17724,1167.3,NetBanking,2024-02-26
7837,1344.12,Card,2024-02-26
15432,630.9,Wallet,2024-02-23
11062,155.36,Card,2024-01-21
3026,1246.93,NetBanking,2024-01-10
1658,481.7,NetBanking,2024-02-10
2528,1749.43,NetBanking,2024-01-25
15841,1536.13,UPI,2024-02-29
19894,242.48,UPI,2024-02-26
1350,1106.45,UPI,2024-02-16
8528,778.37,Wallet,2024-01-24
6858,1171.67,UPI,2024-02-08
17848,283.79,UPI,2024-02-18
16562,1323.7,UPI,2024-01-22
9908,1675.8,Card,2024-01-03
19178,1852.57,UPI,2024-01-01
2016,1308.24,NetBanking,2024-01-29
7003,695.44,Card,2024-02-08
6358,184.43,NetBanking,2024-01-29
11148,807.4,Card,2024-02-18
17194,630.4,NetBanking,2024-01-26
13704,785.88,Card,2024-02-29
4625,434.9,Wallet,2024-01-12
6987,969.59,NetBanking,2024-02-10
14847,245.17,Wallet,2024-02-25
9545,1008.2,Wallet,2024-01-30
10687,1762.44,NetBanking,2024-01-23
97,965.88,Card,2024-01-21
505,227.34,Wallet,2024-01-09
15811,1769.92,UPI,2024-01-10
16590,474.56,UPI,2024-01-15
16940,1094.02,Card,2024-02-06
4115,1935.75,Card,2024-01-20
15720,349.22,Card,2024-02-19
2399,1969.87,UPI,2024-01-23
15445,581.98,Wallet,2024-02-06
6380,134.21,UPI,2024-02-14
5094,1213.34,Wallet,2024-02-05
17394,1265.63,Wallet,2024-01-04
18109,1111.9,Card,2024-02-11
4268,722.23,NetBanking,2024-01-23
18701,1729.22,UPI,2024-01-05
11071,989.42,NetBanking,2024-01-24
2783,243.04,Card,2024-02-19
17465,924.88,NetBanking,2024-01-24
16656,1637.88,UPI,2024-02-22
16990,330.04,Wallet,2024-01-04
11319,467.4,Card,2024-02-05
15874,1247.94,UPI,2024-01-16
3024,102.46,Card,2024-01-01
18975,585.63,UPI,2024-02-14
9121,1852.26,Wallet,2024-02-15
7794,621.02,Card,2024-02-20
9821,777.18,NetBanking,2024-01-12
9314,1191.06,Wallet,2024-01-28
14786,372.44,Card,2024-01-01
14368,244.75,UPI,2024-02-12
4360,845.64,NetBanking,2024-02-03
18899,1800.72,NetBanking,2024-01-22
4036,1595.54,UPI,2024-01-31
14248,1685.17,Wallet,2024-01-07
1655,848.96,UPI,2024-02-09
18805,180.18,NetBanking,2024-01-12
18909,316.67,UPI,2024-01-12
14370,686.16,Card,2024-01-03
10792,1513.8,NetBanking,2024-02-13
2263,1228.28,UPI,2024-02-03
3463,186.79,Card,2024-01-27
3740,1018.68,Wallet,2024-01-18
17506,147.11,Wallet,2024-01-08
6875,1620.61,NetBanking,2024-01-27
19758,234.43,NetBanking,2024-02-11
16236,1997.94,Card,2024-01-04
16671,616.52,Card,2024-02-09
7689,1584.48,Card,2024-02-25
17864,397.76,NetBanking,2024-01-30
10274,1727.54,NetBanking,2024-01-14
18496,2088.33,NetBanking,2024-01-19
12708,1312.04,UPI,2024-01-14
17745,296.07,Wallet,2024-02-08
12306,441.83,Card,2024-01-18
5420,220.27,Card,2024-01-30
5401,1764.99,Card,2024-02-15
16819,687.61,UPI,2024-02-21
7084,1122.58,Wallet,2024-01-18
11393,1633.88,Wallet,2024-01-03
1722,1413.93,NetBanking,2024-01-14
10954,1387.11,NetBanking,2024-02-20
6600,243.59,Card,2024-01-14
14430,1365.08,Card,2024-02-08
13456,955.93,Card,2024-01-17
2341,143.32,Wallet,2024-02-15
8554,1856.42,NetBanking,2024-01-02
475,1881.14,UPI,2024-01-28
1476,323.77,Card,2024-01-31
19977,737.84,UPI,2024-02-29
5665,115.95,Wallet,2024-01-16
14579,1559.43,Wallet,2024-01-06
18460,1793.67,Card,2024-02-03
14227,1015.81,Wallet,2024-01-15
19806,1738.45,Card,2024-02-11
16616,1865.21,Card,2024-01-02
10726,1519.65,NetBanking,2024-01-02
13561,491.53,Wallet,2024-01-09
9370,926.19,Card,2024-01-03
8190,1719.14,Card,2024-01-05
19341,718.03,Wallet,2024-01-03
19508,1391.78,Card,2024-03-01
11979,947.79,Wallet,2024-02-09
8820,607.89,UPI,2024-01-29
12504,1493.69,Card,2024-01-18
17657,1497.58,NetBanking,2024-01-01
14103,1783.8,Wallet,2024-01-09
8715,635.24,Wallet,2024-01-25
17694,1526.26,UPI,2024-01-01
16835,944.07,Wallet,2024-02-23
3750,1155.58,UPI,2024-01-27
15066,1623.71,NetBanking,2024-01-13
18057,118.32,UPI,2024-01-26
14634,1390.58,NetBanking,2024-02-06
13614,1689.25,Wallet,2024-02-21
13256,1701.8,Card,2024-02-05
11403,637.15,Card,2024-01-29
18667,1829.25,NetBanking,2024-01-30
10556,134.23,UPI,2024-01-12
14753,1874.42,UPI,2024-01-31
10345,590.41,Wallet,2024-02-17
7339,1296.95,Wallet,2024-01-16
3058,1997.54,UPI,2024-01-21
18143,1897.47,UPI,2024-01-15
17131,1794.34,NetBanking,2024-01-15
11185,1261.51,Wallet,2024-01-01
14883,1324.34,UPI,2024-01-19
2293,323.35,Wallet,2024-02-14
19984,530.03,Card,2024-01-25
17283,1974.69,NetBanking,2024-01-08
18608,1989.73,Card,2024-01-08
12624,654.62,NetBanking,2024-02-12
10205,138.05,UPI,2024-01-20
18480,425.53,Wallet,2024-02-16
4063,1844.39,NetBanking,2024-02-24
1125,807.73,NetBanking,2024-03-01
15927,227.59,NetBanking,2024-02-02
16271,1250.74,UPI,2024-01-06
9559,1968.8,Card,2024-01-20
782,1439.21,UPI,2024-02-11
7027,1468.8,UPI,2024-01-24
15363,686.38,UPI,2024-01-23
2253,772.85,UPI,2024-01-03
3632,1702.32,UPI,2024-02-17
16634,1422.54,NetBanking,2024-01-12
19693,644.37,NetBanking,2024-01-19
2866,151.41,UPI,2024-01-06
2980,239.63,NetBanking,2024-01-19
4423,1905.89,UPI,2024-01-24
3314,1144.76,UPI,2024-01-15
410,253.23,Wallet,2024-02-19
462,662.77,Wallet,2024-02-10
17719,1896.39,Card,2024-02-04
11281,1419.73,NetBanking,2024-02-15
12453,1579.69,Wallet,2024-01-29
3160,970.62,UPI,2024-02-27
15232,1236.72,NetBanking,2024-01-14
12615,1030.37,UPI,2024-01-28
6677,535.96,UPI,2024-01-09
414,1204.07,NetBanking,2024-01-22
1930,999.96,Card,2024-02-09
4050,1893.54,Wallet,2024-01-29
15966,1320.83,Card,2024-01-17
13331,502.51,Wallet,2024-01-17
12020,1891.05,Wallet,2024-01-10
1113,181.52,NetBanking,2024-01-01
7522,1008.8,NetBanking,2024-02-29
15601,1546.34,UPI,2024-01-02
11547,526.11,NetBanking,2024-02-05
17536,1392.05,UPI,2024-02-03
11446,1216.8,Card,2024-02-21
17043,329.43,Wallet,2024-01-20
12042,352.39,Card,2024-02-06
1478,100.51,Wallet,2024-02-21
5729,106.01,Wallet,2024-02-11
5731,1143.57,NetBanking,2024-02-08
6548,1081.14,NetBanking,2024-01-05
38,190.37,Card,2024-02-14
4361,1688.56,UPI,2024-02-24
4324,1377.65,Card,2024-02-26
9901,1121.62,Wallet,2024-01-31
11583,1924.18,Wallet,2024-02-03
3900,1692.31,UPI,2024-02-20
19118,1821.72,NetBanking,2024-02-19
5629,1908.11,Wallet,2024-01-11
3722,1182.52,NetBanking,2024-01-31
10227,403.7,NetBanking,2024-01-22
19671,666.12,UPI,2024-02-27
9599,577.22,UPI,2024-02-16
7110,430.29,UPI,2024-01-23
6768,1661.39,NetBanking,2024-01-06
10554,953.78,UPI,2024-02-15
7208,1308.28,Wallet,2024-02-08
12404,1867.34,UPI,2024-02-29
11576,394.4,UPI,2024-01-30
4235,358.2,Wallet,2024-01-02
18481,1629.6,Card,2024-02-28
2614,477.47,Card,2024-01-22
2207,785.55,UPI,2024-01-28
9977,1675.02,Wallet,2024-01-10
19241,1879.43,Wallet,2024-01-09
16898,1051.99,Wallet,2024-03-01
9672,1213.65,Card,2024-01-19
2437,510.91,Card,2024-02-10
8333,770.71,Wallet,2024-02-23
3901,1064.49,Card,2024-02-22
7968,678.46,NetBanking,2024-01-05
12863,197.74,NetBanking,2024-01-27
11527,855.9,UPI,2024-02-14
2419,1057.13,Card,2024-02-19
2782,619.33,UPI,2024-02-06
12671,649.17,Wallet,2024-02-23
4592,172.59,Wallet,2024-02-19
6955,1974.93,NetBanking,2024-02-27
17212,1340.32,NetBanking,2024-02-02
16544,1549.03,NetBanking,2024-01-27
12805,962.26,NetBanking,2024-02-02
5237,1390.51,Wallet,2024-02-19
8848,250.79,Card,2024-02-06
8391,1538.31,UPI,2024-02-11
19143,1989.27,NetBanking,2024-02-05
1521,1608.17,Card,2024-01-14
13945,1283.93,Card,2024-02-16
14329,1937.11,NetBanking,2024-01-04
15700,686.15,NetBanking,2024-02-06
9102,724.1,NetBanking,2024-01-05
16913,1352.43,NetBanking,2024-02-24
9286,900.83,Wallet,2024-01-13
9828,327.53,Wallet,2024-01-09
11090,355.14,Card,2024-01-16
1252,768.91,UPI,2024-02-06
11032,1311.62,UPI,2024-01-05
12172,793.86,UPI,2024-01-14
19073,1327.88,Card,2024-02-07
18213,865.39,UPI,2024-02-03
19236,1162.56,Wallet,2024-02-26
10674,670.66,Card,2024-02-21
17754,908.77,UPI,2024-02-11
2523,510.13,Wallet,2024-01-01
5700,1399.75,Card,2024-02-03
2506,1452.86,Card,2024-01-02
17477,1486.44,Wallet,2024-02-23
9287,1828.75,Card,2024-01-29
15684,1752.84,NetBanking,2024-02-25
4521,386.01,Card,2024-01-03
958,1264.22,UPI,2024-01-09
9070,838.63,UPI,2024-02-03
2342,1876.12,Card,2024-02-23
12586,1352.83,Wallet,2024-02-26
17395,426.23,Wallet,2024-01-28
1656,859.79,Wallet,2024-01-25
7935,638.66,Card,2024-02-22
19498,1537.9,UPI,2024-01-22
11386,174.91,UPI,2024-01-28
11826,860.1,NetBanking,2024-02-15
5254,147.77,Wallet,2024-01-10
1527,810.91,Card,2024-01-04
1286,204.02,Card,2024-01-19
13963,1033.01,NetBanking,2024-01-02
3148,618.97,UPI,2024-02-01
18054,1790.62,Card,2024-01-27
17432,1516.76,NetBanking,2024-02-15
12250,705.25,Card,2024-02-03
12604,287.06,UPI,2024-01-15
14951,1483.21,Card,2024-01-06
4723,1135.96,NetBanking,2024-02-06
15732,1017.78,Card,2024-02-29
13452,1959.66,Wallet,2024-02-15
12278,182.31,Card,2024-01-14
10335,1251.52,Wallet,2024-02-09
835,552.54,Wallet,2024-01-02
4260,1982.89,NetBanking,2024-01-25
19007,578.18,Wallet,2024-01-15
2415,1311.44,NetBanking,2024-02-07
18719,237.51,Wallet,2024-02-16
13100,140.54,Wallet,2024-02-26
12379,1069.29,NetBanking,2024-01-20
11378,132.37,NetBanking,2024-01-19
7510,549.49,Wallet,2024-01-12
3335,1902.55,NetBanking,2024-01-04
18891,1874.55,UPI,2024-02-01
19363,1574.19,Wallet,2024-02-20
3560,730.21,Card,2024-01-20
8175,577.29,UPI,2024-02-09
2652,596.59,NetBanking,2024-02-29
10599,1904.71,Card,2024-02-09
13866,665.65,UPI,2024-02-26
5936,1606.85,NetBanking,2024-02-06
10162,1965.38,UPI,2024-02-03
7189,727.13,Wallet,2024-01-12
6317,1552.53,UPI,2024-02-03
8590,542.79,Card,2024-01-09
13706,784.15,Wallet,2024-01-15
12124,213.94,Card,2024-02-12
4666,1725.14,UPI,2024-01-31
7628,1414.87,Wallet,2024-01-02
18575,723.52,NetBanking,2024-01-22
2846,1221.25,Wallet,2024-01-25
155,205.3,Wallet,2024-01-03
19743,1309.0,Wallet,2024-01-08
6598,191.14,UPI,2024-01-02
1183,1718.53,Wallet,2024-02-16
3380,833.52,UPI,2024-01-03
19679,1267.84,Wallet,2024-01-03
10290,285.95,UPI,2024-02-10
6571,1650.65,UPI,2024-01-15
5577,204.09,Wallet,2024-02-01
19812,1279.97,Wallet,2024-01-11
13497,473.82,Wallet,2024-01-14
5843,386.12,Card,2024-01-12
11165,1676.86,Wallet,2024-01-31
1910,926.15,UPI,2024-01-08
18418,1831.79,Card,2024-02-17
10655,1849.57,Card,2024-01-11
10603,1440.34,NetBanking,2024-01-18
14679,1893.06,NetBanking,2024-02-09
12707,1730.41,NetBanking,2024-01-28
15376,1507.36,NetBanking,2024-03-01
1671,1270.55,Wallet,2024-01-12
8728,741.14,NetBanking,2024-01-07
5968,591.08,Card,2024-02-05
15615,677.06,UPI,2024-01-06
1176,1995.25,UPI,2024-01-24
17662,391.62,Wallet,2024-01-24
19705,254.14,NetBanking,2024-02-21
17561,1915.03,UPI,2024-02-16
9234,1739.71,NetBanking,2024-02-10
13030,1418.16,NetBanking,2024-01-19
8969,1435.8,Card,2024-02-03
19319,1434.57,Card,2024-02-07
4895,494.15,Card,2024-01-09
4709,1378.67,Card,2024-01-08
19370,1007.01,Wallet,2024-02-29
18410,273.92,Card,2024-01-27
7376,104.02,Card,2024-02-15
14348,761.18,UPI,2024-02-04
4307,1220.39,Card,2024-01-24
215,329.37,UPI,2024-02-04
11075,1148.63,UPI,2024-01-14
17467,1437.04,NetBanking,2024-02-08
9772,1622.06,Wallet,2024-01-20
9974,1000.42,Card,2024-02-26
2964,1013.75,Wallet,2024-02-06
13170,1943.77,Wallet,2024-01-05
16554,1212.79,NetBanking,2024-02-02
8794,938.52,Wallet,2024-01-24
2316,1347.85,Card,2024-02-14
6306,754.98,Card,2024-01-14
2931,1690.76,NetBanking,2024-01-17
7592,1590.71,Card,2024-02-20
7931,1195.78,Wallet,2024-01-23
2371,1826.87,Wallet,2024-01-23
4254,553.06,Card,2024-02-29
12354,204.34,Wallet,2024-01-26
5717,1418.53,Card,2024-02-20
9861,971.63,UPI,2024-03-01
326,1749.04,Card,2024-01-05
10179,1173.63,Card,2024-01-21
19426,1874.3,Wallet,2024-01-17
18337,1644.66,NetBanking,2024-02-16
13261,880.57,Wallet,2024-01-19
12460,927.13,Card,2024-02-08
19259,467.5,Wallet,2024-02-14
14477,626.85,UPI,2024-02-02
13403,1557.57,Wallet,2024-01-12
9145,903.39,Wallet,2024-01-09
14641,1949.62,NetBanking,2024-02-03
12038,502.95,Wallet,2024-01-06
9402,537.19,UPI,2024-02-10
252,1585.44,Wallet,2024-02-14
7501,1136.66,UPI,2024-02-26
14888,1790.59,UPI,2024-01-11
5594,992.1,UPI,2024-01-25
2876,458.67,UPI,2024-01-01
17125,764.39,Card,2024-02-11
13088,1221.0,NetBanking,2024-01-26
17049,450.43,Card,2024-02-22
7579,1697.65,UPI,2024-03-01
8950,520.2,Wallet,2024-02-09
1107,1963.78,NetBanking,2024-02-03
13805,1404.74,NetBanking,2024-01-02
2898,650.6,NetBanking,2024-01-10
14583,742.19,NetBanking,2024-01-25
12141,1272.15,Card,2024-02-23
11967,1100.0,UPI,2024-01-01
6207,1326.82,UPI,2024-01-10
18025,1705.55,Wallet,2024-02-22
13551,1004.06,Wallet,2024-01-20
13382,215.03,UPI,2024-02-07
10000,453.53,NetBanking,2024-02-06
15968,943.77,Wallet,2024-01-15
12439,1080.77,Wallet,2024-01-12
548,933.77,UPI,2024-01-12
18556,728.37,NetBanking,2024-02-24
13778,1453.68,Wallet,2024-01-08
9304,1551.86,UPI,2024-01-01
845,975.87,Card,2024-02-05
19919,106.57,NetBanking,2024-01-06
6935,805.93,UPI,2024-02-18
16800,1127.66,Card,2024-02-28
15225,845.08,NetBanking,2024-02-14
19326,866.82,Card,2024-01-06
11988,1075.12,NetBanking,2024-01-27
3905,1534.38,UPI,2024-01-17
12495,926.83,NetBanking,2024-01-06
1024,1090.15,Card,2024-01-25
8109,1037.46,UPI,2024-01-31
17718,1416.64,Wallet,2024-01-21
18024,1902.15,NetBanking,2024-01-29
11871,687.91,UPI,2024-01-23
17234,562.96,Wallet,2024-01-14
3363,1728.0,Wallet,2024-01-06
316,1683.33,NetBanking,2024-01-22
13582,896.34,Card,2024-01-12
18786,1846.16,Card,2024-01-08
8926,982.72,NetBanking,2024-02-10
7853,1277.63,NetBanking,2024-02-21
10994,1965.56,Wallet,2024-01-06
12012,380.1,NetBanking,2024-01-15
14618,1575.6,UPI,2024-02-28
11841,227.2,Card,2024-01-25
3401,141.3,NetBanking,2024-02-11
4300,763.83,Wallet,2024-01-08
11695,446.94,Card,2024-02-02
123,1412.12,Card,2024-02-27
11422,1449.9,NetBanking,2024-01-05
11201,1305.92,NetBanking,2024-02-29
9812,1132.39,Wallet,2024-02-27
12007,243.39,Wallet,2024-01-02
16091,1292.51,UPI,2024-01-10
12104,557.71,NetBanking,2024-02-09
15456,1421.65,Card,2024-01-07
10786,1750.43,UPI,2024-01-13
10867,210.7,Wallet,2024-02-10
4563,1424.51,UPI,2024-01-26
2684,1742.69,Wallet,2024-01-24
11000,1013.22,UPI,2024-01-02
6764,1640.16,Wallet,2024-01-31
2109,1331.69,Wallet,2024-02-22
11010,1142.91,Card,2024-01-02
6830,1378.27,Wallet,2024-01-29
12855,1502.81,UPI,2024-02-11
7411,1533.49,Card,2024-02-25
11914,318.6,NetBanking,2024-01-21
9414,1350.78,NetBanking,2024-01-01
2589,507.57,UPI,2024-02-17
6223,408.38,Card,2024-01-06
19486,1440.84,UPI,2024-01-18
10861,983.2,Card,2024-02-07
15100,786.87,Card,2024-02-21
13339,896.9,UPI,2024-02-19
4210,759.73,UPI,2024-01-13
4069,482.26,NetBanking,2024-02-23
594,270.08,Wallet,2024-02-28
12199,608.31,Wallet,2024-02-18
10247,266.78,UPI,2024-02-25
2773,678.66,Card,2024-01-07
7660,1681.42,Wallet,2024-01-13
18034,1150.89,UPI,2024-01-14
5168,1527.08,Card,2024-01-30
1240,878.96,NetBanking,2024-03-01
6976,229.27,NetBanking,2024-02-13
17783,808.26,UPI,2024-01-31
2426,1511.07,Card,2024-01-03
7877,263.21,UPI,2024-02-01
3932,1649.11,UPI,2024-01-21
3207,988.05,UPI,2024-02-10
13319,362.14,Card,2024-01-04
8631,1043.78,NetBanking,2024-01-25
17010,518.56,Card,2024-01-07
936,1306.01,UPI,2024-01-27
4868,1707.8,NetBanking,2024-01-06
2786,1352.57,Card,2024-01-29
15128,1529.51,NetBanking,2024-02-22
608,446.07,Card,2024-02-25
15012,475.19,NetBanking,2024-02-14
18406,1326.24,NetBanking,2024-02-12
11786,500.74,UPI,2024-01-05
5495,1782.58,Card,2024-02-21
9303,555.32,UPI,2024-01-21
6567,1205.19,NetBanking,2024-02-29
14958,1267.16,Wallet,2024-02-27
7726,1250.35,Card,2024-02-28
15290,1716.77,NetBanking,2024-01-10
11838,329.92,NetBanking,2024-01-25
12612,1685.59,NetBanking,2024-02-09
15967,964.47,NetBanking,2024-01-24
4692,1108.43,Wallet,2024-01-21
12548,456.48,NetBanking,2024-02-26
13878,560.37,Card,2024-02-01
5345,897.51,UPI,2024-02-26
13058,1791.91,UPI,2024-02-02
4894,374.73,UPI,2024-01-18
7121,1846.55,Card,2024-02-20
6262,1416.79,UPI,2024-01-30
14593,655.46,Card,2024-01-04
4733,702.44,Wallet,2024-01-01
17141,190.34,NetBanking,2024-01-18
16723,1854.3,UPI,2024-01-11
17206,180.53,NetBanking,2024-01-03
16370,1625.45,NetBanking,2024-02-03
13902,873.67,NetBanking,2024-01-02
14989,1643.22,Wallet,2024-01-19
6348,903.72,NetBanking,2024-02-03
1319,1291.48,Card,2024-01-18
17436,1429.41,Card,2024-02-27
17133,1282.63,Wallet,2024-01-17
12016,506.61,Wallet,2024-02-08
9806,1884.01,NetBanking,2024-02-14
4150,1613.23,UPI,2024-01-05
14423,1982.32,NetBanking,2024-02-28
433,990.69,Wallet,2024-01-09
10072,412.93,UPI,2024-01-27
14518,1701.56,NetBanking,2024-01-13
19971,229.93,Wallet,2024-01-05
2958,1525.93,UPI,2024-02-02
571,905.05,Wallet,2024-01-22
17667,1007.49,NetBanking,2024-01-16
1244,1896.72,UPI,2024-01-28
16765,1678.58,Card,2024-02-14
9184,163.84,Wallet,2024-02-27
2248,943.22,NetBanking,2024-01-03
4356,1509.7,Card,2024-01-31
13536,964.42,UPI,2024-01-02
483,1092.25,UPI,2024-01-26
799,918.16,NetBanking,2024-01-12
18291,1789.6,UPI,2024-01-25
18898,239.96,UPI,2024-02-25
17042,349.02,Wallet,2024-01-13
5508,928.21,Wallet,2024-01-27
3738,478.14,UPI,2024-01-27
9228,328.62,NetBanking,2024-01-06
15273,528.26,Card,2024-02-27
14435,828.31,Wallet,2024-01-17
18327,1439.19,Card,2024-02-27
4004,1869.63,NetBanking,2024-02-27
13736,1206.66,NetBanking,2024-01-12
16192,323.44,Wallet,2024-02-04
13475,1861.39,NetBanking,2024-01-02
13749,907.83,Card,2024-02-01
16910,212.3,Wallet,2024-01-07
12252,1400.09,NetBanking,2024-02-08
17244,717.04,UPI,2024-01-29
11361,390.84,NetBanking,2024-01-10
12438,1889.4,Card,2024-01-08
985,380.73,UPI,2024-02-18
17254,551.77,Card,2024-02-12
9013,853.6,NetBanking,2024-02-03
8115,1758.68,Card,2024-02-27
15506,155.55,UPI,2024-02-29
12677,149.12,NetBanking,2024-01-20
11037,752.95,NetBanking,2024-01-24
9674,832.71,Card,2024-02-17
762,1373.27,Wallet,2024-02-06
18530,334.67,Card,2024-01-02
1588,449.33,NetBanking,2024-02-15
16171,1509.15,Wallet,2024-02-13
14085,1409.57,UPI,2024-01-24
10251,571.46,NetBanking,2024-01-24
8588,1821.1,Card,2024-02-07
2983,1004.45,Wallet,2024-01-24
1020,820.45,Card,2024-01-08
5437,1265.88,UPI,2024-01-14
14460,1916.72,Wallet,2024-02-26
14340,124.87,Wallet,2024-02-25
6991,1707.7,NetBanking,2024-02-04
9109,136.21,Wallet,2024-01-11
3174,1930.95,Card,2024-02-19
510,1843.55,UPI,2024-03-01
8958,1282.99,NetBanking,2024-01-23
18722,1396.62,NetBanking,2024-01-13
5007,409.41,Card,2024-02-15
1200,649.88,Wallet,2024-01-08
158,1526.35,Card,2024-01-29
12309,1800.16,Wallet,2024-01-05
9064,803.59,Card,2024-02-23
1792,1705.26,Wallet,2024-01-28
9030,753.42,Wallet,2024-02-21
6605,567.09,Card,2024-02-23
5716,319.29,UPI,2024-02-16
1721,1391.25,NetBanking,2024-01-08
6150,925.19,Card,2024-01-25
6138,1564.55,Card,2024-02-19
13216,164.42,NetBanking,2024-02-15
12634,1364.1,Wallet,2024-02-22
13480,720.6,Card,2024-01-05
1579,1697.0,UPI,2024-02-14
17902,1408.17,NetBanking,2024-01-05
6579,1175.55,Wallet,2024-01-16
2102,1559.28,Card,2024-02-13
18407,1214.83,NetBanking,2024-01-26
16564,1935.89,NetBanking,2024-01-01
18347,1451.39,Card,2024-01-16
18926,1935.56,Wallet,2024-03-01
9729,1567.53,NetBanking,2024-01-17
18331,1572.71,Wallet,2024-01-25
1202,1041.36,Wallet,2024-01-25
11091,1860.15,Card,2024-01-15
8273,1055.52,Card,2024-01-18
7591,1600.43,UPI,2024-02-21
11757,916.59,NetBanking,2024-02-25
4864,1967.31,Wallet,2024-02-26
11765,1200.69,Card,2024-02-03
15972,1783.67,Card,2024-02-06
12261,265.81,UPI,2024-02-18
12423,359.49,Wallet,2024-02-08
5321,1641.57,Card,2024-02-06
8603,1262.67,Card,2024-02-02
7442,1379.87,NetBanking,2024-01-26
19870,1934.26,Wallet,2024-01-07
10478,1174.14,Wallet,2024-01-10
14211,1293.13,NetBanking,2024-01-27
9181,648.74,UPI,2024-03-01
8067,1596.06,Card,2024-02-13
682,386.66,NetBanking,2024-01-28
15679,1736.83,UPI,2024-02-22
6260,588.86,Card,2024-02-09
6424,341.09,Card,2024-02-16
11240,1522.58,Wallet,2024-02-28
14702,1939.14,Wallet,2024-01-23
15311,1981.61,NetBanking,2024-01-21
6820,566.28,Wallet,2024-01-12
13281,128.55,Wallet,2024-01-06
11535,923.69,UPI,2024-02-10
8703,110.89,Wallet,2024-01-05
12782,728.04,Card,2024-01-07
10221,583.35,Card,2024-01-11
19081,919.02,NetBanking,2024-02-25
3082,163.64,Card,2024-02-21
5096,1616.76,UPI,2024-01-11
7701,966.69,NetBanking,2024-01-07
11860,451.3,Card,2024-02-28
5893,736.17,Card,2024-01-17
7982,1048.11,Card,2024-02-15
16581,711.18,UPI,2024-01-19
13399,507.14,UPI,2024-01-07
11311,670.23,Wallet,2024-01-04
319,378.29,UPI,2024-01-08
19904,173.55,Wallet,2024-01-16
4428,1766.24,Card,2024-01-13
13642,665.98,Wallet,2024-02-17
2611,283.36,UPI,2024-01-10
4972,1543.78,NetBanking,2024-02-26
8408,562.3,Wallet,2024-02-06
19042,1129.62,Card,2024-01-29
14851,1684.07,UPI,2024-01-07
2752,506.78,UPI,2024-01-27
40,1193.67,Card,2024-03-01
2510,1713.95,NetBanking,2024-01-21
13417,1856.38,Card,2024-02-05
19060,657.94,Wallet,2024-01-02
838,1347.54,Card,2024-02-28
1751,567.67,UPI,2024-01-30
4663,1126.15,Wallet,2024-02-18
2834,584.22,NetBanking,2024-01-05
175,1117.08,UPI,2024-02-14
13626,572.64,UPI,2024-02-19
7165,1470.03,Wallet,2024-01-13
388,1299.62,UPI,2024-01-15
14034,970.83,Card,2024-01-06
2390,1851.35,Wallet,2024-01-07
2620,868.41,UPI,2024-01-17
17814,1431.63,NetBanking,2024-02-12
4460,964.97,Wallet,2024-02-28
15308,699.88,Wallet,2024-01-03
6297,1691.68,Card,2024-02-23
5545,111.03,Wallet,2024-01-05
2888,1751.57,Card,2024-01-17
16914,797.28,Card,2024-02-08
15730,520.79,UPI,2024-01-07
17990,1281.32,UPI,2024-02-01
2939,1937.25,Wallet,2024-01-28
2392,895.26,UPI,2024-01-12
9392,420.7,NetBanking,2024-02-06
13783,621.33,Card,2024-01-19
292,1305.77,Wallet,2024-02-19
17476,793.34,NetBanking,2024-02-27
16901,1122.3,Card,2024-02-01
18405,1625.81,UPI,2024-02-27
14314,1709.13,Card,2024-01-02
1925,1167.84,UPI,2024-02-19
18466,1991.39,NetBanking,2024-02-06
9805,787.12,Card,2024-01-15
11704,686.25,NetBanking,2024-01-18
6566,454.07,Card,2024-02-02
5494,1026.6,NetBanking,2024-03-01
9092,570.94,UPI,2024-02-21
12647,258.75,UPI,2024-02-17
14258,1311.42,Wallet,2024-02-25
5973,1265.39,NetBanking,2024-02-07
11011,277.92,Card,2024-01-08
1867,594.15,Card,2024-01-21
3423,1777.55,Wallet,2024-01-30
5285,1834.6,NetBanking,2024-02-22
6685,1440.5,Wallet,2024-01-07
9445,1650.97,Card,2024-01-25
12075,307.02,Card,2024-01-12
12609,1050.15,UPI,2024-01-25
19574,1264.51,UPI,2024-02-29
4591,195.59,Wallet,2024-01-20
3657,1513.59,NetBanking,2024-01-25
5791,1020.33,Wallet,2024-02-25
3111,146.25,UPI,2024-01-08
14946,156.2,Card,2024-02-21
16245,393.03,NetBanking,2024-02-24
19572,1263.52,Card,2024-01-09
3012,1917.29,NetBanking,2024-01-25
5683,479.77,Wallet,2024-01-27
3938,383.92,UPI,2024-02-03
17562,1271.08,Wallet,2024-02-02
3192,393.95,UPI,2024-02-12
7428,116.34,UPI,2024-01-31
1833,659.23,UPI,2024-02-26
16107,1673.06,UPI,2024-01-27
7512,1518.31,Wallet,2024-02-06
14830,291.06,Wallet,2024-02-02
1628,1393.85,Card,2024-02-19
6816,1269.3,UPI,2024-01-26
2459,1730.38,Card,2024-02-21
11590,1015.22,UPI,2024-01-03
14456,1835.85,Wallet,2024-02-20
8183,1232.5,UPI,2024-01-27
10772,1443.22,Wallet,2024-02-06
11703,1394.64,UPI,2024-01-24
15465,1028.94,UPI,2024-01-12
13870,1784.66,UPI,2024-02-03
8559,1799.09,UPI,2024-01-10
2887,971.58,Wallet,2024-01-23
120,1570.37,Wallet,2024-02-25
12680,1960.62,NetBanking,2024-01-06
10298,515.62,Wallet,2024-01-02
3276,344.12,Card,2024-01-07
8788,1761.42,UPI,2024-02-09
17373,978.86,Wallet,2024-01-14
9598,1732.12,Wallet,2024-01-03
10414,819.62,Card,2024-01-19
12406,1063.63,UPI,2024-02-27
8518,741.63,NetBanking,2024-01-06
4484,479.22,NetBanking,2024-02-23
8766,1789.98,NetBanking,2024-02-18
164,1309.19,Card,2024-01-24
3789,1051.18,UPI,2024-01-12
7026,1129.62,NetBanking,2024-01-22
14521,1759.91,UPI,2024-02-26
3094,241.93,Card,2024-02-08
2432,1451.51,Wallet,2024-01-30
3006,1538.04,UPI,2024-02-08
9586,1762.79,Wallet,2024-01-26
6938,169.88,NetBanking,2024-02-04
2724,1453.43,Wallet,2024-02-14
6745,600.89,Card,2024-01-17
8199,1680.24,Card,2024-02-13
1171,143.75,NetBanking,2024-02-07
16255,1075.46,NetBanking,2024-02-16
19283,757.56,NetBanking,2024-01-27
3105,1952.45,UPI,2024-01-29
15560,591.97,NetBanking,2024-02-02
7679,1011.57,Card,2024-02-26
12983,104.37,Card,2024-01-10
7183,758.06,UPI,2024-02-11
14453,1150.12,Card,2024-01-15
1577,1960.5,UPI,2024-02-24
12098,306.18,NetBanking,2024-02-03
18507,1404.06,Card,2024-02-24
2660,1749.14,UPI,2024-02-09
11177,612.21,UPI,2024-02-15
10649,1608.17,Card,2024-02-15
19856,1535.78,NetBanking,2024-01-11
5465,1033.28,UPI,2024-02-16
9873,486.39,Card,2024-01-27
4442,549.64,UPI,2024-01-18
5807,1266.37,Wallet,2024-02-28
15680,1080.57,UPI,2024-01-01
2191,1888.19,NetBanking,2024-02-29
3782,1735.48,Wallet,2024-02-15
6471,1136.11,Wallet,2024-01-20
209,591.51,Card,2024-01-01
11740,923.08,Wallet,2024-02-27
17847,209.39,Wallet,2024-01-11
4614,822.23,UPI,2024-01-23
6304,1483.32,Wallet,2024-02-25
11296,1054.24,UPI,2024-01-17
10278,1964.84,NetBanking,2024-01-10
3727,1089.71,NetBanking,2024-03-01
3507,570.81,Card,2024-01-03
18069,1149.49,UPI,2024-01-11
9097,1761.81,UPI,2024-01-30
5268,725.09,Card,2024-01-21
19627,604.58,Wallet,2024-01-28
13921,1476.17,NetBanking,2024-01-25
19431,1213.46,UPI,2024-01-17
967,1159.92,NetBanking,2024-02-07
10419,968.31,Card,2024-02-09
2123,457.47,Wallet,2024-01-25
12224,429.04,Card,2024-02-13
15212,1414.64,Wallet,2024-02-15
10409,1663.87,UPI,2024-01-27
16179,1165.7,NetBanking,2024-01-27
19240,1932.57,Card,2024-01-30
1933,918.69,Card,2024-02-28
18273,1364.43,NetBanking,2024-01-24
2268,1566.41,Card,2024-02-06
9664,1035.15,Card,2024-01-08
6422,378.84,Card,2024-02-01
17861,735.09,Card,2024-01-21
19660,1953.62,Wallet,2024-01-30
6698,1833.78,UPI,2024-02-16
428,1162.11,Wallet,2024-02-27
824,762.37,UPI,2024-01-08
695,1621.35,Card,2024-02-24
13207,1670.85,Wallet,2024-02-25
14181,1520.09,UPI,2024-02-12
10062,1747.15,Card,2024-01-14
10380,808.57,Card,2024-02-01
9062,372.69,NetBanking,2024-02-19
14563,970.86,Card,2024-02-02
6718,155.44,Wallet,2024-02-29
13340,580.42,UPI,2024-01-24
2707,228.67,Card,2024-01-01
15562,830.53,UPI,2024-02-29
4226,703.86,Wallet,2024-01-20
11621,1493.88,NetBanking,2024-01-05
13158,1394.79,NetBanking,2024-01-18
5635,1549.5,Card,2024-02-23
16357,579.62,NetBanking,2024-01-02
17271,341.02,UPI,2024-01-24
10833,580.19,Card,2024-02-23
5513,129.08,UPI,2024-01-22
8222,844.41,Wallet,2024-01-21
6845,349.98,Wallet,2024-02-21
9213,692.21,Card,2024-01-19
16795,1769.01,Card,2024-01-01
11909,481.05,Card,2024-02-24
5383,437.92,Wallet,2024-02-09
19404,1182.74,UPI,2024-01-01
5590,1611.92,UPI,2024-02-10
14797,1294.05,NetBanking,2024-02-16
3459,935.82,Wallet,2024-01-31
16881,764.85,Wallet,2024-02-29
5028,1590.54,Card,2024-02-28
8956,1654.17,Wallet,2024-02-04
19490,837.92,NetBanking,2024-01-30
2283,1148.32,Wallet,2024-01-01
13975,1816.13,Card,2024-01-05
6414,675.07,Wallet,2024-01-30
2655,1394.74,Card,2024-02-10
19614,1541.47,UPI,2024-02-14
8970,207.6,Card,2024-01-26
17959,1964.15,UPI,2024-02-25
11540,1419.56,Card,2024-02-20
296,222.65,UPI,2024-01-22
6780,646.4,UPI,2024-01-01
4631,1640.38,NetBanking,2024-02-02
6093,1734.59,NetBanking,2024-02-20
16029,282.13,Wallet,2024-01-29
7332,636.27,NetBanking,2024-01-07
18274,1194.22,UPI,2024-01-14
11133,1466.27,Wallet,2024-01-16
9804,1587.31,Wallet,2024-02-13
9593,1721.68,UPI,2024-01-10
11330,1243.54,UPI,2024-01-12
15062,1317.33,Wallet,2024-01-28
6557,100.32,NetBanking,2024-01-15
12457,1310.25,Wallet,2024-01-11
6053,692.36,NetBanking,2024-02-26
5493,1738.99,Card,2024-01-21
10216,1288.88,UPI,2024-02-02
1035,1394.12,Wallet,2024-01-08
18247,499.12,Card,2024-02-14
8258,912.19,UPI,2024-01-12
5658,891.97,UPI,2024-01-17
2012,1536.61,UPI,2024-01-29
928,1345.0,NetBanking,2024-02-09
18789,792.96,Card,2024-02-04
9721,199.8,NetBanking,2024-02-25
2381,1896.28,Wallet,2024-01-02
9831,520.47,Wallet,2024-01-13
18437,257.67,UPI,2024-02-05
19563,1567.88,Wallet,2024-01-07
7150,1440.58,Card,2024-01-04
3988,1283.67,NetBanking,2024-01-11
10080,742.81,Wallet,2024-02-19
14571,1925.43,UPI,2024-01-07
13534,1034.31,UPI,2024-01-27
11313,1709.39,UPI,2024-02-16
28,1301.61,Wallet,2024-01-15
14300,1263.79,Card,2024-02-08
19160,470.35,Wallet,2024-01-12
17892,1092.53,Card,2024-01-29
17460,537.23,UPI,2024-02-25
1406,1547.13,NetBanking,2024-02-13
17828,1396.85,Card,2024-01-10
11293,1800.87,Card,2024-01-17
10615,820.12,Wallet,2024-01-21
13425,979.77,NetBanking,2024-01-04
3266,1914.12,Wallet,2024-01-26
15296,1595.38,UPI,2024-01-01
4234,933.17,NetBanking,2024-02-29
11307,370.71,NetBanking,2024-01-13
19057,1289.45,UPI,2024-01-14
2226,1970.8,Wallet,2024-02-04
5116,1367.95,Wallet,2024-02-10
18145,1107.32,Card,2024-01-09
1881,1594.11,NetBanking,2024-01-07
13549,2012.32,NetBanking,2024-02-28
16122,722.75,UPI,2024-01-04
16919,1471.05,Card,2024-01-23
34,254.15,UPI,2024-01-17
10019,1270.62,UPI,2024-02-11
12166,1275.18,NetBanking,2024-01-23
8492,1774.22,UPI,2024-02-09
12854,1287.17,UPI,2024-02-01
16038,1769.22,Wallet,2024-01-21
13489,1948.85,NetBanking,2024-01-26
9365,1720.13,NetBanking,2024-01-14
6061,945.38,UPI,2024-01-17
3997,648.14,Card,2024-02-13
1464,1835.93,NetBanking,2024-01-12
10230,1666.41,NetBanking,2024-02-07
15566,866.29,Card,2024-01-15
6842,1441.77,Wallet,2024-01-07
15048,1405.59,UPI,2024-02-01
19915,217.05,Wallet,2024-01-04
5158,1064.93,Wallet,2024-01-23
12828,1838.43,NetBanking,2024-02-20
3797,1867.45,UPI,2024-02-22
1748,1521.94,Wallet,2024-01-14
13753,1326.07,Wallet,2024-01-11
5932,1489.36,Card,2024-01-18
6952,942.46,Wallet,2024-02-20
19273,238.44,Wallet,2024-01-27
12167,1489.86,Card,2024-02-27
12483,746.72,Card,2024-01-08
16944,704.64,Wallet,2024-02-12
874,899.16,Card,2024-01-24
13996,1697.38,Card,2024-01-27
9636,1581.17,UPI,2024-02-08
8607,1614.72,Wallet,2024-01-10
10505,452.11,Wallet,2024-01-26
10159,1021.12,NetBanking,2024-02-01
9932,1202.73,NetBanking,2024-02-29
18666,1245.33,Card,2024-01-23
9216,166.42,NetBanking,2024-03-01
10224,1292.62,NetBanking,2024-01-16
10331,765.45,Wallet,2024-01-16
9265,1724.03,UPI,2024-02-12
19781,1152.87,UPI,2024-01-25
29,1026.54,Wallet,2024-02-17
15278,679.52,Wallet,2024-01-08
13122,1855.08,NetBanking,2024-02-21
9288,1252.9,NetBanking,2024-02-08
3711,790.95,Wallet,2024-02-15
779,1767.69,UPI,2024-02-18
5051,1092.54,NetBanking,2024-01-14
3928,590.74,Wallet,2024-02-11
5873,1907.86,NetBanking,2024-02-28
17865,793.58,NetBanking,2024-02-14
18922,1930.25,Card,2024-01-07
3607,757.59,UPI,2024-02-22
7284,775.19,NetBanking,2024-02-16
2118,1388.35,NetBanking,2024-02-11
13916,1065.63,NetBanking,2024-01-08
5377,1821.93,NetBanking,2024-01-08
3322,1544.34,Wallet,2024-01-02
5159,1845.08,Wallet,2024-02-26
8982,1889.71,UPI,2024-01-11
12441,1538.06,UPI,2024-01-20
15526,1704.45,Wallet,2024-02-24
615,388.79,Card,2024-02-16
14020,1168.87,Card,2024-02-22
8902,799.98,Wallet,2024-02-03
142,535.29,Wallet,2024-02-18
5079,992.28,Card,2024-02-16
16364,174.46,Card,2024-01-20
18495,996.72,Wallet,2024-01-18
9154,774.51,NetBanking,2024-02-26
3637,1190.82,Card,2024-02-25
18478,939.85,Card,2024-01-30
5796,1893.23,NetBanking,2024-01-23
3309,1948.3,UPI,2024-02-28
6121,345.31,UPI,2024-02-25
6197,669.19,NetBanking,2024-01-07
3089,372.2,UPI,2024-02-16
18160,1198.14,NetBanking,2024-02-28
5707,1310.48,UPI,2024-02-09
17058,1533.42,Wallet,2024-01-26
2775,593.45,Wallet,2024-02-03
5776,1298.15,UPI,2024-01-01
2066,1180.85,NetBanking,2024-02-15
3752,388.86,Wallet,2024-01-18
6940,807.23,Card,2024-02-05
4927,1414.54,Wallet,2024-02-15
9167,1387.89,UPI,2024-01-24
14324,1211.65,Wallet,2024-01-25
19882,924.57,NetBanking,2024-01-11
6127,1363.08,NetBanking,2024-02-13
62,1810.33,Card,2024-02-17
12145,324.14,Wallet,2024-02-15
10064,1217.35,UPI,2024-02-21
13744,793.36,Card,2024-01-27
6799,373.95,Wallet,2024-01-09
12982,1137.88,Wallet,2024-02-02
13577,1509.21,Card,2024-02-03
16240,1091.19,NetBanking,2024-01-24
7544,210.11,Card,2024-02-13
18155,1593.43,Card,2024-02-22
14643,247.33,NetBanking,2024-01-03
9854,1941.72,Wallet,2024-01-13
9826,951.95,NetBanking,2024-02-17
6017,589.62,Card,2024-01-29
18118,1077.55,UPI,2024-02-17
6217,1104.68,Wallet,2024-02-19
7086,1050.24,UPI,2024-01-20
6620,1106.17,UPI,2024-02-03
2487,167.68,NetBanking,2024-02-13
3775,604.59,Wallet,2024-01-07
15590,722.62,Wallet,2024-02-19
14428,617.74,UPI,2024-01-28
4911,957.19,Wallet,2024-01-26
2632,561.65,NetBanking,2024-02-19
10360,1302.1,Card,2024-02-08
13090,1429.68,NetBanking,2024-02-11
14244,1303.88,Card,2024-01-31
3281,120.95,Wallet,2024-01-21
9983,407.19,Wallet,2024-02-02
18731,1709.25,Wallet,2024-02-04
19368,1738.56,UPI,2024-02-28
10717,1669.87,Card,2024-02-11
5555,565.36,NetBanking,2024-02-05
16366,870.97,UPI,2024-01-17
5837,307.99,UPI,2024-01-26
15712,1759.5,NetBanking,2024-02-25
13103,666.63,UPI,2024-01-08
8413,1604.39,UPI,2024-01-28
9049,1586.59,Wallet,2024-02-11
17044,112.93,UPI,2024-01-27
4812,1835.16,Wallet,2024-02-25
1535,241.98,Card,2024-02-12
982,601.47,NetBanking,2024-01-12
14684,1811.62,NetBanking,2024-01-01
18202,420.76,Wallet,2024-01-27
160,1490.94,UPI,2024-02-29
8320,1787.46,Card,2024-01-26
3417,807.01,UPI,2024-01-28
19596,973.63,UPI,2024-01-30
1231,984.11,NetBanking,2024-01-19
13893,473.89,Card,2024-01-23
15819,223.4,Wallet,2024-01-23
9949,1694.22,Wallet,2024-02-27
11038,344.36,NetBanking,2024-01-12
16809,1795.87,UPI,2024-01-27
11541,1043.74,UPI,2024-02-14
13917,1649.65,NetBanking,2024-01-06
9401,1064.2,UPI,2024-01-11
1956,1378.09,UPI,2024-02-24
7532,568.79,NetBanking,2024-01-11
12786,1736.13,UPI,2024-01-28
2826,1137.98,Card,2024-02-08
7623,1738.85,UPI,2024-02-07
8608,1473.74,NetBanking,2024-01-27
6977,1313.16,Wallet,2024-01-20
12071,851.0,UPI,2024-01-09
13291,152.43,Wallet,2024-02-08
13469,864.04,NetBanking,2024-01-16
1177,821.38,Card,2024-01-24
3159,453.05,Card,2024-02-23
15701,1795.74,NetBanking,2024-01-22
18491,1784.8,Wallet,2024-01-15
4779,660.62,NetBanking,2024-01-23
14555,1192.5,NetBanking,2024-02-25
18874,1149.39,NetBanking,2024-01-03
12881,636.27,NetBanking,2024-02-09
8579,101.95,UPI,2024-01-05
8342,1805.93,Wallet,2024-02-29
13506,158.13,NetBanking,2024-02-25
18837,1994.39,UPI,2024-02-24
6082,786.07,UPI,2024-01-11
11085,1997.5,Wallet,2024-01-18
15141,550.36,Wallet,2024-01-08
15550,1804.21,Wallet,2024-01-13
12231,1373.63,UPI,2024-02-29
2708,1242.78,UPI,2024-01-04
4883,1441.85,NetBanking,2024-02-06
3072,424.32,NetBanking,2024-01-01
19634,1518.32,Wallet,2024-02-11
19230,1220.42,Card,2024-02-04
14962,1935.91,UPI,2024-01-17
5951,1556.48,UPI,2024-02-28
180,1436.04,NetBanking,2024-01-11
4071,1593.18,Wallet,2024-01-04
8782,718.55,NetBanking,2024-01-08
18312,692.64,Card,2024-01-02
17300,1509.79,Wallet,2024-02-03
11291,1494.54,UPI,2024-01-04
1828,1959.12,Card,2024-01-21
13217,250.52,Wallet,2024-01-22
19682,470.73,NetBanking,2024-02-23
4889,1201.96,Wallet,2024-02-29
1838,925.75,NetBanking,2024-02-24
2007,1332.98,Wallet,2024-02-17
12605,1624.0,NetBanking,2024-02-17
5874,493.58,NetBanking,2024-01-02
16704,983.4,Wallet,2024-02-13
5572,1459.11,NetBanking,2024-01-19
723,685.08,UPI,2024-03-01
17148,1634.34,Wallet,2024-01-08
16186,679.83,Card,2024-02-29
14840,510.79,UPI,2024-02-15
11802,308.95,UPI,2024-01-29
18807,1587.53,Card,2024-01-11
5221,1631.46,Wallet,2024-02-25
13580,1830.34,Card,2024-02-12
1992,1675.57,NetBanking,2024-02-07
8443,1055.29,Wallet,2024-01-11
7191,866.12,Wallet,2024-01-21
12017,995.61,Wallet,2024-01-15
9880,1015.04,Wallet,2024-02-04
6974,683.63,Wallet,2024-01-12
3757,1573.03,Wallet,2024-02-07
19333,742.67,Wallet,2024-02-27
17122,298.47,UPI,2024-01-03
10557,1010.39,NetBanking,2024-01-22
16059,1211.78,UPI,2024-02-25
1605,453.67,Wallet,2024-01-21
17323,816.48,Wallet,2024-01-06
6886,1478.27,UPI,2024-02-06
13777,1046.96,Card,2024-01-10
3854,1701.33,Card,2024-02-03
579,158.68,UPI,2024-01-03
16515,1433.28,Wallet,2024-01-07
10881,251.87,NetBanking,2024-02-11
8906,575.63,Card,2024-02-27
3355,1610.21,NetBanking,2024-02-26
12760,560.04,UPI,2024-02-03
7915,336.71,Wallet,2024-02-25
4758,1487.76,UPI,2024-02-27
14061,1001.85,UPI,2024-01-09
2546,1076.63,Card,2024-02-17
17613,1293.86,UPI,2024-02-23
9979,234.34,Card,2024-01-27
12536,171.14,Card,2024-01-06
6659,881.59,Wallet,2024-01-14
8366,918.17,UPI,2024-02-03
6882,1362.67,UPI,2024-01-28
16257,238.6,NetBanking,2024-02-24
5473,1728.88,NetBanking,2024-02-14
2017,1755.5,Wallet,2024-01-22
16438,672.4,NetBanking,2024-01-24
10834,1084.79,NetBanking,2024-02-08
10703,1320.8,NetBanking,2024-02-10
15878,441.45,NetBanking,2024-01-12
9604,2115.2,UPI,2024-01-18
19359,1572.82,UPI,2024-01-16
1587,902.3,Wallet,2024-01-28
9692,438.4,Wallet,2024-01-08
10237,1217.96,Wallet,2024-01-15
13981,752.24,Card,2024-01-27
5960,1625.65,Wallet,2024-02-26
2042,1393.48,Card,2024-01-10
18044,787.17,Card,2024-01-01
16301,1165.15,NetBanking,2024-01-11
9670,1077.96,NetBanking,2024-01-15
12628,1421.59,Wallet,2024-01-25
9065,1115.56,Wallet,2024-01-29
2722,1436.06,Card,2024-02-05
10229,909.97,UPI,2024-02-21
5229,1682.18,NetBanking,2024-02-25
4086,595.75,UPI,2024-01-26
19773,222.6,NetBanking,2024-01-28
11432,1268.85,NetBanking,2024-02-01
21,1312.12,UPI,2024-01-12
4581,123.6,Wallet,2024-02-12
2621,583.33,Card,2024-02-27
10322,409.55,Wallet,2024-01-22
12825,712.95,Wallet,2024-01-19
18441,1725.03,UPI,2024-02-10
7965,1589.8,UPI,2024-01-19
1050,1562.21,UPI,2024-02-02
15455,990.65,Wallet,2024-01-02
19227,878.06,NetBanking,2024-03-01
17530,797.56,Wallet,2024-02-09
11684,816.07,NetBanking,2024-01-10
19109,960.64,NetBanking,2024-01-23
9699,346.63,UPI,2024-02-04
12941,1603.76,Wallet,2024-01-28
10136,917.12,UPI,2024-01-24
12679,128.74,NetBanking,2024-01-16
3445,1160.31,NetBanking,2024-02-11
10389,1671.76,NetBanking,2024-02-15
7875,1039.71,NetBanking,2024-01-15
9648,1627.24,NetBanking,2024-02-22
8664,628.11,UPI,2024-02-13
5539,733.79,Card,2024-02-15
18339,1722.06,NetBanking,2024-01-13
4250,1351.98,UPI,2024-01-09
6806,194.54,UPI,2024-02-12
14449,1220.05,UPI,2024-02-04
11591,132.87,NetBanking,2024-02-15
2038,645.17,UPI,2024-01-28
17496,1559.68,UPI,2024-01-12
14550,1149.5,Wallet,2024-02-25
1060,1343.26,Wallet,2024-01-25
18090,294.68,UPI,2024-02-03
16372,544.15,UPI,2024-02-27
16735,1999.0,NetBanking,2024-02-29
13369,446.13,NetBanking,2024-01-31
14589,454.15,NetBanking,2024-01-19
14839,1489.53,Card,2024-02-11
3170,212.37,Wallet,2024-02-24
8139,1010.35,Wallet,2024-02-07
4988,1755.85,UPI,2024-01-22
15904,1706.72,NetBanking,2024-01-22
13358,419.61,UPI,2024-01-30
11978,457.93,NetBanking,2024-02-21
14127,1260.76,Card,2024-01-01
7272,1880.98,NetBanking,2024-01-21
4819,1780.46,NetBanking,2024-02-18
18267,1261.32,Wallet,2024-02-25
1182,1519.67,Card,2024-02-10
4742,1321.17,Wallet,2024-01-05
613,1317.4,Wallet,2024-01-28
621,1524.21,UPI,2024-01-18
4358,889.03,Wallet,2024-02-19
17341,713.67,Card,2024-02-07
518,753.84,Card,2024-01-03
4054,275.41,UPI,2024-02-14
12921,1151.17,NetBanking,2024-01-23
16508,157.4,UPI,2024-01-10
19906,880.49,Wallet,2024-02-26
10128,1425.51,Card,2024-02-15
15480,1676.84,Card,2024-01-01
576,1073.34,Wallet,2024-02-11
7324,347.81,Wallet,2024-01-23
16889,1362.32,NetBanking,2024-01-03
5597,762.57,NetBanking,2024-01-01
14814,561.22,UPI,2024-01-02
11498,1493.15,Wallet,2024-01-24
12173,1250.76,NetBanking,2024-01-12
15114,1576.37,Wallet,2024-02-24
5955,1550.21,Wallet,2024-01-24
18379,1697.76,UPI,2024-02-16
18933,1314.65,UPI,2024-01-08
13683,254.76,NetBanking,2024-01-29
1292,263.45,Wallet,2024-01-05
18544,655.29,Wallet,2024-02-24
19226,566.75,Wallet,2024-01-18
14476,502.37,NetBanking,2024-01-06
6126,1841.7,Card,2024-01-28
17115,627.24,Wallet,2024-01-18
4233,455.68,NetBanking,2024-01-26
4815,1156.2,Card,2024-01-14
16598,795.56,Card,2024-01-13
17856,2161.4,NetBanking,2024-02-17
10,816.05,Wallet,2024-01-03
14328,796.82,NetBanking,2024-03-01
8238,1253.82,Card,2024-02-24
4288,425.56,NetBanking,2024-01-11
10537,660.08,UPI,2024-01-16
15766,578.6,UPI,2024-01-03
6797,1844.85,Card,2024-01-10
1756,893.95,UPI,2024-02-13
19477,1800.2,UPI,2024-01-17
9235,1104.75,Wallet,2024-02-15
2186,1111.27,Card,2024-02-12
11823,536.41,Card,2024-02-15
2854,1874.8,UPI,2024-02-25
18677,1646.92,Card,2024-01-24
4185,845.42,UPI,2024-02-06
5295,405.77,Card,2024-01-17
6068,1030.33,Wallet,2024-02-01
970,1358.68,NetBanking,2024-02-05
2279,1524.72,Card,2024-01-28
18043,1211.94,Wallet,2024-03-01
17510,1032.21,Card,2024-01-22
13914,1489.97,UPI,2024-01-11
14367,881.46,NetBanking,2024-02-07
17703,686.9,NetBanking,2024-02-13
5824,1367.43,NetBanking,2024-01-28
6932,249.82,NetBanking,2024-03-01
8030,568.74,Wallet,2024-02-08
7263,1621.96,Wallet,2024-01-07
257,1655.19,Wallet,2024-01-04
5069,605.3,NetBanking,2024-02-11
5734,1977.5,Wallet,2024-01-23
19028,1333.6,Card,2024-01-18
2583,662.36,NetBanking,2024-02-05
17695,991.93,UPI,2024-01-05
56,407.32,Card,2024-01-10
10718,220.53,UPI,2024-02-24
3137,1302.2,NetBanking,2024-02-18
12778,946.13,Card,2024-02-18
7448,1341.29,UPI,2024-01-16
12177,1111.87,UPI,2024-02-11
17311,1835.96,NetBanking,2024-02-07
8957,352.45,Card,2024-02-27
12785,1590.81,NetBanking,2024-02-22
11051,139.13,Card,2024-01-02
13483,266.07,UPI,2024-01-19
16336,1480.57,UPI,2024-01-23
12311,1421.58,Card,2024-02-20
18095,1490.87,UPI,2024-02-15
19452,1946.44,Card,2024-01-05
18102,1502.95,Wallet,2024-01-12
15294,159.94,UPI,2024-02-23
3628,1460.63,Card,2024-02-02
17029,1959.45,Wallet,2024-01-23
5690,1870.95,Wallet,2024-02-11
1289,366.66,NetBanking,2024-01-23
12792,1615.19,Wallet,2024-01-18
7269,1440.3,UPI,2024-01-23
4073,1972.38,Wallet,2024-02-19
13332,1510.67,Card,2024-02-03
3531,1975.51,NetBanking,2024-01-22
16046,1265.63,Wallet,2024-01-14
9567,256.93,UPI,2024-03-01
1360,1868.02,NetBanking,2024-01-20
2301,848.98,NetBanking,2024-01-03
15849,1307.55,NetBanking,2024-01-17
1551,695.43,Wallet,2024-02-16
12538,389.41,UPI,2024-02-05
19419,1972.41,UPI,2024-01-31
7088,163.46,UPI,2024-01-10
990,384.28,NetBanking,2024-02-18
14703,1020.51,Card,2024-01-18
15670,629.46,Wallet,2024-02-22
17264,1621.27,UPI,2024-01-11
4502,947.5,UPI,2024-01-06
9381,1698.96,Card,2024-01-26
3891,217.11,UPI,2024-01-20
11055,1150.41,Wallet,2024-02-01
735,210.69,Wallet,2024-01-07
11166,1206.47,UPI,2024-02-17
2157,1464.11,Wallet,2024-02-22
798,1421.33,Wallet,2024-01-17
17350,1441.92,UPI,2024-01-21
2285,1044.77,NetBanking,2024-01-15
4781,191.2,NetBanking,2024-01-01
692,234.72,Wallet,2024-01-29
957,1207.33,UPI,2024-01-30
7929,433.63,NetBanking,2024-01-03
4281,1246.86,Wallet,2024-02-06
2880,692.81,Card,2024-01-17
10510,1962.2,Wallet,2024-01-29
1836,1889.2,UPI,2024-02-25
10802,1124.26,NetBanking,2024-01-25
3679,1700.35,Wallet,2024-02-26
5282,1166.12,Card,2024-01-27
12533,1937.61,Wallet,2024-03-01
6042,960.32,Wallet,2024-02-29
9645,1738.89,Wallet,2024-01-09
177,364.77,NetBanking,2024-01-22
5724,1598.42,Card,2024-01-10
1098,100.3,UPI,2024-02-12
3023,1205.29,Wallet,2024-02-08
8999,1916.96,Card,2024-02-17
15261,1768.05,Wallet,2024-02-17
8215,561.37,UPI,2024-02-23
1250,1994.47,Card,2024-01-06
8942,1439.48,Wallet,2024-03-01
12940,1766.63,UPI,2024-02-09
17470,1710.95,Card,2024-02-20
4524,1765.37,Wallet,2024-02-11
3795,1834.6,UPI,2024-01-24
5418,983.63,NetBanking,2024-01-07
12140,1700.17,Card,2024-02-23
8808,404.03,NetBanking,2024-01-16
8560,1273.45,UPI,2024-02-09
18958,738.99,Wallet,2024-01-28
14896,976.65,NetBanking,2024-01-09
6324,1256.06,Card,2024-01-31
603,728.52,Card,2024-01-02
8904,431.03,Card,2024-01-10
18930,1822.56,Card,2024-01-29
17634,1699.21,Wallet,2024-02-10
4690,629.91,Card,2024-01-07
14033,609.12,Wallet,2024-01-23
1570,1565.43,Wallet,2024-02-19
13859,1801.61,NetBanking,2024-02-03
9874,824.53,Card,2024-02-01
15444,1496.41,Wallet,2024-01-07
13179,280.21,UPI,2024-01-10
4916,1773.54,Wallet,2024-01-01
17150,543.61,NetBanking,2024-01-16
4583,1639.29,Wallet,2024-01-23
2025,1970.33,NetBanking,2024-01-10
4954,1235.99,Wallet,2024-01-20
8429,1686.4,Card,2024-01-23
4430,1012.05,UPI,2024-02-26
18521,1500.2,UPI,2024-01-10
3859,1958.14,Card,2024-01-07
11329,419.94,Card,2024-02-26
15034,1025.66,Card,2024-01-06
11131,1932.46,Card,2024-01-25
18064,269.44,UPI,2024-01-12
17998,146.08,Card,2024-01-18
17026,1321.95,UPI,2024-01-27
17211,552.52,NetBanking,2024-02-29
1109,314.59,Wallet,2024-01-07
2581,1374.38,NetBanking,2024-02-08
15389,1533.27,NetBanking,2024-01-02
6957,650.72,NetBanking,2024-02-03
16555,966.97,Card,2024-01-30
14934,1719.47,UPI,2024-01-19
11301,1597.94,Card,2024-02-10
9736,1704.67,NetBanking,2024-02-11
1737,1732.21,Wallet,2024-02-21
14741,160.15,Wallet,2024-01-31
14179,1842.43,Card,2024-02-01
14667,162.56,Card,2024-02-15
6839,564.16,Wallet,2024-01-07
12275,387.59,UPI,2024-02-14
8609,360.95,Wallet,2024-01-24
1293,631.36,UPI,2024-02-01
16286,192.51,Card,2024-02-26
14612,1939.18,UPI,2024-02-29
3307,1301.26,Card,2024-03-01
15827,1581.67,UPI,2024-02-24
9290,1038.13,Card,2024-01-01
16531,1930.83,UPI,2024-01-27
65,1630.06,Card,2024-02-16
5118,1530.41,NetBanking,2024-01-29
2427,1022.08,UPI,2024-02-02
8897,957.6,Wallet,2024-03-01
1410,1641.41,UPI,2024-01-23
5450,1636.33,Card,2024-01-01
14735,743.91,Card,2024-01-06
13821,1456.31,NetBanking,2024-02-12
3502,198.42,UPI,2024-01-04
7286,1155.3,Card,2024-02-28
8812,993.09,NetBanking,2024-01-03
5236,1765.34,Card,2024-02-21
13984,1079.56,Wallet,2024-03-01
14036,986.37,Wallet,2024-02-11
17286,1239.09,UPI,2024-01-08
7278,1326.62,UPI,2024-01-16
11631,162.02,Card,2024-01-27
8739,1309.4,Card,2024-02-01
19089,1108.41,NetBanking,2024-02-16
15440,775.06,Wallet,2024-01-28
16924,1554.28,UPI,2024-02-16
19719,1328.88,Card,2024-02-08
11993,1366.58,UPI,2024-02-07
9159,982.03,Wallet,2024-01-06
11467,1375.78,NetBanking,2024-01-11
18346,547.36,Wallet,2024-01-14
10310,1631.3,UPI,2024-01-22
5757,1609.78,UPI,2024-01-14
18688,903.9,Card,2024-01-20
1255,238.25,NetBanking,2024-02-07
439,1366.19,Wallet,2024-01-01
3981,1857.15,Card,2024-01-06
11642,802.11,NetBanking,2024-02-26
14708,1487.86,NetBanking,2024-01-30
3214,1512.91,NetBanking,2024-01-18
2548,1153.39,NetBanking,2024-02-21
854,1002.78,UPI,2024-01-10
3952,1373.32,UPI,2024-01-08
5280,1542.42,UPI,2024-01-16
15583,878.37,UPI,2024-01-10
10453,189.7,Wallet,2024-02-05
8909,1709.98,NetBanking,2024-02-26
13441,707.37,Card,2024-01-16
8822,225.82,UPI,2024-02-08
17793,1138.48,Wallet,2024-02-25
16073,1913.95,Wallet,2024-01-25
556,995.02,UPI,2024-01-24
3762,913.9,Wallet,2024-02-27
5375,1008.54,NetBanking,2024-02-04
1835,209.16,UPI,2024-01-12
8306,752.85,Wallet,2024-01-17
409,476.4,Card,2024-02-28
3458,333.88,NetBanking,2024-02-12
18603,1400.92,NetBanking,2024-01-24
5510,712.13,NetBanking,2024-01-30
18257,1448.23,Wallet,2024-01-11
10766,1766.0,Wallet,2024-01-12
5215,429.58,Wallet,2024-01-25
15467,1937.93,Wallet,2024-01-08
17354,1424.58,Card,2024-02-01
12875,1878.94,UPI,2024-01-09
623,1637.24,Wallet,2024-02-09
14252,550.03,Wallet,2024-02-20
19264,1218.9,Card,2024-02-27
5627,135.13,Wallet,2024-01-11
6762,1272.92,UPI,2024-02-01
12669,436.02,NetBanking,2024-02-15
4245,273.05,Wallet,2024-02-01
14981,1611.49,Wallet,2024-01-27
17741,1288.15,Wallet,2024-01-16
3622,1238.29,NetBanking,2024-01-26
412,181.63,NetBanking,2024-01-19
4746,1180.07,Card,2024-02-25
16826,1490.78,Card,2024-02-16
18951,979.01,NetBanking,2024-02-29
8648,1629.68,Card,2024-02-09
534,1433.98,Card,2024-02-18
19901,699.39,Card,2024-02-05
19463,1222.65,Card,2024-01-31
8309,1211.21,Wallet,2024-02-19
15731,1495.56,Wallet,2024-01-24
14872,403.81,UPI,2024-02-02
720,1053.91,Card,2024-01-14
15930,1445.37,NetBanking,2024-02-25
1978,1942.37,Card,2024-02-10
4962,376.71,UPI,2024-02-16
3776,892.63,Card,2024-02-05
7011,387.07,UPI,2024-02-14
17952,773.69,NetBanking,2024-02-11
2372,1845.27,NetBanking,2024-02-21
18515,1446.46,NetBanking,2024-02-20
2555,1271.67,Card,2024-02-19
4289,614.47,Wallet,2024-02-18
9862,821.26,Wallet,2024-02-10
1729,716.43,Wallet,2024-01-13
15174,1835.15,Card,2024-01-10
13824,342.7,NetBanking,2024-02-20
10428,208.72,UPI,2024-02-09
14731,1391.52,Wallet,2024-02-29
4703,826.61,Wallet,2024-01-24
12902,663.36,UPI,2024-01-05
4835,157.81,Card,2024-02-01
2184,1035.09,NetBanking,2024-02-16
16606,804.04,NetBanking,2024-02-22
9802,618.02,Wallet,2024-02-26
777,1106.83,UPI,2024-02-13
657,1992.71,Card,2024-01-23
3984,1399.45,Card,2024-02-06
16145,1844.06,Card,2024-01-08
2145,568.35,NetBanking,2024-01-31
12408,1386.84,Card,2024-01-24
8651,1920.01,Wallet,2024-02-02
16717,1385.44,Card,2024-02-19
17272,1586.8,Wallet,2024-02-09
11835,440.71,UPI,2024-02-25
11588,1825.15,Card,2024-01-15
15,1573.98,Card,2024-02-12
5787,239.35,Wallet,2024-02-21
1893,467.14,UPI,2024-01-08
6750,768.46,NetBanking,2024-02-08
5666,1763.75,UPI,2024-01-17
17638,277.33,Card,2024-01-01
5642,1642.32,UPI,2024-02-06
9511,108.13,Card,2024-01-24
18115,1667.95,UPI,2024-01-18
1348,1287.9,NetBanking,2024-01-11
19687,123.77,NetBanking,2024-02-15
15040,1939.53,NetBanking,2024-01-09
7071,1218.83,Wallet,2024-02-20
17932,1014.79,NetBanking,2024-02-13
5197,1575.41,NetBanking,2024-02-04
638,859.29,Card,2024-01-06
13922,793.19,NetBanking,2024-02-19
17610,408.13,Wallet,2024-01-17
4957,946.75,NetBanking,2024-02-17
11316,678.91,UPI,2024-02-12
19506,977.45,Card,2024-02-12
3315,1876.52,Card,2024-01-31
13251,149.22,UPI,2024-01-29
6143,1325.37,Wallet,2024-01-27
9754,1303.59,NetBanking,2024-01-09
15742,1642.26,UPI,2024-02-05
7066,1000.2,Wallet,2024-02-15
17872,404.6,UPI,2024-01-21
6013,1741.82,Wallet,2024-01-27
18656,880.13,Card,2024-02-29
18529,1681.58,Card,2024-02-25
6951,192.13,Card,2024-02-03
3693,831.8,NetBanking,2024-02-28
19652,848.78,Wallet,2024-01-02
1412,181.66,UPI,2024-01-10
1975,1609.56,NetBanking,2024-02-02
15738,520.62,Card,2024-02-02
11830,1480.07,Wallet,2024-01-03
16894,1322.23,Wallet,2024-01-23
13998,388.13,NetBanking,2024-01-15
746,834.97,NetBanking,2024-02-04
11850,1956.24,Card,2024-01-24
17755,1469.87,UPI,2024-02-18
14056,1995.46,Wallet,2024-02-24
9876,1404.99,Card,2024-02-05
3298,737.34,UPI,2024-01-31
9166,985.65,NetBanking,2024-02-27
17967,228.56,Wallet,2024-01-18
15632,588.93,NetBanking,2024-01-16
4811,1253.14,Card,2024-02-24
2062,1117.72,UPI,2024-02-18
6879,789.18,Wallet,2024-02-05
1417,340.21,Card,2024-01-08
2185,576.14,Wallet,2024-02-06
2026,205.13,Card,2024-02-15
17537,1734.82,Wallet,2024-01-23
5833,492.29,Card,2024-01-19
5228,1998.85,NetBanking,2024-02-19
9894,1818.62,NetBanking,2024-01-03
19804,1066.63,NetBanking,2024-01-25
1326,473.83,Wallet,2024-01-16
1851,1381.27,Card,2024-01-13
8310,1666.39,UPI,2024-01-11
15179,749.62,Wallet,2024-01-06
5497,1543.76,UPI,2024-02-01
7755,205.36,Wallet,2024-01-29
13994,232.63,UPI,2024-01-13
19580,1595.09,Wallet,2024-02-18
9521,1500.52,Card,2024-01-08
7495,1441.64,Wallet,2024-02-22
17553,232.77,Wallet,2024-01-15
10263,251.31,NetBanking,2024-02-29
17785,1953.83,NetBanking,2024-02-03
14074,1834.57,Card,2024-01-27
15866,1435.48,Wallet,2024-02-02
10573,1695.04,NetBanking,2024-01-08
14846,969.66,Card,2024-02-07
14260,1506.88,UPI,2024-02-02
12004,1846.3,Card,2024-01-04
16893,1129.12,NetBanking,2024-01-10
2217,248.2,UPI,2024-02-29
6831,1913.24,NetBanking,2024-02-11
16260,261.93,UPI,2024-02-05
10412,599.66,Wallet,2024-02-03
14054,908.87,NetBanking,2024-02-12
5276,773.36,Wallet,2024-02-08
16630,1403.07,NetBanking,2024-01-12
12021,1755.82,Card,2024-02-24
8015,489.9,Card,2024-01-17
4327,216.67,NetBanking,2024-02-29
18449,391.53,Card,2024-02-13
7655,500.53,Wallet,2024-02-12
7586,1116.96,UPI,2024-01-06
497,1686.55,UPI,2024-01-19
7267,479.55,Wallet,2024-01-02
10020,141.11,UPI,2024-02-09
3802,1057.62,UPI,2024-02-07
7101,529.44,Card,2024-03-01
5227,1750.06,Card,2024-01-31
4965,1211.07,UPI,2024-01-08
10605,1621.59,NetBanking,2024-02-26
6438,1060.1,Wallet,2024-02-14
19398,792.98,Card,2024-01-16
9886,378.68,Card,2024-01-25
8203,1084.87,Card,2024-02-06
1612,1032.72,Card,2024-01-25
6642,101.85,UPI,2024-02-18
1047,574.68,Wallet,2024-02-12
4298,1949.05,Card,2024-02-23
13552,474.71,Card,2024-02-21
16224,1390.1,UPI,2024-02-07
3407,1407.7,Wallet,2024-01-03
7745,165.1,Card,2024-02-25
5011,303.65,Wallet,2024-02-10
742,219.92,NetBanking,2024-01-19
16111,279.72,NetBanking,2024-02-05
676,939.76,Card,2024-01-26
16552,1620.93,UPI,2024-02-20
16360,1062.71,Card,2024-02-17
7992,1032.78,Wallet,2024-02-08
11895,1200.8,UPI,2024-01-12
4654,992.75,Wallet,2024-01-21
3629,567.47,Wallet,2024-01-23
15588,1490.09,Card,2024-02-03
10752,1282.52,UPI,2024-02-22
4915,542.64,UPI,2024-01-23
19702,1521.42,NetBanking,2024-02-19
11057,1466.74,NetBanking,2024-01-13
760,1484.95,UPI,2024-02-29
16692,634.22,NetBanking,2024-02-13
5780,1647.35,Card,2024-01-10
17068,1158.62,NetBanking,2024-01-23
10425,1184.07,UPI,2024-01-14
10522,1349.06,Wallet,2024-01-16
15332,429.36,Card,2024-01-04
3554,279.38,NetBanking,2024-01-30
11593,133.4,Wallet,2024-02-29
14463,1198.35,UPI,2024-02-19
2019,1180.91,UPI,2024-01-20
14062,1181.72,Card,2024-02-04
4950,1439.88,Card,2024-01-11
6697,1452.88,Card,2024-01-05
1062,1428.46,UPI,2024-01-11
241,1129.37,Card,2024-01-21
9329,1941.14,UPI,2024-02-01
13755,904.96,UPI,2024-02-07
19811,443.45,Wallet,2024-03-01
19274,1528.86,Wallet,2024-01-18
8831,727.75,NetBanking,2024-02-22
16611,1661.91,Card,2024-01-07
17709,1372.36,Wallet,2024-01-13
18510,208.38,UPI,2024-01-05
4455,103.65,NetBanking,2024-01-17
6982,162.14,Card,2024-02-26
6239,1961.19,Wallet,2024-02-07
10926,1713.49,NetBanking,2024-02-22
14029,741.18,Card,2024-01-28
152,1036.29,NetBanking,2024-01-27
12412,1840.34,Wallet,2024-02-11
15839,1058.91,NetBanking,2024-02-14
14953,726.71,NetBanking,2024-01-01
16006,1824.75,Card,2024-01-30
8151,549.08,Wallet,2024-02-14
3193,1833.2,Wallet,2024-02-19
7783,352.17,Wallet,2024-01-22
5543,1450.92,UPI,2024-02-26
361,1933.49,Wallet,2024-01-08
7889,610.21,Card,2024-02-27
15591,522.53,Card,2024-02-20
17566,1994.68,Card,2024-02-09
7144,1056.67,UPI,2024-01-05
19250,821.52,NetBanking,2024-02-08
14614,1315.38,UPI,2024-01-02
17707,1017.43,Wallet,2024-01-04
8476,1490.48,Wallet,2024-02-02
1003,1232.31,Wallet,2024-02-12
5660,1143.22,Wallet,2024-01-14
17215,695.13,UPI,2024-01-04
7463,1872.41,NetBanking,2024-02-28
10909,1069.27,UPI,2024-01-11
12220,1844.5,UPI,2024-02-15
18827,1704.15,UPI,2024-02-19
111,1476.6,NetBanking,2024-02-24
6954,278.6,NetBanking,2024-01-17
16420,1725.91,Wallet,2024-02-05
15050,525.47,Card,2024-01-01
3728,750.02,NetBanking,2024-02-14
15243,201.78,UPI,2024-01-07
2022,1875.3,Card,2024-01-09
9254,386.58,Wallet,2024-01-07
14117,1127.52,NetBanking,2024-01-31
7666,736.17,Card,2024-01-09
14190,916.12,Wallet,2024-01-04
19623,1497.27,Wallet,2024-02-20
13850,1119.67,NetBanking,2024-01-07
6481,234.87,Card,2024-01-27
15963,1545.57,Wallet,2024-01-14
8002,400.45,Card,2024-02-03
9153,1053.32,Card,2024-01-10
5210,608.63,Card,2024-01-26
2498,890.6,NetBanking,2024-01-12
18323,1022.67,Card,2024-01-16
17493,1341.7,UPI,2024-02-15
10784,1172.24,Wallet,2024-01-21
12133,1150.23,NetBanking,2024-01-16
2479,650.21,NetBanking,2024-02-14
13746,461.7,Wallet,2024-01-08
5689,1684.92,Card,2024-02-26
16725,307.96,Card,2024-01-20
6465,508.89,Card,2024-02-07
7685,717.1,Card,2024-01-09
14078,602.5,NetBanking,2024-02-14
10295,1481.67,NetBanking,2024-02-19
13142,673.48,Card,2024-01-22
17684,1751.78,Wallet,2024-01-02
14234,1740.29,UPI,2024-01-19
11299,988.09,Wallet,2024-02-10
4359,633.37,NetBanking,2024-02-10
173,1056.09,UPI,2024-02-18
19831,1483.52,Wallet,2024-01-05
19168,404.77,NetBanking,2024-01-13
16715,265.09,Card,2024-01-12
16513,163.08,Card,2024-02-01
19193,1993.84,Wallet,2024-01-22
14857,1587.66,NetBanking,2024-02-01
2496,514.73,NetBanking,2024-02-17
11727,1312.75,UPI,2024-02-19
11501,1579.01,UPI,2024-02-22
19198,446.96,NetBanking,2024-01-13
893,1510.71,Card,2024-02-05
4776,1886.66,NetBanking,2024-01-09
3890,854.45,UPI,2024-02-11
13102,1653.29,Wallet,2024-01-09
16983,272.33,Card,2024-01-09
13254,1150.58,Wallet,2024-02-15
5835,1540.38,Card,2024-03-01
372,152.2,UPI,2024-02-14
17593,1946.5,Card,2024-02-29
11349,1016.14,Card,2024-01-21
18156,275.32,UPI,2024-01-24
11773,1678.12,UPI,2024-01-17
19558,1740.38,NetBanking,2024-02-13
7194,1357.67,Wallet,2024-01-24
8162,1602.08,Wallet,2024-01-05
14562,1256.9,Card,2024-02-10
12454,838.37,Wallet,2024-02-01
7938,968.86,Card,2024-02-28
17414,200.98,NetBanking,2024-02-29
364,587.22,Card,2024-02-16
15965,1666.56,Wallet,2024-01-13
2357,1237.6,Wallet,2024-01-09
9696,1095.87,Card,2024-02-26
19395,1337.83,Card,2024-01-31
1140,261.01,UPI,2024-01-13
5681,1244.76,Card,2024-01-14
18932,372.34,Wallet,2024-02-26
11150,123.06,UPI,2024-01-31
10760,409.63,Card,2024-01-24
3543,112.58,Wallet,2024-02-22
4042,235.56,NetBanking,2024-01-11
19844,1439.17,NetBanking,2024-01-01
14312,1121.38,NetBanking,2024-02-28
15489,744.99,NetBanking,2024-01-19
11339,640.42,Wallet,2024-02-29
15333,538.89,Card,2024-01-13
18532,151.71,NetBanking,2024-02-28
1260,1880.79,UPI,2024-01-13
3481,1269.5,NetBanking,2024-02-19
14596,1371.9,NetBanking,2024-01-13
6925,410.48,Wallet,2024-03-01
1713,1443.82,UPI,2024-01-18
10587,1246.17,NetBanking,2024-02-21
50,503.49,Card,2024-01-02
17149,1881.93,UPI,2024-02-02
19204,221.54,NetBanking,2024-02-18
3450,648.89,Card,2024-02-02
6249,395.72,Wallet,2024-01-07
3353,450.44,UPI,2024-01-15
15094,214.52,Card,2024-01-24
7974,1252.35,Card,2024-01-20
17448,1853.91,NetBanking,2024-01-02
5880,894.25,NetBanking,2024-02-22
89,332.08,Wallet,2024-01-08
8770,888.18,NetBanking,2024-02-20
5391,402.65,Card,2024-01-03
2170,1346.34,Card,2024-01-20
10234,1338.92,Card,2024-02-02
13585,1238.67,UPI,2024-01-17
2815,257.81,UPI,2024-01-05
4680,1005.01,Wallet,2024-02-21
2558,181.64,Wallet,2024-02-28
12526,1280.97,Card,2024-02-12
7759,1075.59,UPI,2024-01-01
5812,623.0,UPI,2024-01-18
9198,291.74,UPI,2024-01-05
9969,1211.08,Wallet,2024-02-27
10316,1443.71,Wallet,2024-01-15
7760,312.25,UPI,2024-01-19
11222,1985.7,UPI,2024-01-12
7950,436.54,NetBanking,2024-01-03
5552,1522.44,Card,2024-02-21
1768,1977.87,Wallet,2024-02-28
16165,577.22,Wallet,2024-01-03
1213,434.9,Wallet,2024-01-18
6585,807.12,Wallet,2024-01-27
4936,1879.7,Card,2024-01-11
1450,1753.06,Wallet,2024-01-07
6810,1712.58,UPI,2024-02-18
14378,267.89,NetBanking,2024-01-26
13798,1826.58,Wallet,2024-01-28
4557,1955.51,NetBanking,2024-01-28
19989,781.72,Card,2024-01-26
13611,1788.89,Wallet,2024-02-14
639,371.95,Card,2024-01-11
17299,1441.4,UPI,2024-01-25
1151,1418.34,Wallet,2024-02-27
16064,229.57,NetBanking,2024-01-10
11544,1891.52,NetBanking,2024-02-09
8319,101.12,Card,2024-02-24
9281,569.71,UPI,2024-01-12
17423,162.66,UPI,2024-02-26
18239,863.54,UPI,2024-01-31
14565,1782.37,UPI,2024-01-04
16916,1469.44,Wallet,2024-01-02
13314,854.18,UPI,2024-02-26
7912,1842.76,UPI,2024-01-03
19335,113.04,UPI,2024-01-15
17503,1966.2,Card,2024-02-21
1364,245.79,UPI,2024-01-20
17335,1944.32,Wallet,2024-01-15
3090,262.69,UPI,2024-01-19
84,1097.24,Wallet,2024-01-08
19096,1945.43,Card,2024-01-07
14805,1588.66,UPI,2024-01-01
17605,1415.94,Card,2024-02-26
5669,1003.21,Card,2024-01-20
4566,1974.82,NetBanking,2024-01-23
13367,1208.9,NetBanking,2024-02-29
18409,1459.16,NetBanking,2024-01-08
617,633.32,NetBanking,2024-02-16
4314,1388.36,UPI,2024-02-19
19464,719.43,Card,2024-01-29
7465,983.16,Wallet,2024-02-18
11163,1630.55,UPI,2024-02-29
19362,291.99,NetBanking,2024-02-03
4851,1880.89,NetBanking,2024-02-11
8022,862.58,Wallet,2024-01-07
11468,912.35,Wallet,2024-01-25
4486,1808.77,NetBanking,2024-01-20
17618,1081.94,Card,2024-02-25
3171,1814.35,Wallet,2024-02-13
4209,1865.82,Wallet,2024-01-31
1666,625.06,UPI,2024-01-30
8577,1168.53,Wallet,2024-01-23
19663,955.39,Card,2024-01-04
6628,1245.96,Card,2024-02-09
8652,1389.07,Card,2024-03-01
3377,870.17,UPI,2024-02-26
16929,699.55,UPI,2024-01-21
10434,480.94,Card,2024-01-20
17983,377.67,Wallet,2024-02-07
5585,1163.09,Wallet,2024-02-24
9768,682.19,Card,2024-02-29
1641,1435.41,NetBanking,2024-02-15
1077,293.88,Card,2024-03-01
6416,712.9,Card,2024-01-09
19350,1399.79,Wallet,2024-02-07
14226,1915.39,NetBanking,2024-02-23
12690,1733.6,Card,2024-01-06
8355,1967.77,Card,2024-01-06
11608,795.74,Card,2024-01-06
498,637.69,Card,2024-01-03
104,1428.22,Wallet,2024-01-09
10914,1176.92,NetBanking,2024-02-04
3264,608.48,NetBanking,2024-01-12
6362,418.77,Card,2024-01-29
15090,1864.54,Card,2024-01-16
18531,737.37,NetBanking,2024-01-18
17524,1206.93,Wallet,2024-02-19
19913,163.51,NetBanking,2024-02-17
9653,622.22,Card,2024-01-12
11035,745.17,UPI,2024-01-03
17821,1827.89,NetBanking,2024-01-01
2905,1497.14,Card,2024-01-17
12616,1985.03,Wallet,2024-02-12
3751,1771.78,Card,2024-02-13
9218,639.54,Wallet,2024-02-26
12963,735.11,Card,2024-01-24
1157,373.56,UPI,2024-02-08
11665,1272.66,NetBanking,2024-01-24
15424,1450.06,Wallet,2024-02-11
2650,1139.17,Wallet,2024-01-11
17631,1182.36,UPI,2024-02-07
9100,478.21,Card,2024-02-24
7371,1539.92,NetBanking,2024-02-29
8104,417.24,NetBanking,2024-01-26
3487,1911.43,NetBanking,2024-01-29
8676,147.12,Card,2024-02-03
8583,1595.21,Wallet,2024-01-09
15943,970.86,Wallet,2024-02-20
17544,1376.95,Card,2024-02-03
545,1073.53,Wallet,2024-01-10
1626,1861.16,UPI,2024-02-09
6164,1313.18,UPI,2024-01-23
17016,317.87,UPI,2024-02-29
14766,234.41,UPI,2024-01-16
19552,1320.19,Wallet,2024-02-23
5821,983.77,NetBanking,2024-02-05
18799,448.4,Card,2024-01-20
8100,1008.2,NetBanking,2024-01-31
15602,271.73,Wallet,2024-02-22
250,607.26,UPI,2024-02-20
18112,416.54,NetBanking,2024-02-02
16268,1431.58,Wallet,2024-01-25
17804,1146.65,Wallet,2024-02-18
18897,1719.14,Card,2024-01-09
1033,145.06,UPI,2024-01-10
12830,1455.06,Wallet,2024-01-05
12691,1017.81,NetBanking,2024-01-31
1294,512.85,Wallet,2024-01-26
6303,1297.12,Card,2024-01-23
2339,423.74,Card,2024-01-18
13640,1361.59,Card,2024-02-05
3919,285.88,Card,2024-01-27
19513,939.28,Card,2024-02-04
11526,1882.0,Wallet,2024-02-24
3145,1672.25,Card,2024-02-18
13289,1179.19,Card,2024-01-11
452,1201.02,UPI,2024-01-29
19661,1556.27,Card,2024-02-22
1100,577.26,Wallet,2024-02-27
18776,981.82,NetBanking,2024-01-31
647,1812.16,UPI,2024-01-07
11635,1187.14,NetBanking,2024-02-19
14699,792.66,NetBanking,2024-01-22
1968,1279.9,UPI,2024-01-06
4560,1070.95,UPI,2024-03-01
12225,224.19,Wallet,2024-01-01
11464,1411.41,Wallet,2024-02-04
19922,1779.92,Card,2024-02-28
17671,985.12,UPI,2024-01-08
2658,1470.18,Wallet,2024-02-14
9922,310.55,UPI,2024-02-13
6902,1743.86,NetBanking,2024-02-15
8986,890.92,Card,2024-02-14
2913,196.07,Wallet,2024-01-17
9881,823.5,Wallet,2024-01-25
6753,1846.89,NetBanking,2024-01-06
4956,1279.47,Wallet,2024-02-04
12347,256.03,NetBanking,2024-02-25
19795,1549.41,UPI,2024-01-15
9285,137.37,NetBanking,2024-01-04
13008,332.15,Card,2024-01-28
51,357.54,Wallet,2024-02-18
16614,1430.94,NetBanking,2024-02-05
12509,1004.69,Wallet,2024-01-09
3234,1602.19,UPI,2024-02-13
19225,1278.02,Card,2024-02-21
14006,638.57,UPI,2024-01-13
9152,1194.53,NetBanking,2024-01-26
3448,556.11,UPI,2024-02-15
4980,624.91,Card,2024-02-06
14689,1707.21,NetBanking,2024-02-26
14866,1619.19,Card,2024-01-13
14542,905.73,Wallet,2024-02-24
13656,647.72,Card,2024-02-22
16163,1550.65,NetBanking,2024-02-19
19478,924.78,Card,2024-01-23
17854,1992.55,UPI,2024-02-16
11972,686.36,Wallet,2024-02-02
3790,1781.11,Wallet,2024-02-24
16369,107.39,UPI,2024-02-05
16643,1876.75,Wallet,2024-02-16
15581,461.18,Wallet,2024-01-01
14026,512.3,Wallet,2024-01-27
16238,361.33,UPI,2024-02-29
14391,1803.22,Wallet,2024-02-16
3572,1508.68,Wallet,2024-02-09
781,661.53,NetBanking,2024-02-17
6755,331.44,Card,2024-01-27
16661,1837.23,Card,2024-02-21
6050,1201.04,UPI,2024-02-04
9463,669.31,NetBanking,2024-01-07
2975,1327.34,Wallet,2024-02-12
17582,396.24,NetBanking,2024-02-23
5727,1784.92,UPI,2024-01-22
14437,330.57,Wallet,2024-02-09
543,1006.91,UPI,2024-02-02
2004,203.09,UPI,2024-02-23
10758,1844.61,NetBanking,2024-01-22
989,1308.58,NetBanking,2024-01-12
12948,583.49,UPI,2024-01-31
19163,1871.72,Card,2024-01-04
6498,1522.67,UPI,2024-02-29
17753,1556.28,Wallet,2024-02-06
15504,754.44,UPI,2024-02-07
1717,1357.21,NetBanking,2024-01-22
11714,543.62,Wallet,2024-01-21
15144,579.53,NetBanking,2024-01-30
355,506.81,Card,2024-01-22
8684,1980.97,UPI,2024-02-18
18563,1996.56,Wallet,2024-02-12
1072,1788.63,Wallet,2024-01-19
2847,1812.66,Wallet,2024-01-09
1699,1667.77,Wallet,2024-01-11
4321,732.74,NetBanking,2024-02-29
16371,562.44,Wallet,2024-02-27
49,1353.33,UPI,2024-02-12
15946,733.55,Card,2024-01-18
4317,803.9,NetBanking,2024-01-26
17628,1386.62,UPI,2024-01-15
1018,1075.48,Card,2024-01-16
11223,1837.1,NetBanking,2024-01-02
5104,182.0,NetBanking,2024-02-04
18158,1650.75,Card,2024-02-18
13572,1416.9,Wallet,2024-01-26
17292,1319.44,UPI,2024-01-02
181,1526.28,NetBanking,2024-01-24
3365,1613.67,NetBanking,2024-02-01
9006,658.14,Card,2024-01-22
121,605.23,Wallet,2024-01-03
7391,1372.9,UPI,2024-01-22
6887,862.37,UPI,2024-02-18
6779,1923.8,UPI,2024-02-06
5438,1412.51,Card,2024-01-10
6184,1703.24,Wallet,2024-02-09
8099,609.32,Wallet,2024-01-16
17906,286.63,Wallet,2024-01-28
16596,1980.71,NetBanking,2024-01-05
19255,810.53,Wallet,2024-01-25
18572,1827.53,NetBanking,2024-01-27
16137,1857.02,NetBanking,2024-01-12
12287,1457.03,NetBanking,2024-01-05
18778,461.35,UPI,2024-02-24
18822,1502.75,NetBanking,2024-02-11
8692,507.97,Wallet,2024-01-22
9433,543.08,UPI,2024-01-20
10266,448.61,Card,2024-01-20
8825,1121.8,NetBanking,2024-02-20
17636,1697.09,Card,2024-02-07
16682,194.45,UPI,2024-01-15
12083,463.17,NetBanking,2024-02-06
4602,1358.6,UPI,2024-02-02
8356,1303.52,Wallet,2024-02-21
2795,246.07,Wallet,2024-02-19
10256,1146.95,NetBanking,2024-01-08
5972,1560.83,Wallet,2024-02-06
3916,135.48,UPI,2024-01-04
12229,704.11,Card,2024-01-13
1919,1498.18,Wallet,2024-01-15
7361,1206.2,UPI,2024-02-12
14024,1214.8,Wallet,2024-02-11
16976,1712.06,UPI,2024-01-13
11362,1892.17,Wallet,2024-01-30
9257,218.79,Card,2024-02-09
8126,368.11,NetBanking,2024-01-23
10017,1345.07,NetBanking,2024-01-09
6246,1683.0,Wallet,2024-01-27
16693,1146.48,Card,2024-01-21
4749,1416.52,Wallet,2024-01-28
117,1081.93,NetBanking,2024-02-10
17769,1923.61,NetBanking,2024-01-14
11503,1002.28,UPI,2024-02-11
1531,1058.18,Wallet,2024-01-03
19100,936.59,Card,2024-01-31
3156,1606.1,Wallet,2024-01-16
14564,770.14,Card,2024-02-02
9383,1055.31,Card,2024-02-09
17888,979.39,UPI,2024-01-30
2073,1458.64,Wallet,2024-01-06
5167,1584.56,NetBanking,2024-01-15
1630,1156.92,Card,2024-02-09
14152,640.06,Card,2024-01-21
17974,1093.8,UPI,2024-01-08
6120,1960.98,Card,2024-02-24
8195,285.66,NetBanking,2024-02-06
14201,1099.31,Wallet,2024-02-14
5126,1266.84,UPI,2024-02-02
14999,1500.98,UPI,2024-02-01
19943,1475.89,UPI,2024-02-11
2388,168.57,UPI,2024-02-11
3698,154.61,Card,2024-01-25
9833,713.55,NetBanking,2024-02-14
805,1255.2,Wallet,2024-01-22
16747,1783.68,Card,2024-02-20
15365,801.09,NetBanking,2024-02-14
4569,234.37,Wallet,2024-02-02
16397,1264.37,Wallet,2024-01-06
1149,850.19,Card,2024-02-16
3434,1603.96,Wallet,2024-01-14
7173,1133.35,UPI,2024-02-26
7871,1997.82,NetBanking,2024-01-14
13054,1006.2,Card,2024-01-04
1379,170.37,Card,2024-01-23
13235,1120.9,NetBanking,2024-01-15
19059,1304.33,Card,2024-02-05
13790,383.61,Wallet,2024-01-02
15953,1082.58,Card,2024-02-11
1337,218.88,Wallet,2024-01-06
18942,1639.11,UPI,2024-01-09
239,1165.17,Wallet,2024-01-13
8760,1746.02,Wallet,2024-02-20
3792,1309.56,Wallet,2024-02-16
13912,392.16,NetBanking,2024-02-20
15154,1838.93,Card,2024-01-25
8604,923.92,Wallet,2024-01-06
19728,1603.83,NetBanking,2024-02-16
13467,1670.28,Wallet,2024-02-24
79,1791.02,UPI,2024-01-13
259,1326.91,NetBanking,2024-02-22
18615,1218.19,NetBanking,2024-02-10
5701,1549.34,NetBanking,2024-01-09
11807,657.48,UPI,2024-02-14
9998,169.74,Card,2024-01-09
14217,595.68,UPI,2024-03-01
7671,521.05,Wallet,2024-02-06
335,1627.79,Wallet,2024-01-27
228,944.01,UPI,2024-02-12
12813,202.71,NetBanking,2024-02-08
15545,641.43,UPI,2024-02-26
2456,1019.84,Wallet,2024-01-16
827,1048.97,Card,2024-02-07
17190,358.15,Card,2024-02-26
8043,1712.36,Card,2024-01-23
10232,791.0,Card,2024-01-15
9815,718.51,Wallet,2024-02-06
14959,715.85,Card,2024-01-16
16536,1053.39,UPI,2024-01-22
2009,580.51,NetBanking,2024-02-07
7788,1180.44,UPI,2024-01-01
15309,1495.0,UPI,2024-02-26
1782,595.85,NetBanking,2024-02-04
2140,102.73,UPI,2024-01-17
9192,434.46,Wallet,2024-02-20
16209,1441.65,UPI,2024-01-23
93,1420.46,UPI,2024-02-25
1305,554.22,NetBanking,2024-02-27
17853,199.7,Card,2024-01-12
5925,1055.65,Card,2024-02-03
11476,1853.61,UPI,2024-01-20
3441,1199.63,UPI,2024-02-22
2572,1371.56,Wallet,2024-02-08
13827,1084.61,Card,2024-01-06
4411,1497.7,Wallet,2024-02-04
4179,1150.7,Card,2024-02-15
6519,466.32,Wallet,2024-01-02
4124,244.95,Wallet,2024-02-07
1071,758.34,Wallet,2024-01-17
7575,1472.19,NetBanking,2024-02-02
4900,364.35,UPI,2024-02-28
13687,1756.28,Card,2024-03-01
12508,1532.79,Wallet,2024-02-24
1734,1796.19,Card,2024-02-12
2675,682.78,Wallet,2024-01-31
12005,499.99,Card,2024-02-07
2434,727.86,NetBanking,2024-02-21
5180,817.09,NetBanking,2024-02-01
19003,218.15,Wallet,2024-01-16
1648,1185.48,Wallet,2024-01-23
10887,1839.81,NetBanking,2024-01-24
2659,198.92,UPI,2024-01-15
1480,414.87,UPI,2024-01-22
443,1466.99,NetBanking,2024-01-18
10047,1377.09,Card,2024-02-06
9266,157.36,UPI,2024-01-21
2651,1157.65,NetBanking,2024-02-03
13540,377.16,NetBanking,2024-01-22
7388,1020.64,UPI,2024-01-15
1595,760.34,Card,2024-01-24
7652,128.96,Card,2024-02-17
9757,313.67,UPI,2024-02-22
15335,1635.72,Wallet,2024-02-21
5601,905.49,Card,2024-01-15
14052,458.42,UPI,2024-02-16
13178,1063.65,Card,2024-01-13
11997,371.63,UPI,2024-02-27
4789,943.63,Card,2024-02-05
6827,1001.89,NetBanking,2024-01-15
17834,321.34,NetBanking,2024-01-20
12956,729.11,Card,2024-01-15
3097,521.82,UPI,2024-01-08
11732,1869.15,NetBanking,2024-01-08
19427,610.93,NetBanking,2024-01-22
19690,400.86,NetBanking,2024-01-14
12,1294.4,NetBanking,2024-01-15
9047,1176.6,NetBanking,2024-01-01
11716,1085.0,UPI,2024-01-21
15880,178.26,NetBanking,2024-01-19
5721,608.06,NetBanking,2024-02-28
15907,1087.28,NetBanking,2024-01-12
14843,1139.97,Card,2024-02-04
7116,787.75,NetBanking,2024-01-17
5225,1736.13,UPI,2024-01-26
5432,1410.49,Card,2024-02-11
16732,1533.94,UPI,2024-01-29
1644,255.25,Wallet,2024-01-15
8791,1889.45,NetBanking,2024-02-23
4969,1707.68,UPI,2024-02-14
1651,1698.1,UPI,2024-01-15
7122,508.04,Wallet,2024-01-28
924,1843.97,Wallet,2024-01-30
4993,1203.58,UPI,2024-02-02
14913,1411.17,Wallet,2024-02-21
13745,1307.3,Wallet,2024-02-24
3532,1841.11,NetBanking,2024-01-25
2230,552.91,UPI,2024-02-16
153,1493.71,Wallet,2024-02-26
3151,1553.66,Wallet,2024-02-26
2117,1615.41,Card,2024-01-21
18567,859.61,Wallet,2024-02-13
16270,1520.94,Card,2024-01-25
1618,1153.4,Wallet,2024-01-03
159,1774.87,NetBanking,2024-01-27
6142,469.5,UPI,2024-02-23
12696,719.55,UPI,2024-02-05
9475,635.95,UPI,2024-01-16
2119,786.17,NetBanking,2024-02-27
19309,1944.95,Card,2024-01-31
4917,828.85,UPI,2024-01-21
17322,1820.12,NetBanking,2024-01-16
849,610.16,UPI,2024-01-22
3257,1484.78,Wallet,2024-02-01
751,383.01,Card,2024-01-10
13025,1343.1,UPI,2024-01-22
18537,1818.28,Wallet,2024-02-05
3348,588.38,Wallet,2024-02-07
16903,1397.73,UPI,2024-01-14
8490,523.69,Card,2024-01-13
15053,1914.99,Wallet,2024-02-20
12575,613.29,Card,2024-02-21
16341,755.51,UPI,2024-02-25
6849,898.57,UPI,2024-01-31
9120,297.6,NetBanking,2024-02-04
5111,1230.09,Card,2024-02-15
12913,1925.13,UPI,2024-02-28
9386,700.43,NetBanking,2024-01-24
19068,1181.36,NetBanking,2024-02-09
2519,1074.06,UPI,2024-02-08
14405,1526.85,Wallet,2024-02-15
8582,1795.07,UPI,2024-01-25
702,977.01,NetBanking,2024-01-22
8944,1881.25,Wallet,2024-02-15
3660,1971.35,NetBanking,2024-02-08
16352,668.25,Card,2024-02-25
1347,286.37,NetBanking,2024-01-18
3325,716.07,Card,2024-02-08
5786,1331.14,NetBanking,2024-03-01
2872,1485.45,NetBanking,2024-02-28
12335,314.83,Wallet,2024-01-12
17933,438.15,NetBanking,2024-02-18
13841,1682.31,UPI,2024-03-01
255,1714.49,NetBanking,2024-01-20
10242,1296.82,NetBanking,2024-02-15
9494,1473.56,Wallet,2024-01-18
11702,921.53,Wallet,2024-01-31
706,707.47,UPI,2024-02-08
4118,640.04,UPI,2024-01-05
14042,1754.9,Wallet,2024-01-08
11795,1202.46,NetBanking,2024-02-12
2706,1363.52,UPI,2024-01-05
4676,1855.88,Wallet,2024-02-19
12957,1669.9,Card,2024-02-14
3271,695.78,Card,2024-01-08
7546,327.39,NetBanking,2024-02-26
230,814.88,Card,2024-01-22
2505,1797.04,Card,2024-02-28
13807,325.88,UPI,2024-01-17
8600,358.28,NetBanking,2024-02-14
17038,1424.9,NetBanking,2024-01-20
6662,617.61,Card,2024-02-09
19364,1936.84,Card,2024-01-19
6971,1730.9,Card,2024-02-18
13132,574.01,Wallet,2024-02-16
19932,745.56,UPI,2024-01-17
3227,1725.42,NetBanking,2024-01-13
10483,1143.17,UPI,2024-02-13
16778,163.68,UPI,2024-02-17
16764,714.28,Wallet,2024-01-24
6909,1677.5,Wallet,2024-01-15
521,1623.46,NetBanking,2024-01-04
5563,1284.58,Card,2024-01-06
11245,1109.31,NetBanking,2024-01-02
15689,1432.91,UPI,2024-01-17
19789,1371.67,NetBanking,2024-02-08
12939,423.46,NetBanking,2024-02-24
13950,1699.02,Wallet,2024-02-29
17735,1882.05,NetBanking,2024-02-06
557,1541.72,NetBanking,2024-02-20
17509,150.68,UPI,2024-02-08
448,221.33,NetBanking,2024-01-06
1446,1598.73,UPI,2024-02-19
14868,1305.85,UPI,2024-02-09
1876,1089.93,Wallet,2024-02-21
18788,1980.78,Wallet,2024-02-13
17958,733.57,UPI,2024-02-23
1890,1754.07,NetBanking,2024-02-09
3793,1535.91,Card,2024-01-25
18816,585.14,NetBanking,2024-01-15
19459,1959.47,NetBanking,2024-02-29
15607,614.9,Wallet,2024-02-06
6602,919.8,Wallet,2024-02-22
1241,755.07,Card,2024-01-16
894,781.15,Card,2024-02-11
2864,1099.11,NetBanking,2024-01-18
411,1041.01,Card,2024-02-08
14019,517.82,UPI,2024-01-30
14942,331.08,NetBanking,2024-02-21
10253,1313.67,UPI,2024-01-11
15018,1345.36,NetBanking,2024-02-28
2139,1264.42,UPI,2024-01-26
14711,1696.79,Wallet,2024-02-25
18106,1299.75,NetBanking,2024-03-01
17600,901.76,UPI,2024-01-26
12931,1582.95,NetBanking,2024-02-28
18702,818.29,Wallet,2024-01-15
637,1125.88,UPI,2024-02-14
7053,1769.08,NetBanking,2024-02-23
17367,1850.54,UPI,2024-02-09
3059,1644.59,UPI,2024-01-25
8337,1142.92,Wallet,2024-01-01
8925,752.99,Card,2024-01-21
13166,150.5,Wallet,2024-01-10
5774,1067.28,UPI,2024-01-07
11873,1764.77,Wallet,2024-02-27
17672,402.29,Card,2024-02-07
6715,571.01,Card,2024-02-03
13854,1119.24,Wallet,2024-02-26
10536,1494.77,Card,2024-01-16
15429,1368.08,NetBanking,2024-01-18
12816,745.05,UPI,2024-01-19
3887,492.82,Wallet,2024-02-18
4613,320.55,UPI,2024-01-19
12560,981.32,UPI,2024-01-07
19736,946.74,Card,2024-02-15
9507,601.29,Card,2024-02-13
10497,776.6,Card,2024-01-05
14207,825.54,UPI,2024-02-09
11129,936.28,Card,2024-02-17
3329,1154.99,Wallet,2024-01-24
14298,773.59,Card,2024-01-11
19051,1876.57,Wallet,2024-02-18
18055,680.75,NetBanking,2024-02-29
9012,264.26,Wallet,2024-01-20
1599,473.63,Wallet,2024-02-16
14440,1496.29,NetBanking,2024-01-04
2354,652.16,NetBanking,2024-02-25
13022,599.95,UPI,2024-02-22
11149,1401.83,NetBanking,2024-02-21
3937,1086.25,Wallet,2024-01-07
18689,1712.73,UPI,2024-01-08
1724,153.0,Card,2024-02-02
6078,908.19,NetBanking,2024-01-28
18587,1595.68,Card,2024-01-17
11600,802.38,Card,2024-02-13
1175,1861.72,UPI,2024-01-30
11620,1154.33,UPI,2024-01-24
2691,1997.82,Wallet,2024-01-23
16051,1398.27,Card,2024-02-18
7644,1839.26,Card,2024-02-20
18979,125.13,Wallet,2024-01-21
2628,1653.79,Card,2024-01-07
13795,1042.3,Card,2024-01-07
3251,1502.73,UPI,2024-01-18
5826,994.83,Card,2024-01-01
13815,465.68,Wallet,2024-01-14
12636,1039.15,Card,2024-02-04
18757,886.86,Wallet,2024-01-17
4369,1181.6,Wallet,2024-02-28
17060,1397.2,Wallet,2024-01-15
12236,269.47,Wallet,2024-01-25
4282,1056.39,NetBanking,2024-02-01
14873,1203.45,NetBanking,2024-02-29
2108,1566.06,UPI,2024-02-11
9355,1320.13,Card,2024-01-11
18085,1656.03,Card,2024-02-02
16575,665.48,UPI,2024-01-01
13461,161.39,Wallet,2024-02-25
8584,1123.22,NetBanking,2024-02-08
8681,1710.43,Card,2024-02-08
984,413.97,NetBanking,2024-01-23
2090,1602.67,Card,2024-01-01
1942,1341.35,NetBanking,2024-01-30
17446,719.32,UPI,2024-01-03
7040,328.64,Wallet,2024-02-28
1076,378.07,Wallet,2024-01-04
554,1976.18,UPI,2024-02-28
1063,533.85,NetBanking,2024-02-26
6637,1291.68,Wallet,2024-01-20
15015,156.51,Card,2024-02-08
16210,1609.88,UPI,2024-01-26
6434,1291.56,Wallet,2024-01-11
19575,1257.99,UPI,2024-01-07
2382,544.85,NetBanking,2024-02-14
950,1060.51,Wallet,2024-01-06
12343,1141.4,Wallet,2024-01-17
807,740.79,NetBanking,2024-01-28
434,560.52,Card,2024-01-11
1958,1847.99,NetBanking,2024-01-21
18692,1583.72,Wallet,2024-02-23
5856,732.01,UPI,2024-01-08
1937,881.45,Wallet,2024-02-11
11391,528.79,Wallet,2024-01-11
10598,1022.04,Wallet,2024-01-17
15941,532.39,Card,2024-02-07
15558,706.09,UPI,2024-01-30
2941,1610.13,Wallet,2024-01-10
10672,937.69,Card,2024-03-01
4189,1662.02,UPI,2024-01-04
17599,2296.24,NetBanking,2024-01-26
6085,1561.35,Card,2024-02-18
4089,453.5,NetBanking,2024-01-10
2705,972.4,Card,2024-02-01
13074,1489.47,NetBanking,2024-02-04
14611,1413.8,Card,2024-01-23
2383,424.76,Card,2024-02-06
3971,1051.82,NetBanking,2024-02-25
3845,924.29,Wallet,2024-02-22
229,1268.54,UPI,2024-02-18
4586,1199.47,Card,2024-01-14
9358,1942.39,UPI,2024-01-11
6412,414.0,Card,2024-01-07
4646,241.51,Wallet,2024-01-04
10210,827.45,UPI,2024-01-06
14072,736.47,Wallet,2024-02-27
13869,1022.72,Card,2024-01-26
10393,1505.17,UPI,2024-02-18
5365,1297.84,UPI,2024-01-26
1739,1452.98,UPI,2024-01-03
11466,153.67,UPI,2024-02-19
2259,2329.18,NetBanking,2024-01-21
12611,1991.34,Card,2024-01-04
13373,1539.58,Wallet,2024-02-01
3624,1377.47,Wallet,2024-02-19
14673,1768.54,NetBanking,2024-02-09
18505,897.99,Wallet,2024-01-07
14199,911.04,UPI,2024-01-07
19530,744.3,Wallet,2024-02-01
11278,846.24,Wallet,2024-01-18
4843,910.4,Card,2024-01-30
18726,827.42,Card,2024-01-30
2074,880.69,UPI,2024-02-19
10560,1578.65,UPI,2024-01-18
15370,729.67,Wallet,2024-01-03
11387,1098.66,Wallet,2024-01-28
8062,717.86,Card,2024-02-07
14669,1570.54,Wallet,2024-01-04
15617,125.43,Wallet,2024-02-24
4205,1709.45,Card,2024-02-20
873,1414.37,Card,2024-02-09
19851,1300.17,Wallet,2024-01-26
10550,223.3,Card,2024-01-31
17572,972.41,Card,2024-01-25
8662,621.48,UPI,2024-01-17
18325,469.57,Card,2024-02-07
14357,1050.48,UPI,2024-02-10
9788,1555.11,Wallet,2024-01-23
4475,1429.07,Wallet,2024-03-01
18442,828.81,Card,2024-02-13
9620,834.27,UPI,2024-01-25
11423,1464.99,UPI,2024-01-31
10173,1586.61,NetBanking,2024-01-02
14414,1793.27,Card,2024-01-19
5423,1789.03,UPI,2024-01-19
5315,1558.9,UPI,2024-02-10
602,771.94,UPI,2024-01-02
5466,1150.12,UPI,2024-01-03
16125,162.95,Card,2024-02-21
2994,272.95,NetBanking,2024-01-15
10364,1301.42,UPI,2024-01-20
8949,770.88,Wallet,2024-01-29
13589,737.56,UPI,2024-02-26
12909,893.44,Card,2024-02-20
3729,1657.03,Card,2024-01-02
354,704.91,Wallet,2024-01-07
7667,566.52,UPI,2024-01-21
11044,160.94,Card,2024-02-20
1772,558.06,Wallet,2024-01-16
17746,413.72,UPI,2024-02-26
11762,988.8,UPI,2024-01-05
3638,818.79,UPI,2024-02-17
733,1287.15,NetBanking,2024-02-24
4828,945.1,Card,2024-01-08
7215,1449.38,UPI,2024-02-14
14986,1807.14,UPI,2024-02-18
16579,877.05,Card,2024-01-03
9474,634.58,Card,2024-02-13
6873,1700.78,NetBanking,2024-02-29
5296,291.32,UPI,2024-01-26
19114,1862.79,Card,2024-02-01
13046,708.86,UPI,2024-01-31
15621,1420.72,Wallet,2024-01-13
12552,1275.3,UPI,2024-01-17
18552,1269.83,NetBanking,2024-01-31
15251,395.22,UPI,2024-01-10
9014,767.45,NetBanking,2024-01-31
18623,1429.67,Card,2024-01-29
16373,1886.43,UPI,2024-02-18
14196,1243.35,UPI,2024-01-17
15584,1841.98,Wallet,2024-01-09
2494,869.6,Card,2024-02-24
16265,232.12,NetBanking,2024-02-02
9007,1079.78,Wallet,2024-01-30
15546,511.08,NetBanking,2024-02-16
16089,1413.75,UPI,2024-01-28
11042,131.44,Card,2024-01-12
10049,1957.31,UPI,2024-02-22
14556,1627.19,Card,2024-03-01
9909,1847.5,NetBanking,2024-01-18
7747,201.77,Wallet,2024-01-08
687,512.3,Card,2024-01-02
11530,1440.58,UPI,2024-02-02
15799,707.78,NetBanking,2024-01-17
13513,571.06,UPI,2024-02-14
18448,937.69,NetBanking,2024-01-09
4074,959.27,Card,2024-02-22
466,647.18,Card,2024-02-20
2414,389.24,Wallet,2024-02-25
8161,486.69,Card,2024-01-17
15482,1153.34,Wallet,2024-02-21
8952,948.91,NetBanking,2024-01-01
14470,110.4,UPI,2024-02-09
3457,764.6,Wallet,2024-02-17
4992,1696.46,UPI,2024-02-16
6883,1830.62,UPI,2024-01-25
12970,1926.35,Wallet,2024-02-01
12893,270.86,UPI,2024-02-22
6818,878.42,Wallet,2024-01-15
6711,2179.1,Card,2024-02-20
15129,931.72,Wallet,2024-02-12
14744,219.78,UPI,2024-01-22
12171,1030.66,Wallet,2024-02-11
15462,1774.41,UPI,2024-01-16
13106,727.27,UPI,2024-02-03
5752,1262.79,NetBanking,2024-02-17
2116,1963.56,NetBanking,2024-01-05
12095,293.99,NetBanking,2024-01-05
14082,1272.2,Card,2024-01-10
13329,1527.72,NetBanking,2024-01-21
18230,1459.41,Wallet,2024-02-08
9327,1055.53,UPI,2024-01-20
124,446.99,Card,2024-01-12
16854,1605.01,NetBanking,2024-01-24
9008,1268.28,NetBanking,2024-02-12
11233,212.89,Card,2024-02-05
16042,727.37,NetBanking,2024-01-14
12759,1997.71,Wallet,2024-02-27
12192,430.18,NetBanking,2024-02-06
7849,701.76,NetBanking,2024-01-08
19742,1616.19,NetBanking,2024-01-30
179,612.48,NetBanking,2024-02-10
4515,1185.25,Card,2024-01-19
10937,252.23,UPI,2024-02-16
12844,1839.68,Wallet,2024-02-20
7337,342.59,Wallet,2024-02-14
4966,331.46,Card,2024-02-16
18056,1616.63,UPI,2024-02-25
7167,642.08,Card,2024-02-04
16600,624.77,Wallet,2024-02-21
16561,1197.28,NetBanking,2024-01-15
8940,1035.45,Wallet,2024-02-08
2393,1667.52,Card,2024-01-26
9603,1438.82,NetBanking,2024-02-12
6895,125.25,UPI,2024-02-18
2446,208.89,NetBanking,2024-01-12
14263,1802.33,UPI,2024-01-18
7820,1649.31,Wallet,2024-01-05
14012,1423.03,UPI,2024-01-13
15592,224.9,Card,2024-01-04
18791,1092.3,NetBanking,2024-01-21
18597,565.43,Wallet,2024-02-28
11969,1894.93,NetBanking,2024-01-16
15969,831.62,Card,2024-02-14
18214,1886.67,UPI,2024-02-15
6044,207.47,Card,2024-01-04
14636,1069.0,Wallet,2024-01-07
7397,1382.5,Wallet,2024-01-29
19698,471.83,Card,2024-01-11
10163,972.79,UPI,2024-03-01
5302,1396.09,NetBanking,2024-01-04
15091,1186.53,UPI,2024-02-27
4231,1157.88,Wallet,2024-02-26
16158,1061.89,UPI,2024-02-17
11981,469.47,NetBanking,2024-01-22
544,675.65,Wallet,2024-02-06
8858,1553.3,Card,2024-01-01
5319,1665.61,Wallet,2024-01-11
17626,498.38,Wallet,2024-01-25
9241,2072.09,NetBanking,2024-01-22
11428,1077.26,NetBanking,2024-02-25
4208,1151.4,Card,2024-02-05
9284,382.53,NetBanking,2024-02-03
13020,264.39,Wallet,2024-01-07
4517,711.08,UPI,2024-02-15
17877,1962.97,NetBanking,2024-01-06
18616,1481.51,Card,2024-01-04
9186,255.85,Wallet,2024-01-31
16777,503.24,UPI,2024-01-20
3388,1779.11,UPI,2024-02-05
6494,978.17,NetBanking,2024-02-12
15551,1879.76,UPI,2024-02-19
17580,572.4,Wallet,2024-01-02
18682,1689.2,Card,2024-02-16
1518,1001.52,Card,2024-02-02
512,398.47,NetBanking,2024-01-04
2250,1406.17,Card,2024-02-06
1468,262.39,Wallet,2024-01-23
16556,195.75,Wallet,2024-01-05
8303,1835.67,Card,2024-02-27
14123,553.05,Card,2024-02-22
5253,355.33,UPI,2024-02-23
19669,1906.62,Wallet,2024-01-26
10178,203.95,Wallet,2024-01-18
6329,259.12,Card,2024-02-13
17909,1985.96,Wallet,2024-01-28
369,1836.89,NetBanking,2024-02-16
4767,1703.44,NetBanking,2024-02-04
15654,1310.24,Wallet,2024-02-29
5041,1124.25,NetBanking,2024-02-17
16368,792.87,NetBanking,2024-01-22
19595,743.65,Card,2024-01-27
10610,493.74,UPI,2024-01-30
6019,748.24,UPI,2024-01-08
1380,1318.74,NetBanking,2024-01-27
10441,322.51,Card,2024-02-18
5631,719.34,UPI,2024-01-24
19820,1440.11,Card,2024-01-10
13389,1196.14,Card,2024-02-23
4391,1375.48,Wallet,2024-03-01
6663,403.86,Card,2024-01-23
8197,1929.38,NetBanking,2024-01-20
13845,1346.18,UPI,2024-02-10
1383,335.3,Wallet,2024-02-17
10352,302.01,NetBanking,2024-01-25
3451,103.52,UPI,2024-01-04
17240,1021.78,Wallet,2024-01-26
8615,887.42,UPI,2024-02-25
2380,504.65,Card,2024-02-17
17512,1192.79,Card,2024-01-02
14243,999.71,UPI,2024-02-17
1509,1044.95,NetBanking,2024-01-11
8282,1130.53,Wallet,2024-02-10
6555,1551.42,UPI,2024-02-13
13041,1437.47,Wallet,2024-01-29
2567,1405.9,UPI,2024-01-30
12633,1763.48,NetBanking,2024-02-22
12427,1775.29,Card,2024-02-22
17296,1328.09,UPI,2024-02-04
6499,168.37,UPI,2024-03-01
14310,207.16,Card,2024-01-19
272,1369.2,Wallet,2024-02-24
2247,324.85,NetBanking,2024-01-03
19526,307.32,UPI,2024-02-04
1494,189.71,Wallet,2024-02-08
7503,143.32,Wallet,2024-01-19
2570,830.2,Card,2024-02-10
1711,1335.91,NetBanking,2024-02-18
11268,1994.28,Wallet,2024-01-16
5012,461.14,NetBanking,2024-01-07
1426,1029.18,NetBanking,2024-02-11
15769,310.22,Wallet,2024-01-11
1123,365.77,Card,2024-01-06
8495,466.3,Wallet,2024-02-28
7382,1461.87,Wallet,2024-02-03
450,1565.15,Wallet,2024-03-01
5898,1730.2,Wallet,2024-02-10
9687,721.96,NetBanking,2024-02-11
16789,466.48,Card,2024-01-26
670,1060.03,Wallet,2024-02-23
11429,699.08,Card,2024-02-15
15503,761.16,Wallet,2024-01-16
1007,1473.21,Wallet,2024-01-25
18557,1276.57,NetBanking,2024-02-17
13091,1098.05,Wallet,2024-02-11
12924,483.97,UPI,2024-01-31
17659,1236.71,UPI,2024-01-01
12478,1276.85,Wallet,2024-01-23
2525,1389.53,NetBanking,2024-02-03
10659,1578.04,UPI,2024-01-25
312,1484.34,NetBanking,2024-01-27
3201,1404.36,NetBanking,2024-02-17
401,321.1,NetBanking,2024-02-14
5659,294.59,NetBanking,2024-01-29
15173,1037.86,NetBanking,2024-01-21
8777,734.64,UPI,2024-01-02
13275,129.59,UPI,2024-01-04
10740,146.18,Card,2024-01-19
18317,538.06,UPI,2024-01-19
19132,1858.67,NetBanking,2024-01-24
4105,280.91,Wallet,2024-01-14
11863,1648.37,NetBanking,2024-02-06
6625,1505.19,Card,2024-01-24
9615,1924.65,Card,2024-01-07
1381,252.08,Wallet,2024-01-26
15729,1336.25,Card,2024-01-04
11710,600.83,UPI,2024-02-26
81,1460.97,Card,2024-01-29
2309,1701.83,NetBanking,2024-01-02
4737,1659.28,Wallet,2024-01-02
13350,1333.28,Wallet,2024-02-25
11962,414.57,Card,2024-02-06
10401,649.17,Card,2024-01-12
11938,108.99,UPI,2024-01-20
1741,1197.41,UPI,2024-01-31
12170,1594.73,Card,2024-01-16
5386,1866.04,UPI,2024-01-15
334,491.35,Wallet,2024-03-01
4253,702.73,Card,2024-01-28
14237,760.17,Card,2024-01-06
15703,939.65,UPI,2024-01-21
16804,1735.66,Card,2024-02-10
18594,1644.28,Card,2024-02-14
8880,1440.37,NetBanking,2024-02-19
19545,1073.73,UPI,2024-02-24
13525,805.79,Wallet,2024-02-10
3993,757.87,Card,2024-03-01
16496,422.88,UPI,2024-02-20
18912,1995.86,NetBanking,2024-01-22
19670,1868.49,NetBanking,2024-02-25
11244,425.16,Card,2024-02-02
10452,1764.28,NetBanking,2024-01-17
12620,1696.76,NetBanking,2024-01-25
5020,131.55,Card,2024-01-12
9906,921.92,NetBanking,2024-02-09
11276,1641.63,NetBanking,2024-01-23
19231,1747.82,NetBanking,2024-01-28
2078,1882.63,NetBanking,2024-01-11
618,641.91,UPI,2024-02-29
19265,1259.38,Card,2024-03-01
10848,826.27,Card,2024-01-25
16491,1243.7,UPI,2024-02-03
6773,1999.31,UPI,2024-02-01
4572,599.88,UPI,2024-01-30
2239,285.85,Card,2024-02-01
7798,1110.36,UPI,2024-01-02
18497,887.61,Wallet,2024-02-01
15644,619.03,Card,2024-01-04
4729,1293.15,Wallet,2024-02-05
18538,1999.97,Card,2024-01-31
5404,1190.3,Card,2024-01-25
19972,1032.61,NetBanking,2024-02-01
19800,136.44,NetBanking,2024-01-04
17594,705.31,Wallet,2024-02-03
19772,1293.27,Card,2024-02-16
4682,1185.13,Card,2024-01-21
7700,344.84,Wallet,2024-02-25
15722,1018.51,Wallet,2024-02-19
3256,1809.91,NetBanking,2024-01-04
11421,1918.19,NetBanking,2024-02-08
18765,1899.95,UPI,2024-02-01
3926,1090.31,NetBanking,2024-02-18
16289,984.86,Wallet,2024-02-19
918,1176.85,NetBanking,2024-02-19
19673,455.25,Wallet,2024-01-30
16620,1429.81,UPI,2024-02-04
15884,764.98,UPI,2024-01-28
19301,971.36,NetBanking,2024-02-29
6876,1419.28,Wallet,2024-02-09
12266,1395.75,Wallet,2024-01-21
15409,824.62,UPI,2024-02-13
6413,1705.13,Card,2024-02-12
3084,1166.21,Wallet,2024-02-21
5357,471.08,UPI,2024-01-11
9666,605.35,Card,2024-02-09
11206,1459.73,UPI,2024-01-24
1224,1665.22,Card,2024-02-03
18048,1709.47,Wallet,2024-01-11
12368,902.53,NetBanking,2024-01-04
4617,1358.21,Card,2024-02-15
6934,1890.38,UPI,2024-02-20
12969,360.46,UPI,2024-01-28
17697,306.67,Card,2024-01-23
15957,380.62,NetBanking,2024-02-17
8749,1600.13,Wallet,2024-01-03
5373,723.49,Wallet,2024-01-24
7379,988.42,Wallet,2024-02-10
7740,1222.71,Card,2024-01-22
4642,1981.44,Card,2024-02-25
11799,1203.89,NetBanking,2024-01-07
2692,1573.47,NetBanking,2024-01-08
7717,1029.74,Card,2024-02-13
4532,1493.22,NetBanking,2024-02-23
3857,155.1,Wallet,2024-02-12
10757,470.78,UPI,2024-02-25
17163,683.94,UPI,2024-02-27
8811,1459.27,Card,2024-01-14
588,163.11,Card,2024-02-07
862,1880.48,Card,2024-02-04
11974,1688.04,UPI,2024-02-16
13887,1166.04,UPI,2024-01-07
4937,1284.77,Wallet,2024-01-31
8688,1586.16,NetBanking,2024-02-21
5431,1696.71,UPI,2024-02-01
9882,1642.65,Card,2024-02-20
10404,879.09,NetBanking,2024-02-03
11744,678.5,UPI,2024-02-28
484,506.59,Card,2024-02-10
19720,362.91,UPI,2024-01-10
7351,1272.58,Wallet,2024-02-20
1706,1380.84,NetBanking,2024-01-25
19666,582.84,Card,2024-01-02
17520,691.23,Wallet,2024-01-29
14524,1606.31,Card,2024-02-15
2685,1931.15,Wallet,2024-02-24
9661,1378.38,NetBanking,2024-02-29
8445,1165.88,NetBanking,2024-01-23
5000,1186.74,NetBanking,2024-01-15
3584,1776.83,UPI,2024-02-02
1079,1894.26,UPI,2024-02-14
5588,437.36,NetBanking,2024-02-04
11623,1586.02,Wallet,2024-01-09
10325,1439.76,Wallet,2024-02-04
2499,1003.1,UPI,2024-02-13
15622,1179.46,Card,2024-02-29
14848,1224.31,NetBanking,2024-01-30
5652,1048.46,Card,2024-02-01
4482,1623.51,Card,2024-02-05
9794,318.99,UPI,2024-01-20
16345,294.62,Card,2024-01-12
19087,1631.43,Card,2024-01-24
10929,1861.21,UPI,2024-01-24
3764,1792.27,Card,2024-01-02
3165,678.54,NetBanking,2024-02-16
13304,357.84,NetBanking,2024-02-25
11601,1878.77,NetBanking,2024-02-06
16007,1904.34,UPI,2024-01-15
15394,1822.68,NetBanking,2024-02-03
12981,266.52,Card,2024-01-18
18248,573.43,Wallet,2024-02-18
48,1384.67,Card,2024-02-29
15014,340.94,Wallet,2024-01-10
201,875.87,UPI,2024-02-24
5998,566.91,NetBanking,2024-01-06
9748,776.33,Card,2024-02-29
14677,1139.93,UPI,2024-01-04
16557,1875.72,Wallet,2024-02-14
19937,159.81,Card,2024-02-21
6125,944.9,NetBanking,2024-01-20
11739,257.7,Card,2024-02-06
17651,257.78,UPI,2024-02-02
17345,1148.4,UPI,2024-02-29
10142,520.5,Card,2024-02-03
17481,224.67,Wallet,2024-01-29
11325,532.74,UPI,2024-02-20
6504,460.25,UPI,2024-01-19
6584,898.7,Wallet,2024-02-01
17256,972.77,Wallet,2024-02-12
19474,1317.27,NetBanking,2024-01-19
19676,760.58,Wallet,2024-01-15
11054,1492.51,UPI,2024-01-21
357,607.4,UPI,2024-02-29
8432,1833.11,UPI,2024-02-26
12074,911.49,Wallet,2024-02-12
12819,1562.37,Card,2024-02-13
6746,1334.0,NetBanking,2024-02-10
12279,274.93,UPI,2024-02-04
2591,299.88,Wallet,2024-01-12
3007,327.05,NetBanking,2024-02-03
2198,1054.88,UPI,2024-01-06
19069,1702.23,Wallet,2024-01-20
10034,1999.68,Wallet,2024-01-05
9246,1191.13,Card,2024-02-07
2836,299.56,Card,2024-02-03
11571,1575.53,Card,2024-02-01
18124,1973.92,UPI,2024-02-27
6576,1890.08,Wallet,2024-01-19
305,1608.92,Card,2024-02-26
558,688.58,UPI,2024-01-09
17776,1235.35,Card,2024-02-23
138,421.4,Card,2024-02-06
7477,433.79,UPI,2024-02-24
3107,326.22,NetBanking,2024-02-22
6913,1035.68,Wallet,2024-02-21
7393,251.43,UPI,2024-02-07
12590,1760.47,NetBanking,2024-01-26
5568,1700.61,NetBanking,2024-02-01
10983,750.93,NetBanking,2024-02-02
1114,1763.06,Card,2024-02-02
16701,222.05,Wallet,2024-01-12
8506,972.08,UPI,2024-02-09
11270,560.99,Wallet,2024-02-11
18665,1019.77,Wallet,2024-01-29
16393,1295.12,NetBanking,2024-01-27
8515,1493.06,NetBanking,2024-02-19
7534,831.24,NetBanking,2024-01-17
19462,660.86,Wallet,2024-02-21
18384,1358.44,NetBanking,2024-01-28
7730,1066.08,UPI,2024-02-11
2305,857.89,Wallet,2024-01-20
18675,836.08,Card,2024-01-04
16524,521.71,Card,2024-01-27
12617,799.46,UPI,2024-01-23
16081,1600.04,UPI,2024-01-04
9852,969.04,Wallet,2024-02-12
3250,549.14,UPI,2024-02-29
2176,1860.46,Wallet,2024-01-07
14297,1160.96,UPI,2024-02-06
10925,1471.28,NetBanking,2024-02-07
12190,993.11,NetBanking,2024-02-03
11968,1422.36,Card,2024-01-09
5062,705.5,NetBanking,2024-01-11
12498,1677.22,Wallet,2024-01-21
10151,1701.92,NetBanking,2024-01-10
7367,1033.0,UPI,2024-01-03
8545,1433.3,Wallet,2024-03-01
5946,1127.92,NetBanking,2024-02-17
14712,848.5,Card,2024-02-26
17640,870.87,NetBanking,2024-01-29
17407,635.35,Wallet,2024-02-23
10057,909.41,NetBanking,2024-02-29
11797,1051.92,Card,2024-02-24
212,1255.76,Wallet,2024-01-26
17402,805.5,UPI,2024-01-17
3418,1786.63,Wallet,2024-01-31
17938,289.58,UPI,2024-01-10
9447,1002.15,Wallet,2024-02-26
14944,400.41,Wallet,2024-01-31
2428,1624.53,Wallet,2024-01-13
13734,1066.7,NetBanking,2024-01-14
11839,170.49,Wallet,2024-02-21
2091,599.47,UPI,2024-01-22
13504,1661.96,NetBanking,2024-01-13
4909,153.42,UPI,2024-01-16
8218,849.41,Card,2024-02-07
5770,1086.48,Card,2024-01-26
3395,1247.15,NetBanking,2024-01-19
5593,1381.74,Wallet,2024-02-03
17195,563.54,Wallet,2024-02-17
15847,1919.94,NetBanking,2024-02-14
3743,447.11,Wallet,2024-01-14
6946,1202.39,UPI,2024-01-07
18078,762.49,Card,2024-01-15
16707,1001.77,Wallet,2024-01-10
6101,1434.08,Wallet,2024-01-22
16185,1646.72,UPI,2024-02-02
8419,1606.71,NetBanking,2024-02-22
12282,1352.6,Card,2024-02-26
13721,105.67,Card,2024-02-16
8917,1065.65,UPI,2024-02-13
17297,1624.17,Card,2024-02-27
19033,1806.42,Wallet,2024-01-23
16702,952.27,UPI,2024-02-12
7999,695.82,UPI,2024-01-06
5177,793.43,Card,2024-01-18
18534,1990.09,NetBanking,2024-01-06
5150,254.76,NetBanking,2024-02-08
10010,1865.76,Card,2024-02-09
15081,205.77,NetBanking,2024-01-04
1603,1338.57,NetBanking,2024-02-08
16273,1459.02,Card,2024-02-26
712,295.1,Card,2024-01-06
2796,1554.14,UPI,2024-01-09
3803,571.98,NetBanking,2024-01-21
11337,1728.37,Wallet,2024-01-29
12880,1895.26,Wallet,2024-02-08
8496,571.57,Card,2024-01-11
7380,1179.92,NetBanking,2024-02-14
19959,583.69,Card,2024-01-16
13874,282.18,UPI,2024-02-18
373,1696.66,NetBanking,2024-01-26
3536,1506.32,NetBanking,2024-01-15
18266,1108.12,Wallet,2024-01-07
392,1613.58,NetBanking,2024-02-06
10538,183.28,Card,2024-01-12
19078,592.91,NetBanking,2024-01-31
6173,452.25,Card,2024-02-28
11398,1117.3,NetBanking,2024-02-13
13237,856.61,Wallet,2024-01-31
7082,367.45,NetBanking,2024-01-08
1694,1646.37,Wallet,2024-02-12
9338,1774.81,NetBanking,2024-01-06
9215,604.48,NetBanking,2024-02-15
15392,1383.35,Wallet,2024-01-16
4611,1111.64,UPI,2024-02-19
17357,1323.92,UPI,2024-01-02
10692,1798.11,NetBanking,2024-02-26
5458,535.98,Wallet,2024-01-13
9076,1505.5,NetBanking,2024-02-12
8016,273.78,Wallet,2024-01-12
15082,1762.83,NetBanking,2024-01-04
3777,1333.96,NetBanking,2024-01-01
4514,1199.99,Card,2024-01-14
6633,1050.64,Card,2024-01-06
12866,1644.37,UPI,2024-01-09
1817,857.96,UPI,2024-02-04
16753,708.2,Wallet,2024-02-29
19875,1930.4,Wallet,2024-02-22
16507,862.73,Wallet,2024-01-15
9139,1768.3,UPI,2024-01-31
17398,1152.13,UPI,2024-01-28
7627,1606.57,Wallet,2024-02-18
2154,1497.44,Card,2024-03-01
19313,372.65,UPI,2024-02-28
1341,729.88,Wallet,2024-02-25
11015,411.81,UPI,2024-02-11
13681,1283.88,NetBanking,2024-02-02
15528,1440.39,Wallet,2024-02-23
1257,701.22,NetBanking,2024-01-09
8018,263.75,NetBanking,2024-02-16
8637,1246.1,Wallet,2024-01-14
17966,1666.2,NetBanking,2024-01-23
13621,1187.87,UPI,2024-01-02
317,865.45,UPI,2024-02-03
17171,1596.8,Card,2024-01-31
14184,249.84,Wallet,2024-02-06
19412,1272.8,NetBanking,2024-02-09
18344,666.13,Card,2024-01-26
3824,712.97,Card,2024-01-14
16153,1064.84,UPI,2024-01-30
6168,1148.35,Card,2024-01-11
8916,849.99,Wallet,2024-01-08
16638,405.78,Card,2024-02-03
8343,1325.35,UPI,2024-02-17
2855,1515.53,Wallet,2024-02-16
16768,1660.82,UPI,2024-01-01
14388,1293.45,NetBanking,2024-02-02
10149,1244.04,NetBanking,2024-02-05
1746,223.24,NetBanking,2024-02-07
2547,973.58,Card,2024-02-17
18946,651.49,Card,2024-02-26
4142,1338.02,Wallet,2024-02-21
11190,218.71,Card,2024-02-27
12506,1163.13,Card,2024-02-27
4629,964.1,NetBanking,2024-02-02
13635,206.65,UPI,2024-01-19
10999,207.04,Wallet,2024-02-02
15928,1415.36,NetBanking,2024-02-12
2666,137.34,NetBanking,2024-01-23
2673,1310.62,UPI,2024-02-02
11272,988.01,Card,2024-01-29
4685,717.93,Wallet,2024-01-27
6288,234.82,Card,2024-02-04
3490,998.66,NetBanking,2024-01-22
7383,128.51,NetBanking,2024-02-15
14819,1013.76,UPI,2024-01-02
9354,942.64,Card,2024-01-20
18290,400.67,UPI,2024-01-21
17386,1068.83,Wallet,2024-01-16
10280,1480.99,UPI,2024-01-09
15268,836.75,Wallet,2024-01-23
14215,1401.57,Card,2024-01-30
11174,732.25,UPI,2024-01-01
18698,1381.3,NetBanking,2024-01-18
6218,1392.03,Wallet,2024-01-20
7643,1726.07,NetBanking,2024-01-22
10239,1202.6,NetBanking,2024-01-01
5978,200.82,Wallet,2024-01-06
1483,293.53,UPI,2024-01-30
11616,1047.51,NetBanking,2024-01-15
5342,1746.55,Wallet,2024-02-15
4331,720.65,Card,2024-01-31
10796,1936.89,NetBanking,2024-03-01
15755,128.99,NetBanking,2024-02-19
11171,894.87,Wallet,2024-01-21
7640,1568.1,NetBanking,2024-02-14
11617,1954.18,Wallet,2024-01-12
16426,1407.86,NetBanking,2024-02-03
19611,1830.03,NetBanking,2024-01-12
18447,1213.2,Card,2024-01-30
17040,1492.32,UPI,2024-02-06
15458,762.13,Card,2024-02-21
12688,936.61,Card,2024-02-10
3825,1384.26,NetBanking,2024-02-22
6076,1968.28,NetBanking,2024-01-17
268,596.78,Card,2024-01-26
6357,1528.0,Wallet,2024-01-21
15863,844.34,Wallet,2024-01-07
14551,1892.41,NetBanking,2024-01-03
18353,1533.17,UPI,2024-02-13
17364,1260.87,NetBanking,2024-02-07
8300,1169.46,NetBanking,2024-01-19
19778,1558.1,NetBanking,2024-02-03
16180,119.24,Wallet,2024-01-16
1794,226.77,Wallet,2024-01-14
11175,1905.72,Card,2024-02-06
15286,627.95,UPI,2024-02-01
9883,359.26,Card,2024-02-02
17021,1125.59,Card,2024-02-15
10841,816.04,Wallet,2024-01-26
16871,137.69,Wallet,2024-02-22
8298,395.09,NetBanking,2024-02-28
7693,892.2,Wallet,2024-02-12
4447,313.11,Card,2024-01-10
6848,646.97,NetBanking,2024-02-23
2133,175.82,Wallet,2024-01-14
10415,1919.53,Card,2024-02-11
513,1231.44,Wallet,2024-02-18
11846,1594.07,Wallet,2024-02-27
16084,1997.61,UPI,2024-01-01
10144,1816.25,NetBanking,2024-03-01
11215,1114.9,UPI,2024-01-15
7903,886.42,Wallet,2024-01-20
17347,453.78,Card,2024-02-03
2817,1881.04,Card,2024-02-01
13833,1415.45,Card,2024-02-29
14995,1905.14,Card,2024-02-29
8008,267.68,UPI,2024-01-21
16414,499.49,NetBanking,2024-02-25
7436,632.32,NetBanking,2024-01-15
247,1892.89,NetBanking,2024-02-21
9107,1297.35,Card,2024-01-31
8527,803.04,Wallet,2024-02-28
12065,874.0,UPI,2024-02-25
5612,948.02,NetBanking,2024-02-07
790,1193.57,Card,2024-01-10
16997,1340.87,NetBanking,2024-01-13
5638,1134.05,UPI,2024-02-18
8418,1537.29,UPI,2024-01-28
15206,1957.03,Wallet,2024-01-11
7905,1952.99,Card,2024-01-23
1128,1590.17,Card,2024-02-07
13372,463.75,Wallet,2024-02-11
472,993.99,Card,2024-01-24
3641,949.63,Card,2024-02-20
6668,1259.34,Card,2024-02-09
16249,1160.76,Wallet,2024-02-26
1497,737.43,NetBanking,2024-03-01
10955,1040.28,Wallet,2024-01-03
16302,1031.76,NetBanking,2024-02-27
8046,1276.35,Card,2024-02-21
8708,655.74,Wallet,2024-02-28
11021,1873.44,Card,2024-01-24
5890,752.23,Card,2024-01-08
18225,764.29,UPI,2024-02-04
19933,1033.21,UPI,2024-01-27
8805,659.71,Card,2024-01-23
10810,890.95,NetBanking,2024-01-08
18206,1004.77,NetBanking,2024-01-01
10737,396.7,NetBanking,2024-01-23
11315,734.11,NetBanking,2024-02-05
3408,920.95,NetBanking,2024-02-15
10089,310.31,Wallet,2024-02-26
5915,808.08,Wallet,2024-02-21
12601,1321.72,Wallet,2024-02-03
5483,1096.52,Wallet,2024-02-27
6949,1769.68,NetBanking,2024-01-02
11374,465.21,NetBanking,2024-01-04
7529,1865.83,UPI,2024-01-06
10084,1245.78,NetBanking,2024-02-25
7151,121.27,NetBanking,2024-01-28
3761,1443.37,Wallet,2024-02-11
6777,1626.86,UPI,2024-02-24
19480,553.47,Card,2024-02-25
17151,1172.96,Wallet,2024-02-07
15920,1967.82,Wallet,2024-02-08
3784,192.53,UPI,2024-01-03
14585,1466.2,UPI,2024-02-13
6208,769.46,NetBanking,2024-01-26
16930,1891.91,UPI,2024-02-10
16811,570.57,NetBanking,2024-02-17
6923,1093.83,Card,2024-02-25
16031,1947.78,UPI,2024-02-28
18815,1887.16,NetBanking,2024-02-02
92,1339.17,Wallet,2024-02-19
8924,1598.62,Card,2024-02-14
7945,1619.77,Wallet,2024-01-09
8505,1288.89,Card,2024-02-06
9735,861.31,Card,2024-01-08
11495,433.3,Wallet,2024-02-25
1430,261.17,UPI,2024-02-09
13104,1018.54,NetBanking,2024-02-16
15926,260.06,Card,2024-01-28
16745,612.11,Wallet,2024-01-17
8055,1581.9,UPI,2024-01-04
15773,474.47,Card,2024-02-17
1585,520.08,NetBanking,2024-01-17
322,1432.38,UPI,2024-01-04
14091,927.73,Card,2024-02-06
12054,1640.48,NetBanking,2024-02-25
6502,1070.92,NetBanking,2024-02-03
18350,1513.91,Wallet,2024-02-20
11217,465.39,NetBanking,2024-01-07
9582,1361.89,Wallet,2024-01-28
17339,223.57,Wallet,2024-01-22
17689,1935.94,Wallet,2024-02-15
14279,1012.19,Card,2024-01-25
12463,1505.12,Card,2024-02-01
2397,924.11,Card,2024-02-09
8534,711.21,NetBanking,2024-02-13
19559,715.96,NetBanking,2024-01-07
7187,676.1,NetBanking,2024-02-27
9301,1271.55,Wallet,2024-01-12
12801,361.03,NetBanking,2024-01-05
16246,1777.44,Wallet,2024-03-01
7096,1028.13,Card,2024-01-22
7659,140.49,UPI,2024-02-18
5058,1042.85,UPI,2024-02-27
19973,481.01,NetBanking,2024-01-06
13488,509.15,Card,2024-01-01
6189,1704.41,Wallet,2024-01-07
17777,723.84,NetBanking,2024-01-02
2455,1186.56,NetBanking,2024-01-06
17962,483.07,Wallet,2024-01-01
678,1326.04,Card,2024-01-12
9260,1559.71,Card,2024-01-19
7857,124.93,NetBanking,2024-01-23
3478,1725.25,Wallet,2024-01-25
5655,840.79,NetBanking,2024-01-15
15488,167.1,Wallet,2024-01-11
12099,999.91,Wallet,2024-02-19
10762,1379.03,UPI,2024-01-19
12783,809.2,Card,2024-02-24
3749,1303.01,Wallet,2024-01-28
6004,1211.93,NetBanking,2024-01-29
747,975.26,NetBanking,2024-02-17
10565,554.42,UPI,2024-01-24
9940,342.82,UPI,2024-02-29
14747,1690.45,UPI,2024-02-28
15724,1203.45,NetBanking,2024-02-15
14534,411.2,Wallet,2024-01-20
7313,1231.87,NetBanking,2024-02-23
15473,114.93,Card,2024-02-05
3123,1395.81,UPI,2024-01-14
16069,357.42,NetBanking,2024-02-01
19315,1454.52,Card,2024-01-15
19358,113.18,Card,2024-02-18
10734,1230.96,UPI,2024-02-14
11126,899.13,Card,2024-01-16
14149,1602.91,UPI,2024-01-06
6251,1568.54,NetBanking,2024-01-07
11207,1456.55,Card,2024-01-20
10621,1628.77,NetBanking,2024-01-20
112,168.39,UPI,2024-02-14
2411,1351.04,NetBanking,2024-02-21
745,171.22,Card,2024-01-29
8071,1753.52,NetBanking,2024-01-13
9851,256.49,NetBanking,2024-01-25
3723,1809.92,Wallet,2024-01-23
6834,1127.61,UPI,2024-02-19
11274,596.99,NetBanking,2024-01-21
8110,1780.42,Wallet,2024-01-28
2348,1538.86,Wallet,2024-01-27
4419,1099.5,Wallet,2024-02-03
2554,736.14,Card,2024-01-24
18321,1200.61,NetBanking,2024-01-05
8188,918.07,NetBanking,2024-02-24
6433,1709.03,NetBanking,2024-01-10
13598,1350.69,Card,2024-01-07
19221,1983.54,Wallet,2024-02-22
8068,1061.06,UPI,2024-01-07
15794,1326.57,UPI,2024-01-23
15175,1594.59,NetBanking,2024-01-18
19678,1245.49,Wallet,2024-02-17
14022,1360.77,Wallet,2024-02-06
15931,1104.48,Wallet,2024-02-04
19147,1991.1,Card,2024-02-03
8965,1283.77,Wallet,2024-01-13
11994,1988.96,Card,2024-01-12
8164,893.08,UPI,2024-01-01
14169,1483.66,UPI,2024-02-10
9482,774.72,UPI,2024-01-30
16050,1942.71,UPI,2024-02-20
9526,1565.24,Card,2024-02-03
18378,353.9,UPI,2024-01-16
10721,1494.67,NetBanking,2024-02-16
19454,1791.79,NetBanking,2024-02-12
14860,672.4,NetBanking,2024-01-03
12788,673.91,UPI,2024-01-08
16522,1636.28,UPI,2024-02-08
6854,343.31,UPI,2024-02-18
15051,1787.0,UPI,2024-01-19
951,1684.03,Wallet,2024-01-05
7193,695.06,Wallet,2024-02-27
1101,393.93,UPI,2024-01-28
16870,1264.75,Wallet,2024-01-31
4841,898.35,Wallet,2024-01-23
14515,1074.81,NetBanking,2024-02-26
9243,1043.05,UPI,2024-02-01
8871,237.66,UPI,2024-01-04
8239,876.19,Wallet,2024-02-21
1097,301.61,NetBanking,2024-02-03
5769,372.63,NetBanking,2024-02-19
669,927.51,UPI,2024-01-23
17483,578.05,Card,2024-02-12
8467,625.22,Wallet,2024-01-05
15850,248.58,NetBanking,2024-02-15
14003,551.95,NetBanking,2024-01-12
1208,260.51,Card,2024-02-01
16276,1765.63,NetBanking,2024-01-24
12789,1139.27,UPI,2024-01-16
3590,1695.96,NetBanking,2024-02-15
17222,879.27,Card,2024-01-29
5387,1585.53,Wallet,2024-01-12
6165,226.86,Card,2024-02-27
664,652.21,Wallet,2024-02-18
5875,1967.67,Wallet,2024-01-30
3311,399.91,NetBanking,2024-02-16
11523,1726.11,UPI,2024-01-28
2835,1618.23,NetBanking,2024-02-05
13567,391.02,Card,2024-01-24
5300,1888.96,Wallet,2024-02-01
14251,433.94,Card,2024-01-19
18548,1200.24,NetBanking,2024-01-21
4267,1650.12,UPI,2024-02-07
6180,1478.84,NetBanking,2024-02-01
77,912.57,UPI,2024-01-07
10637,313.89,UPI,2024-02-18
19342,304.5,Card,2024-02-03
16134,1564.01,Card,2024-01-03
17988,1215.83,Card,2024-01-17
18825,125.48,Wallet,2024-02-24
4487,153.87,NetBanking,2024-01-01
13292,1235.0,UPI,2024-02-18
19192,866.56,UPI,2024-01-28
18096,979.75,Wallet,2024-01-24
2671,1235.57,Card,2024-02-08
300,958.36,Wallet,2024-01-29
13055,242.27,Card,2024-02-04
15594,405.35,Wallet,2024-02-29
12694,1695.85,UPI,2024-02-02
8991,983.5,UPI,2024-02-09
3649,194.34,UPI,2024-01-25
4238,140.23,UPI,2024-01-12
19548,638.0,UPI,2024-03-01
12417,1074.15,Wallet,2024-02-14
899,1117.95,UPI,2024-02-16
18737,1633.99,UPI,2024-02-20
11460,344.44,UPI,2024-01-25
8370,372.47,UPI,2024-02-27
6203,1962.97,Wallet,2024-02-06
3114,1773.94,NetBanking,2024-01-27
19718,629.38,NetBanking,2024-02-12
17404,987.73,Card,2024-01-17
5056,1497.75,Wallet,2024-02-04
18382,1389.19,Wallet,2024-02-29
10308,1449.38,Card,2024-01-01
11792,581.69,UPI,2024-01-06
16239,1216.96,Card,2024-01-12
18862,145.89,NetBanking,2024-01-05
7414,1282.01,Wallet,2024-01-09
11908,1355.91,Wallet,2024-02-24
17167,368.29,NetBanking,2024-01-02
11074,164.72,NetBanking,2024-01-18
7847,201.77,UPI,2024-02-18
9991,1314.2,Card,2024-01-13
16710,1570.55,NetBanking,2024-02-23
12928,134.89,Wallet,2024-01-17
18952,562.03,NetBanking,2024-02-27
8200,1833.25,UPI,2024-02-28
8210,1059.06,UPI,2024-01-06
17578,1157.99,UPI,2024-02-19
15616,442.99,NetBanking,2024-01-15
4221,1592.49,UPI,2024-01-05
18910,588.66,NetBanking,2024-01-11
2423,1304.08,Wallet,2024-01-29
6877,1158.13,NetBanking,2024-01-15
18149,1883.16,Card,2024-02-09
15323,1511.29,Card,2024-02-28
17720,621.58,Wallet,2024-01-28
6191,533.69,Card,2024-01-19
13458,926.22,Wallet,2024-02-27
10828,1502.7,Wallet,2024-01-10
19607,1034.75,UPI,2024-01-15
7068,990.23,NetBanking,2024-02-13
14675,897.52,NetBanking,2024-01-31
10117,758.78,NetBanking,2024-01-27
8234,868.61,NetBanking,2024-02-25
1467,1910.78,NetBanking,2024-02-18
13608,758.4,UPI,2024-01-14
12409,100.03,NetBanking,2024-01-28
6451,1510.65,Card,2024-01-27
16346,814.43,UPI,2024-02-09
17000,441.71,UPI,2024-01-10
17984,578.91,UPI,2024-01-09
14862,721.24,Wallet,2024-01-26
16492,991.18,UPI,2024-02-05
1799,844.45,UPI,2024-02-08
9019,421.12,NetBanking,2024-02-27
17751,1242.54,Wallet,2024-01-30
5154,298.22,UPI,2024-02-06
18893,1124.9,Card,2024-02-13
13064,144.43,Card,2024-01-01
4362,999.26,UPI,2024-02-08
4809,863.31,UPI,2024-02-05
12022,1263.95,Wallet,2024-01-15
13503,1892.15,NetBanking,2024-02-04
1771,1331.14,Card,2024-01-03
15492,1189.7,UPI,2024-01-21
2593,799.88,NetBanking,2024-02-13
10439,743.39,NetBanking,2024-01-16
11622,1192.09,NetBanking,2024-02-20
1378,1786.2,Wallet,2024-02-13
18604,311.01,NetBanking,2024-01-21
13686,1861.91,Card,2024-01-25
3415,1163.24,Card,2024-01-03
9430,151.7,Wallet,2024-01-01
10754,929.84,Card,2024-01-18
14241,1297.56,UPI,2024-02-19
427,1649.34,NetBanking,2024-02-29
7,1755.48,UPI,2024-02-14
13885,1721.41,Card,2024-01-31
19816,183.78,UPI,2024-01-13
17390,794.04,Card,2024-01-07
13784,1784.83,UPI,2024-01-26
1103,961.6,Card,2024-01-16
6911,1811.7,UPI,2024-02-03
17508,748.76,Wallet,2024-02-25
17391,1140.29,UPI,2024-01-24
3412,1607.12,Card,2024-02-20
8088,482.05,UPI,2024-01-27
10030,1223.74,Card,2024-02-19
9310,1365.4,UPI,2024-01-09
4852,606.04,NetBanking,2024-01-23
16734,162.33,NetBanking,2024-03-01
7684,1782.03,Wallet,2024-01-17
881,1839.11,UPI,2024-01-21
8042,1048.46,NetBanking,2024-02-13
10878,394.77,NetBanking,2024-02-09
11910,1978.05,Card,2024-02-05
4181,1151.2,Wallet,2024-02-10
7156,426.41,Wallet,2024-02-05
19379,687.99,NetBanking,2024-02-10
4390,1357.06,NetBanking,2024-02-02
10591,1829.26,Wallet,2024-02-23
8357,1045.6,Wallet,2024-01-20
18730,1658.27,UPI,2024-01-07
3709,997.88,UPI,2024-02-25
5560,1678.13,NetBanking,2024-01-02
14966,1297.2,UPI,2024-02-17
8014,1066.77,Wallet,2024-01-13
6096,1060.32,NetBanking,2024-02-07
7105,1092.8,Wallet,2024-02-07
5399,532.93,Card,2024-02-28
7725,1054.76,Wallet,2024-01-16
11358,1569.76,Wallet,2024-01-07
7394,212.45,Wallet,2024-02-15
4997,696.93,Wallet,2024-01-31
2647,134.75,Card,2024-01-27
8945,335.35,UPI,2024-01-02
12372,1288.03,Wallet,2024-02-20
13349,1127.16,Wallet,2024-02-10
11983,123.89,UPI,2024-02-07
4083,975.77,UPI,2024-01-02
15085,889.21,Card,2024-02-12
17997,1169.99,Wallet,2024-02-21
12926,979.7,NetBanking,2024-01-13
18101,681.55,NetBanking,2024-02-10
644,1049.76,Card,2024-01-06
16905,1236.36,Card,2024-01-06
17796,573.13,Card,2024-01-29
1826,442.22,Card,2024-02-17
2353,1552.55,Card,2024-02-12
16030,1392.51,NetBanking,2024-02-08
16092,1920.84,Wallet,2024-02-28
14380,281.68,NetBanking,2024-02-19
18691,337.13,Card,2024-01-09
6010,807.95,NetBanking,2024-01-07
2055,291.94,Card,2024-02-16
12746,580.81,NetBanking,2024-01-05
7007,391.76,NetBanking,2024-02-26
2833,770.46,Wallet,2024-01-27
16948,1629.99,NetBanking,2024-01-01
7662,643.82,Card,2024-02-21
5311,468.64,UPI,2024-01-06
2594,663.82,Wallet,2024-02-23
4713,1773.2,UPI,2024-01-20
2147,1214.09,NetBanking,2024-02-28
783,1029.86,Wallet,2024-01-24
3742,1682.64,Card,2024-01-16
13851,1336.42,Card,2024-01-22
17107,1804.27,Card,2024-01-05
1279,1516.71,UPI,2024-01-24
12466,1727.62,Wallet,2024-02-05
7424,474.37,Card,2024-01-01
7719,1693.71,Wallet,2024-03-01
9232,1941.12,NetBanking,2024-02-03
19389,1071.73,UPI,2024-02-11
18256,1975.1,Card,2024-01-15
13042,354.19,Card,2024-01-13
9061,754.47,Wallet,2024-02-12
7458,206.56,Wallet,2024-01-24
17843,1617.14,UPI,2024-01-14
7720,1084.31,Wallet,2024-02-04
2286,1259.96,UPI,2024-02-18
16935,829.0,Wallet,2024-01-15
13491,344.53,Wallet,2024-01-05
9875,109.98,UPI,2024-02-29
9360,1913.31,NetBanking,2024-01-25
13247,1936.04,UPI,2024-01-11
3056,1836.55,Wallet,2024-01-27
18840,1006.55,UPI,2024-02-08
13939,1975.99,NetBanking,2024-01-16
14655,1465.71,NetBanking,2024-01-17
1584,1335.67,Card,2024-02-04
9046,1472.35,UPI,2024-01-03
17474,1565.83,UPI,2024-01-04
16277,1825.87,UPI,2024-01-02
3492,1835.12,UPI,2024-01-22
16493,740.81,UPI,2024-01-07
10666,858.09,Card,2024-01-27
4831,1961.25,Wallet,2024-02-03
13095,1041.76,Wallet,2024-02-22
2204,849.61,UPI,2024-02-14
18281,1733.72,Card,2024-01-23
19173,825.07,Wallet,2024-02-03
1110,2259.51,Card,2024-02-28
3185,1066.54,NetBanking,2024-02-29
10564,1692.51,Wallet,2024-02-28
17956,1770.83,UPI,2024-02-29
1133,723.75,Card,2024-01-17
5396,849.58,Wallet,2024-01-29
4452,949.73,Wallet,2024-02-26
19609,1920.53,NetBanking,2024-02-07
10943,273.43,Card,2024-01-25
18459,1542.31,Wallet,2024-02-09
5810,605.04,UPI,2024-02-24
4982,295.94,Card,2024-01-07
7450,1832.08,Card,2024-02-29
1689,625.2,UPI,2024-02-10
7145,609.98,UPI,2024-01-19
19533,1151.08,UPI,2024-02-29
6040,1486.76,UPI,2024-01-30
12705,1240.84,Card,2024-02-28
7630,858.36,Card,2024-02-22
2463,645.74,Card,2024-02-15
16011,1165.27,UPI,2024-01-28
19246,1521.84,NetBanking,2024-02-22
1197,1030.67,NetBanking,2024-01-13
18083,1458.42,UPI,2024-01-18
10725,589.35,NetBanking,2024-02-14
13530,1192.56,Wallet,2024-01-28
5115,271.78,UPI,2024-01-19
7020,948.83,Wallet,2024-01-26
17284,306.16,UPI,2024-01-20
12815,1312.62,UPI,2024-02-14
15531,965.57,NetBanking,2024-02-05
17737,1474.25,UPI,2024-02-29
10135,475.81,UPI,2024-01-28
5323,231.25,Card,2024-02-17
3118,441.04,Wallet,2024-02-10
119,1618.23,UPI,2024-01-11
13678,932.86,UPI,2024-01-08
4857,1259.66,NetBanking,2024-01-13
5412,1901.53,UPI,2024-02-01
19179,742.06,Card,2024-01-11
7642,1324.64,Wallet,2024-01-06
12849,1899.45,NetBanking,2024-02-26
13659,1979.59,NetBanking,2024-01-29
18328,1036.74,NetBanking,2024-01-09
6394,1994.26,NetBanking,2024-01-17
4216,935.99,Wallet,2024-01-09
8679,298.92,Card,2024-01-04
7573,1113.48,UPI,2024-01-25
686,1093.29,NetBanking,2024-02-02
6680,414.17,Card,2024-01-03
16456,880.75,UPI,2024-01-20
5682,1287.09,Card,2024-02-29
13817,1670.04,UPI,2024-02-04
541,489.67,Card,2024-01-06
13061,347.83,Wallet,2024-01-10
3602,577.79,NetBanking,2024-01-15
17894,123.78,Card,2024-02-26
10294,151.03,Wallet,2024-01-30
6695,594.37,UPI,2024-01-16
15867,707.68,NetBanking,2024-01-11
10120,1229.48,UPI,2024-02-27
4786,305.22,NetBanking,2024-01-09
9489,1615.06,Card,2024-02-26
3149,829.16,Card,2024-01-25
11851,887.47,UPI,2024-02-08
8524,447.32,Wallet,2024-02-15
12392,1475.69,NetBanking,2024-02-13
14693,921.32,NetBanking,2024-01-20
1691,1829.97,Wallet,2024-02-04
5957,656.97,NetBanking,2024-01-16
10906,531.36,Wallet,2024-02-08
16143,1196.17,NetBanking,2024-02-25
10131,1284.84,Card,2024-01-19
19828,1452.04,Wallet,2024-01-04
13655,1018.73,Card,2024-01-06
1727,1905.09,Card,2024-02-25
7555,819.77,Card,2024-01-25
12253,460.03,Wallet,2024-02-27
11321,231.72,Card,2024-02-06
17759,515.5,Wallet,2024-02-21
12755,367.23,UPI,2024-02-15
18945,772.81,NetBanking,2024-01-24
13900,175.81,Card,2024-02-25
1067,1025.35,NetBanking,2024-02-08
7097,1873.1,NetBanking,2024-01-05
18839,840.84,UPI,2024-02-19
5389,1113.8,Card,2024-03-01
8377,386.92,UPI,2024-02-22
1377,1080.36,Card,2024-01-05
16275,259.78,Wallet,2024-02-13
15978,397.56,NetBanking,2024-02-04
15188,1834.38,Card,2024-01-05
6841,837.7,UPI,2024-01-02
1486,871.6,Wallet,2024-01-27
1552,752.15,NetBanking,2024-01-11
15276,340.3,Wallet,2024-01-09
6383,1676.38,Wallet,2024-01-19
6080,1358.74,UPI,2024-02-07
19637,102.15,Card,2024-02-25
14678,1647.48,NetBanking,2024-01-12
12720,1345.36,NetBanking,2024-01-13
19900,1766.77,UPI,2024-02-15
5112,199.94,UPI,2024-01-02
11745,1703.87,Card,2024-02-12
6788,655.43,Wallet,2024-03-01
11463,1938.05,Wallet,2024-01-04
6649,962.24,UPI,2024-02-27
11376,672.67,NetBanking,2024-02-17
17140,1354.89,NetBanking,2024-02-26
10651,813.5,UPI,2024-01-17
6339,1142.91,UPI,2024-02-26
2897,635.73,NetBanking,2024-01-13
16838,1447.62,NetBanking,2024-01-14
12496,1379.97,Card,2024-01-26
1565,1811.03,Card,2024-01-24
18704,641.62,UPI,2024-01-20
15498,1675.27,Wallet,2024-02-21
13954,163.88,UPI,2024-02-07
694,206.21,Card,2024-01-21
9959,1212.44,Wallet,2024-01-16
11961,315.24,Wallet,2024-02-27
10184,1670.47,NetBanking,2024-02-11
3844,821.39,NetBanking,2024-01-26
4229,657.01,NetBanking,2024-02-24
15638,1198.74,NetBanking,2024-02-19
18834,1247.76,Card,2024-02-25
12535,1466.63,Wallet,2024-02-06
10252,266.02,Wallet,2024-02-26
8052,951.79,Card,2024-02-08
2588,1403.44,NetBanking,2024-02-28
5346,1251.3,UPI,2024-01-24
8028,621.27,Card,2024-02-04
16872,1694.14,NetBanking,2024-02-23
6350,1632.39,NetBanking,2024-01-14
18914,1642.61,Wallet,2024-01-04
12977,956.28,NetBanking,2024-01-08
19276,891.52,UPI,2024-02-25
125,391.37,Card,2024-01-14
5779,1009.17,NetBanking,2024-01-17
19665,1231.86,Card,2024-02-26
2404,901.69,Wallet,2024-02-05
2030,1225.63,Wallet,2024-01-21
13533,159.13,Wallet,2024-01-07
8053,1193.41,Wallet,2024-02-04
4168,501.31,Wallet,2024-01-16
5999,1853.02,UPI,2024-02-14
4340,1697.04,NetBanking,2024-02-03
2195,1989.38,Card,2024-01-19
2291,1803.64,Wallet,2024-01-01
91,571.68,UPI,2024-02-25
1530,1154.67,Wallet,2024-02-17
16821,1749.81,UPI,2024-01-10
2276,1268.78,Wallet,2024-02-01
10843,698.64,NetBanking,2024-02-25
4865,1942.2,Wallet,2024-01-26
5260,1695.76,NetBanking,2024-02-04
63,1088.4,Wallet,2024-01-27
15496,1791.91,Card,2024-02-23
9523,1191.55,NetBanking,2024-01-09
12146,1474.37,Wallet,2024-02-01
10282,1610.75,UPI,2024-01-15
8691,1560.14,UPI,2024-02-15
5454,1763.76,Wallet,2024-02-18
1019,1232.23,Card,2024-02-04
14485,754.09,UPI,2024-01-17
10936,1602.79,Wallet,2024-01-13
5592,1282.71,Wallet,2024-02-12
16110,579.14,Card,2024-01-13
17917,1220.16,UPI,2024-02-02
9981,171.69,Wallet,2024-01-16
3102,1551.47,UPI,2024-01-26
9005,492.46,UPI,2024-02-12
5735,615.42,UPI,2024-01-26
14016,447.42,Wallet,2024-01-23
2272,914.93,Wallet,2024-01-07
4597,1746.7,UPI,2024-02-13
17129,1814.65,Card,2024-01-06
17945,1084.15,Card,2024-02-29
4730,343.83,UPI,2024-02-25
11056,130.29,Wallet,2024-02-21
3485,1316.52,NetBanking,2024-01-12
13966,276.43,Wallet,2024-02-12
12779,1468.85,Card,2024-01-27
13089,884.14,UPI,2024-01-04
14461,245.13,Wallet,2024-02-05
5556,1380.28,Card,2024-01-12
8636,380.37,Wallet,2024-01-14
5621,328.12,NetBanking,2024-01-08
165,958.7,UPI,2024-02-12
9227,1888.05,Wallet,2024-02-26
5618,1498.83,UPI,2024-02-13
14150,1837.29,NetBanking,2024-02-17
10722,426.7,UPI,2024-02-25
11519,244.06,Card,2024-02-08
14820,390.12,NetBanking,2024-02-04
16062,1790.37,Card,2024-02-27
14304,1951.13,Card,2024-02-09
6023,1160.12,UPI,2024-01-09
1325,174.01,Card,2024-02-15
16294,1562.69,NetBanking,2024-02-25
7572,809.5,UPI,2024-03-01
3273,592.08,UPI,2024-01-09
8979,1587.91,Card,2024-01-26
2935,581.98,Wallet,2024-02-05
2613,1719.0,NetBanking,2024-02-27
15959,501.36,Wallet,2024-01-28
5692,1909.13,NetBanking,2024-01-08
98,1082.14,UPI,2024-03-01
12732,1790.46,Card,2024-02-14
9518,642.48,Card,2024-02-19
12302,515.98,Wallet,2024-01-09
6505,214.36,UPI,2024-02-12
19272,751.36,Wallet,2024-02-16
18399,155.8,NetBanking,2024-01-04
6263,1779.74,Wallet,2024-03-01
12062,1694.34,Card,2024-01-03
9752,245.08,Card,2024-02-02
2201,1943.61,Card,2024-01-23
2963,888.02,Card,2024-01-19
18555,305.16,NetBanking,2024-01-14
1466,857.21,Wallet,2024-01-08
8497,1120.33,NetBanking,2024-01-22
10866,1352.76,NetBanking,2024-02-15
16155,1965.82,Wallet,2024-02-14
4928,1452.6,NetBanking,2024-01-22
19924,517.86,Card,2024-01-08
15328,1696.84,Card,2024-02-02
14812,1894.06,Card,2024-01-27
3680,1458.84,UPI,2024-02-19
18139,1172.06,Card,2024-01-28
2912,1308.85,UPI,2024-01-31
3717,1310.37,NetBanking,2024-01-24
2412,1213.51,Card,2024-01-19
4637,1883.4,NetBanking,2024-02-14
7462,1993.9,UPI,2024-02-28
12654,873.29,UPI,2024-02-23
14193,1852.75,Wallet,2024-01-25
6531,356.58,Wallet,2024-01-13
10296,369.27,Card,2024-01-23
12551,1313.9,NetBanking,2024-01-01
9684,593.36,Wallet,2024-01-25
17270,1357.07,UPI,2024-01-14
187,622.26,NetBanking,2024-01-03
3758,428.56,UPI,2024-02-03
8544,1775.75,UPI,2024-02-03
14598,1597.11,UPI,2024-02-27
6541,461.03,Wallet,2024-02-19
18735,1631.56,UPI,2024-02-05
2275,450.85,Wallet,2024-01-12
15404,764.63,UPI,2024-02-20
6430,1310.01,Card,2024-01-27
1560,1418.32,UPI,2024-02-04
141,367.77,Card,2024-02-14
5241,1972.86,Card,2024-01-22
16820,1383.51,UPI,2024-02-01
12522,832.13,UPI,2024-01-23
13581,329.19,UPI,2024-01-03
1974,143.16,NetBanking,2024-02-03
6889,1394.17,NetBanking,2024-02-08
18275,1485.93,Wallet,2024-01-02
15838,943.61,Wallet,2024-01-17
3134,387.13,NetBanking,2024-02-09
14481,737.24,UPI,2024-01-05
2733,263.42,Card,2024-01-24
11033,1507.28,Card,2024-01-20
15123,1159.29,Card,2024-02-22
3215,1289.26,UPI,2024-01-29
13953,1620.79,Card,2024-01-28
10391,517.48,Card,2024-01-18
14737,768.03,UPI,2024-01-11
169,351.85,Wallet,2024-02-13
9550,1785.03,NetBanking,2024-02-26
19154,1444.54,UPI,2024-01-08
418,1205.19,Card,2024-01-08
12304,1775.32,NetBanking,2024-01-11
6690,546.98,UPI,2024-02-06
9027,568.01,Card,2024-01-07
11897,1411.68,Card,2024-02-01
16460,887.81,UPI,2024-01-07
10854,650.56,NetBanking,2024-01-04
1043,320.0,UPI,2024-02-26
19782,812.0,Card,2024-01-27
17768,869.91,UPI,2024-01-31
3976,735.36,Wallet,2024-03-01
291,633.74,Wallet,2024-01-30
19547,605.42,Card,2024-02-12
9149,1707.64,Card,2024-01-14
16631,482.32,NetBanking,2024-02-21
17949,576.12,NetBanking,2024-01-12
6752,869.24,UPI,2024-02-13
1633,485.17,Wallet,2024-01-04
3255,1466.53,NetBanking,2024-02-18
19185,119.47,Wallet,2024-02-28
13892,902.78,UPI,2024-02-13
15138,1718.36,NetBanking,2024-01-22
5460,1784.71,Card,2024-03-01
7894,1154.7,NetBanking,2024-01-20
12232,419.26,Wallet,2024-01-16
19128,1326.77,Card,2024-02-18
4133,1372.49,UPI,2024-02-22
6859,1571.83,Wallet,2024-02-04
4214,185.81,UPI,2024-02-15
11936,1469.69,UPI,2024-01-26
4599,471.24,NetBanking,2024-01-10
4871,665.47,Card,2024-02-24
14975,1723.45,UPI,2024-02-26
16405,1580.9,Card,2024-02-11
13571,417.43,Wallet,2024-02-23
6575,907.98,UPI,2024-02-29
19467,328.79,UPI,2024-01-18
6131,791.06,Wallet,2024-01-06
1095,471.75,Card,2024-01-25
13566,774.31,Wallet,2024-03-01
12651,1409.32,NetBanking,2024-02-17
17970,909.13,Card,2024-01-30
16381,135.01,NetBanking,2024-02-28
10291,473.21,UPI,2024-02-20
16471,1336.74,UPI,2024-01-12
3664,1836.77,UPI,2024-01-17
6423,1603.66,Wallet,2024-02-20
18536,1605.17,Wallet,2024-02-04
6268,738.02,NetBanking,2024-02-22
5066,1296.46,Card,2024-02-19
14724,237.29,UPI,2024-02-27
8675,1686.08,NetBanking,2024-01-18
18140,445.75,NetBanking,2024-02-16
6856,1507.2,Card,2024-01-27
10995,1858.0,UPI,2024-02-24
11675,992.07,NetBanking,2024-02-24
2477,1435.89,NetBanking,2024-01-21
9654,254.65,Wallet,2024-01-18
3003,1762.14,NetBanking,2024-02-02
16837,215.87,Card,2024-01-31
5517,1760.88,Card,2024-02-18
11006,745.87,UPI,2024-02-16
18925,832.97,Wallet,2024-02-04
13623,1599.35,UPI,2024-01-03
5802,1088.22,Wallet,2024-02-13
6046,1746.46,Wallet,2024-01-24
11022,1395.54,UPI,2024-02-12
16299,1966.58,Card,2024-01-12
8004,944.72,NetBanking,2024-01-18
9964,1188.65,Card,2024-01-01
16741,1415.3,NetBanking,2024-02-18
3248,311.27,NetBanking,2024-01-25
18364,996.82,Wallet,2024-02-09
2511,1140.25,UPI,2024-01-06
3229,1912.93,NetBanking,2024-01-15
923,855.49,UPI,2024-02-15
19629,1813.84,Wallet,2024-01-17
18718,1068.21,NetBanking,2024-02-15
7570,1827.76,NetBanking,2024-01-20
14159,353.96,Card,2024-01-13
3117,1728.28,Card,2024-02-18
4547,1047.53,UPI,2024-01-08
4977,227.02,NetBanking,2024-02-02
7138,525.66,UPI,2024-01-15
2902,1165.8,Wallet,2024-01-21
5152,899.02,NetBanking,2024-01-01
1837,1898.37,Card,2024-01-23
18814,1654.7,UPI,2024-01-08
5343,645.07,NetBanking,2024-02-02
11413,724.97,Card,2024-01-03
18994,1583.46,NetBanking,2024-01-17
2059,895.73,NetBanking,2024-02-27
17089,1283.82,NetBanking,2024-01-30
14338,1779.89,Wallet,2024-01-20
1778,1495.51,Card,2024-02-29
16000,1864.7,NetBanking,2024-01-13
1983,1906.32,Card,2024-01-09
7754,1968.92,UPI,2024-02-18
3721,936.37,UPI,2024-01-11
2610,1841.6,Card,2024-01-21
804,1671.62,Card,2024-02-22
6229,461.66,Wallet,2024-01-30
16635,881.62,Wallet,2024-01-30
2349,997.62,Wallet,2024-02-25
19041,547.55,Wallet,2024-02-01
3005,1373.02,NetBanking,2024-02-15
10807,1693.42,UPI,2024-01-11
19988,1337.4,Card,2024-02-21
10568,1438.01,NetBanking,2024-02-25
7958,542.58,Wallet,2024-01-23
10895,594.85,NetBanking,2024-02-02
1136,1429.79,Card,2024-02-12
7616,1008.56,NetBanking,2024-02-06
14148,1810.4,UPI,2024-01-10
4165,716.03,UPI,2024-02-17
19821,659.41,Wallet,2024-01-11
14043,1616.34,NetBanking,2024-01-07
10941,1172.88,Wallet,2024-02-23
6594,812.31,NetBanking,2024-01-09
2882,1158.63,Card,2024-01-03
5163,1645.24,Card,2024-01-30
13977,1162.75,Card,2024-02-06
13163,1065.09,Wallet,2024-02-22
17295,964.14,NetBanking,2024-02-08
11170,183.08,Wallet,2024-01-03
7526,405.92,Card,2024-02-19
18636,1121.28,UPI,2024-01-09
17743,792.86,Wallet,2024-01-11
2738,1758.47,Wallet,2024-01-06
16964,1486.67,NetBanking,2024-01-22
7229,1470.84,Wallet,2024-02-11
9844,1915.16,UPI,2024-02-03
11112,171.73,Wallet,2024-01-22
5628,272.42,Card,2024-03-01
4979,534.48,NetBanking,2024-02-02
11262,1664.83,Wallet,2024-01-29
17013,970.28,NetBanking,2024-01-26
14718,701.99,Card,2024-02-04
15954,1113.03,UPI,2024-02-14
6320,337.55,Card,2024-01-07
19162,878.13,Wallet,2024-02-24
415,1676.13,Wallet,2024-01-31
1953,1357.08,Card,2024-02-15
2245,651.28,NetBanking,2024-01-01
12702,1256.83,NetBanking,2024-02-03
8323,1308.23,UPI,2024-02-17
280,851.36,UPI,2024-01-04
1336,1290.75,Card,2024-01-03
7722,1763.15,NetBanking,2024-02-15
10343,545.22,Wallet,2024-02-04
14754,1423.35,NetBanking,2024-02-28
9345,254.61,NetBanking,2024-02-17
17116,2045.3,Card,2024-02-17
19738,1780.25,Wallet,2024-01-26
7261,1338.09,Card,2024-02-27
11297,476.85,NetBanking,2024-02-16
13865,1852.93,Card,2024-02-19
8144,427.7,NetBanking,2024-02-01
13426,357.29,Card,2024-01-31
11373,1539.93,Wallet,2024-01-15
971,1544.73,Wallet,2024-02-16
18008,1444.8,Wallet,2024-02-27
12761,727.33,Card,2024-01-11
15072,215.71,UPI,2024-02-02
4008,1092.85,Wallet,2024-01-14
14876,726.94,Wallet,2024-01-15
7681,226.15,NetBanking,2024-01-05
16490,1783.32,UPI,2024-02-10
1574,972.78,UPI,2024-01-28
4903,1810.95,Card,2024-02-01
1203,1622.13,Wallet,2024-01-27
3690,699.42,Card,2024-02-29
18573,132.72,Card,2024-01-06
13653,202.97,Card,2024-01-22
9040,1326.9,NetBanking,2024-01-23
15125,700.61,Wallet,2024-02-19
10662,659.78,Card,2024-02-04
14978,572.04,Card,2024-01-12
1697,139.74,UPI,2024-01-09
6426,318.64,NetBanking,2024-01-31
2740,1018.5,Wallet,2024-01-07
16232,1077.17,Wallet,2024-02-12
1312,211.47,NetBanking,2024-02-01
2954,1265.99,UPI,2024-01-04
10319,1573.33,UPI,2024-01-12
9544,1359.75,Card,2024-02-10
5899,676.83,NetBanking,2024-01-24
15859,1305.31,Card,2024-01-28
1623,1306.04,Wallet,2024-01-25
12176,157.79,UPI,2024-02-16
1920,1893.97,UPI,2024-02-14
7140,162.99,Card,2024-01-11
12240,886.86,Wallet,2024-01-13
13913,1501.49,Wallet,2024-02-06
12041,1409.02,UPI,2024-01-25
5854,1001.08,Wallet,2024-01-18
6552,868.73,Card,2024-01-22
11259,1832.39,NetBanking,2024-02-17
18269,861.02,NetBanking,2024-01-03
1159,1765.63,Wallet,2024-02-18
649,1943.68,Wallet,2024-01-01
12528,1967.75,NetBanking,2024-02-12
3224,796.5,Wallet,2024-01-12
1848,1153.46,Wallet,2024-02-17
3340,1866.79,Wallet,2024-01-20
2798,403.79,Card,2024-01-11
3586,917.87,NetBanking,2024-02-18
14936,974.19,UPI,2024-01-28
8182,1126.58,NetBanking,2024-02-18
12775,2024.38,NetBanking,2024-02-17
248,1058.77,NetBanking,2024-01-17
5047,437.4,Card,2024-01-22
3613,1986.76,Card,2024-01-29
19518,713.7,NetBanking,2024-01-24
2585,995.61,Wallet,2024-02-29
810,1290.22,Card,2024-02-27
13591,1130.77,Card,2024-01-20
10829,1482.17,NetBanking,2024-03-01
2058,394.28,UPI,2024-01-03
12121,1974.71,NetBanking,2024-02-15
5364,624.75,Card,2024-02-29
4409,232.88,UPI,2024-02-05
7386,1098.11,UPI,2024-02-07
15139,255.23,Wallet,2024-01-28
536,658.25,UPI,2024-01-17
14005,1700.72,NetBanking,2024-02-23
5599,771.02,UPI,2024-02-03
7895,1002.14,Card,2024-01-03
18882,490.32,Card,2024-02-19
11350,712.37,UPI,2024-02-13
9291,1394.51,UPI,2024-01-11
15664,1145.65,Wallet,2024-01-19
6990,106.48,UPI,2024-02-13
11634,444.72,NetBanking,2024-01-13
10245,1051.02,Card,2024-02-14
18638,689.09,Wallet,2024-02-24
18559,663.24,UPI,2024-02-18
5984,493.85,NetBanking,2024-01-04
13083,2080.2,Card,2024-03-01
13034,1493.82,Wallet,2024-02-01
2177,1403.05,Card,2024-02-28
2098,440.07,Wallet,2024-02-28
15935,738.72,NetBanking,2024-02-22
17408,514.44,NetBanking,2024-01-08
16220,1940.08,Card,2024-01-27
5446,1134.55,UPI,2024-01-21
7619,974.36,Wallet,2024-01-07
19405,1147.62,Card,2024-02-06
10850,369.07,Wallet,2024-02-12
6092,714.33,NetBanking,2024-01-18
15184,1232.14,NetBanking,2024-01-05
13065,521.65,Wallet,2024-02-02
11987,1194.48,NetBanking,2024-01-28
3200,1188.93,Wallet,2024-02-14
3054,504.04,Card,2024-02-26
4461,1146.19,Wallet,2024-02-01
13738,1954.12,NetBanking,2024-01-24
9204,1378.77,Wallet,2024-02-04
931,1009.11,Wallet,2024-02-03
816,105.05,UPI,2024-01-30
17529,570.32,Card,2024-01-07
1581,1757.91,Wallet,2024-02-15
15818,122.91,Wallet,2024-02-14
4509,429.41,Wallet,2024-02-12
12363,877.45,NetBanking,2024-01-31
4363,1505.54,Card,2024-01-11
17034,712.93,Wallet,2024-02-28
14795,1930.13,UPI,2024-01-01
15209,1423.58,Card,2024-01-14
18167,592.03,Wallet,2024-01-29
9382,1937.12,NetBanking,2024-01-24
1927,259.78,UPI,2024-01-12
9202,1869.26,Card,2024-03-01
19061,359.39,Card,2024-02-22
2,1583.67,UPI,2024-01-23
13395,1101.41,Card,2024-01-02
10919,1578.82,Card,2024-02-18
13276,962.63,UPI,2024-02-25
15126,113.62,UPI,2024-01-20
5380,1033.13,Card,2024-01-09
17330,419.04,NetBanking,2024-02-16
5737,360.53,Card,2024-01-05
8344,1102.75,Wallet,2024-01-09
17073,1862.31,UPI,2024-01-31
13036,211.86,NetBanking,2024-01-09
11930,1596.95,NetBanking,2024-01-29
6196,225.16,NetBanking,2024-02-23
12215,1352.72,NetBanking,2024-01-15
999,945.02,Wallet,2024-01-23
4196,562.23,Card,2024-02-08
336,1256.78,Wallet,2024-01-20
15428,1307.95,NetBanking,2024-01-28
10812,1327.57,NetBanking,2024-01-18
4559,1537.12,NetBanking,2024-01-09
10897,312.81,Card,2024-01-04
6387,144.56,Wallet,2024-02-21
10793,976.63,NetBanking,2024-03-01
12051,244.05,Card,2024-02-09
9081,1235.29,Card,2024-02-10
8196,664.44,Card,2024-01-09
27,867.95,UPI,2024-01-03
15205,990.45,UPI,2024-02-26
16310,1483.4,UPI,2024-01-09
18991,1466.88,NetBanking,2024-02-27
5264,944.11,Card,2024-01-26
7795,645.88,Wallet,2024-01-08
9860,906.43,Wallet,2024-01-25
11886,1484.98,Card,2024-02-18
4908,1741.75,Wallet,2024-01-28
8586,515.15,UPI,2024-02-26
7818,1331.24,NetBanking,2024-02-13
3565,1085.55,UPI,2024-01-28
16548,1667.01,NetBanking,2024-02-17
4227,271.25,Card,2024-01-10
18107,1644.1,UPI,2024-01-30
1550,1573.57,UPI,2024-02-13
3996,1302.82,Wallet,2024-02-21
8581,183.81,NetBanking,2024-01-12
17955,299.72,Wallet,2024-01-10
7089,411.29,Card,2024-01-02
8699,681.01,UPI,2024-02-14
10426,1147.91,UPI,2024-02-29
11901,1031.37,UPI,2024-02-25
9472,230.7,Card,2024-02-06
17249,755.81,NetBanking,2024-01-25
10463,743.87,UPI,2024-02-10
3732,116.13,Card,2024-01-05
3849,435.13,Card,2024-02-05
10212,200.55,Wallet,2024-01-18
4308,407.19,Wallet,2024-01-24
11308,277.58,Card,2024-01-25
19723,1013.55,Wallet,2024-02-02
5277,1177.67,NetBanking,2024-01-14
14386,1663.92,Card,2024-02-23
4961,382.63,NetBanking,2024-02-14
7392,1605.33,UPI,2024-01-22
7256,182.32,Wallet,2024-02-08
12179,1296.44,UPI,2024-01-16
5712,813.49,Wallet,2024-01-21
3569,227.83,UPI,2024-01-17
19692,1348.03,Card,2024-01-31
7471,159.14,UPI,2024-02-03
2841,1693.09,NetBanking,2024-02-06
11236,155.46,NetBanking,2024-02-04
13861,1842.37,Wallet,2024-01-16
16404,1712.12,NetBanking,2024-02-11
19603,684.73,Card,2024-01-13
9115,734.49,NetBanking,2024-02-24
12046,126.5,NetBanking,2024-01-04
18693,1467.16,UPI,2024-02-29
6590,1080.94,UPI,2024-01-27
7833,2166.51,Wallet,2024-02-02
19135,373.54,NetBanking,2024-02-15
10730,1505.34,UPI,2024-01-19
16884,1630.86,Wallet,2024-01-18
8809,765.8,Wallet,2024-02-09
13741,774.56,Wallet,2024-02-17
8602,1284.4,Wallet,2024-01-23
8573,549.38,Wallet,2024-02-20
189,1871.95,Card,2024-01-05
9614,1673.13,UPI,2024-02-23
9278,1656.16,Card,2024-02-01
9060,949.31,Card,2024-01-03
19788,564.41,Wallet,2024-02-11
6514,444.94,NetBanking,2024-01-18
8065,1963.36,UPI,2024-02-04
5922,1078.98,Card,2024-02-28
18068,1268.68,Wallet,2024-01-24
83,1465.26,Wallet,2024-01-16
2977,1727.97,UPI,2024-02-05
5876,1190.06,NetBanking,2024-02-27
3186,1034.92,NetBanking,2024-01-04
1516,1360.13,Wallet,2024-01-15
17227,769.15,Card,2024-01-16
4818,1346.61,Wallet,2024-02-15
17260,1453.65,Card,2024-02-05
9319,666.66,UPI,2024-01-15
16645,671.12,NetBanking,2024-01-30
167,991.48,Wallet,2024-02-10
12112,1609.27,Card,2024-01-19
18654,1767.5,NetBanking,2024-01-04
12829,1730.31,Wallet,2024-02-24
1834,420.02,UPI,2024-02-13
18288,694.62,Card,2024-01-06
11524,770.94,Card,2024-02-16
19797,907.86,Wallet,2024-01-19
12859,687.02,UPI,2024-02-14
9468,1853.06,UPI,2024-02-04
19349,975.57,UPI,2024-02-16
10445,531.73,Card,2024-01-22
13186,709.07,Wallet,2024-01-09
1441,549.52,Wallet,2024-01-08
9389,716.97,NetBanking,2024-02-27
4351,160.98,Wallet,2024-02-23
2544,783.22,UPI,2024-01-11
19553,1239.03,Wallet,2024-01-29
4701,948.53,Wallet,2024-02-01
16132,640.69,NetBanking,2024-01-31
3779,227.84,NetBanking,2024-02-02
9212,1506.84,NetBanking,2024-02-20
9970,1432.84,UPI,2024-01-24
8740,1314.89,UPI,2024-02-26
904,597.83,Card,2024-02-15
10509,1618.4,Wallet,2024-02-25
2609,1585.21,NetBanking,2024-02-02
18261,1202.34,NetBanking,2024-02-11
14063,238.04,NetBanking,2024-02-03
17576,1361.81,Card,2024-01-10
7049,846.77,Wallet,2024-01-04
14705,1308.19,NetBanking,2024-01-13
8890,1317.37,NetBanking,2024-01-19
6116,215.6,Wallet,2024-01-10
87,216.97,UPI,2024-01-04
13384,313.21,UPI,2024-02-27
14844,802.18,UPI,2024-02-13
2863,1336.11,Wallet,2024-02-27
8240,253.55,UPI,2024-02-08
17871,891.51,UPI,2024-01-10
10250,1819.62,UPI,2024-01-19
14014,905.0,UPI,2024-02-04
15614,205.67,Card,2024-01-06
18997,1041.02,Wallet,2024-02-16
7729,1690.54,Wallet,2024-02-11
7699,841.45,Card,2024-02-12
7525,1067.32,Card,2024-01-29
8250,1028.27,Card,2024-02-19
15918,731.84,NetBanking,2024-01-14
6945,983.86,Wallet,2024-02-05
17317,979.0,Card,2024-01-22
12148,1423.95,Card,2024-02-26
1935,490.43,Card,2024-02-09
4964,832.67,Card,2024-02-12
19382,1132.51,UPI,2024-01-16
13152,249.24,NetBanking,2024-02-16
10085,955.95,Wallet,2024-01-31
11295,1399.6,Card,2024-01-02
13880,1475.84,Card,2024-01-07
18621,1783.81,Wallet,2024-01-25
1424,1595.54,Wallet,2024-02-22
17973,145.16,Card,2024-02-20
10301,1203.67,Wallet,2024-01-25
6709,708.5,Card,2024-01-26
6743,1216.65,UPI,2024-02-04
10032,513.44,Card,2024-02-18
6538,645.79,NetBanking,2024-01-29
12069,529.44,Card,2024-01-29
18929,1531.91,UPI,2024-01-12
19810,1000.41,Wallet,2024-02-15
1858,593.22,Wallet,2024-02-26
6542,1968.82,Card,2024-02-16
9895,531.53,Card,2024-02-07
660,426.48,Wallet,2024-02-12
14882,1641.65,Wallet,2024-01-14
8548,1456.45,Wallet,2024-01-21
13308,1899.72,NetBanking,2024-02-24
9731,1254.95,UPI,2024-02-09
17931,1544.66,Card,2024-02-04
2491,1600.1,NetBanking,2024-01-29
11787,599.98,Card,2024-01-02
15485,1797.58,UPI,2024-01-08
11277,213.87,Card,2024-02-04
9311,1958.32,Card,2024-01-18
2699,1124.09,Wallet,2024-01-10
8641,1036.02,UPI,2024-02-26
596,868.29,UPI,2024-01-01
17358,1107.77,Card,2024-02-22
10323,411.56,Card,2024-01-15
15535,1648.11,Wallet,2024-02-08
2788,1766.35,Card,2024-01-05
12527,559.49,Card,2024-01-17
7574,1415.48,Wallet,2024-02-07
13862,237.95,Wallet,2024-01-05
2759,1468.34,Card,2024-02-04
18956,1667.6,NetBanking,2024-01-12
18216,1946.49,NetBanking,2024-02-28
17715,1727.73,UPI,2024-01-26
9884,607.81,Wallet,2024-02-01
7250,319.8,Card,2024-01-27
5161,1516.33,UPI,2024-01-12
8081,1738.46,Card,2024-01-04
9279,1833.13,NetBanking,2024-01-10
2299,689.39,UPI,2024-02-19
10922,1099.12,Wallet,2024-02-17
6903,1938.02,UPI,2024-01-21
5262,582.52,Card,2024-01-19
6047,1475.97,UPI,2024-01-29
2715,712.14,Wallet,2024-01-11
8840,1238.64,Wallet,2024-02-24
5596,1762.62,NetBanking,2024-01-01
16130,1308.38,Card,2024-02-03
12878,359.24,Wallet,2024-02-08
16208,362.17,UPI,2024-01-22
12791,505.56,NetBanking,2024-01-16
8365,548.58,NetBanking,2024-01-22
7694,1846.82,UPI,2024-01-25
11872,1325.51,Wallet,2024-02-22
12660,1718.83,UPI,2024-02-25
5451,1336.13,NetBanking,2024-02-21
13873,1194.11,NetBanking,2024-01-22
7302,1917.87,UPI,2024-02-28
4872,135.54,NetBanking,2024-01-05
1473,749.15,Card,2024-01-05
5939,1932.93,Wallet,2024-02-17
7508,1357.1,Card,2024-02-05
18751,1175.63,UPI,2024-01-25
15713,1431.08,UPI,2024-02-08
3103,158.58,Wallet,2024-02-21
3001,1327.9,NetBanking,2024-03-01
3666,1518.04,Card,2024-02-21
16129,1444.68,Wallet,2024-02-24
4483,789.48,Card,2024-02-07
7946,866.36,UPI,2024-01-14
12594,206.7,Wallet,2024-02-09
591,557.61,UPI,2024-02-14
10462,1112.78,Card,2024-02-15
10883,1269.73,UPI,2024-01-19
139,1362.89,Wallet,2024-01-03
17706,1889.85,Wallet,2024-01-23
15027,778.91,Wallet,2024-02-12
2645,1680.15,Wallet,2024-03-01
15398,1041.65,Card,2024-02-24
15744,325.73,Wallet,2024-02-24
10512,1401.06,Card,2024-02-15
1427,813.9,Wallet,2024-02-27
11331,236.08,NetBanking,2024-01-23
15343,151.24,NetBanking,2024-01-14
12511,271.43,NetBanking,2024-02-02
14511,1763.95,Wallet,2024-02-15
6397,991.61,Wallet,2024-01-05
17191,639.61,Wallet,2024-02-18
10689,951.34,NetBanking,2024-01-14
9572,1749.01,UPI,2024-02-22
19139,582.4,Wallet,2024-03-01
5671,1831.16,NetBanking,2024-02-24
19300,1850.48,UPI,2024-02-24
17406,726.8,Card,2024-01-07
5673,374.68,UPI,2024-02-25
7459,682.09,Wallet,2024-02-06
2990,926.96,NetBanking,2024-02-01
13813,1822.89,NetBanking,2024-02-11
17501,687.98,Card,2024-01-29
11494,1170.98,Wallet,2024-01-05
12743,956.34,Card,2024-01-02
7516,787.32,Card,2024-01-09
5463,1703.21,UPI,2024-02-16
7330,1863.21,UPI,2024-01-18
16846,794.54,Card,2024-03-01
4968,531.56,Wallet,2024-02-01
3865,265.16,Wallet,2024-01-06
13955,1814.7,NetBanking,2024-01-12
16647,1429.57,Card,2024-02-04
17179,1734.16,UPI,2024-01-06
17328,232.69,NetBanking,2024-02-28
7021,1132.38,UPI,2024-01-18
19348,554.43,Wallet,2024-01-25
8325,888.53,NetBanking,2024-02-01
2750,482.01,Card,2024-01-01
2153,516.94,Wallet,2024-01-14
2553,828.93,Card,2024-03-01
16350,1362.64,Card,2024-01-12
4451,381.85,Card,2024-02-02
7582,459.6,Wallet,2024-02-14
19218,1823.57,UPI,2024-01-05
2262,1886.53,NetBanking,2024-01-31
15693,108.67,NetBanking,2024-02-29
16996,683.26,Card,2024-01-18
627,149.3,NetBanking,2024-02-14
5120,141.81,NetBanking,2024-02-16
18005,1264.77,NetBanking,2024-02-25
251,1622.01,NetBanking,2024-01-22
225,674.68,Card,2024-02-01
5271,254.61,Wallet,2024-01-21
19701,460.06,UPI,2024-01-25
11603,458.24,Wallet,2024-02-08
2896,504.18,Wallet,2024-01-03
15985,1814.55,UPI,2024-02-03
3075,1952.34,UPI,2024-02-18
17664,964.2,NetBanking,2024-01-28
7104,1921.6,NetBanking,2024-01-12
18370,148.79,NetBanking,2024-02-03
14335,280.79,UPI,2024-02-12
19410,1207.96,NetBanking,2024-01-05
514,995.4,NetBanking,2024-02-02
10475,1882.05,Card,2024-02-23
11506,1403.61,NetBanking,2024-01-14
7797,916.67,NetBanking,2024-01-26
3226,1066.34,UPI,2024-02-07
8209,1376.19,Wallet,2024-02-14
3110,1430.16,Wallet,2024-01-30
19016,1641.89,Card,2024-02-21
916,1298.78,Card,2024-02-17
4246,436.37,UPI,2024-01-21
11801,858.55,NetBanking,2024-01-03
1374,641.56,NetBanking,2024-01-26
16096,346.19,Card,2024-02-25
675,1741.64,NetBanking,2024-01-22
14581,106.14,Wallet,2024-02-19
9764,1386.03,UPI,2024-01-07
8470,1432.47,UPI,2024-03-01
1246,855.8,NetBanking,2024-01-09
14640,826.41,Wallet,2024-02-06
1137,241.22,Wallet,2024-02-04
3594,679.97,UPI,2024-01-14
17076,1763.48,UPI,2024-02-07
19576,418.49,NetBanking,2024-01-04
653,889.32,Card,2024-02-26
9384,1951.36,UPI,2024-02-02
12198,790.34,Wallet,2024-01-13
16966,1517.22,UPI,2024-01-30
18982,1946.76,NetBanking,2024-01-28
6742,1156.96,UPI,2024-02-13
8475,2009.06,Wallet,2024-02-02
10157,305.2,UPI,2024-02-18
9726,519.48,Card,2024-02-23
16909,1539.83,Wallet,2024-01-20
1058,906.92,UPI,2024-01-12
1150,1844.41,NetBanking,2024-02-24
5092,564.18,UPI,2024-01-03
19769,339.55,UPI,2024-01-11
1271,1399.87,NetBanking,2024-01-23
18428,1505.63,Wallet,2024-02-16
18961,526.15,NetBanking,2024-02-17
9576,1620.02,UPI,2024-01-01
15367,1117.65,Card,2024-02-13
10459,434.23,Card,2024-01-18
8799,1172.46,Wallet,2024-02-27
1571,705.21,UPI,2024-02-02
16385,183.76,Card,2024-01-07
6641,593.98,NetBanking,2024-01-02
7202,1528.65,UPI,2024-02-08
13123,1267.56,Wallet,2024-02-27
2484,1677.05,UPI,2024-02-11
341,598.32,Wallet,2024-01-06
7715,271.2,Wallet,2024-01-19
6857,303.35,Card,2024-01-25
7673,1610.04,Card,2024-02-12
12452,1862.22,Wallet,2024-02-17
14709,1990.65,Wallet,2024-02-18
8311,1576.62,Wallet,2024-02-13
5341,1754.44,Wallet,2024-03-01
17232,1702.22,Card,2024-03-01
7521,1115.07,NetBanking,2024-01-05
16162,885.9,UPI,2024-02-07
306,839.98,Wallet,2024-01-25
858,757.65,Wallet,2024-02-10
7417,1332.54,Wallet,2024-02-23
12027,1343.23,Wallet,2024-02-18
7255,934.35,Wallet,2024-02-15
18153,818.58,Wallet,2024-01-16
11069,1621.42,Card,2024-01-15
15475,1490.39,NetBanking,2024-01-22
3167,1650.97,NetBanking,2024-02-28
10012,1649.2,NetBanking,2024-02-28
16313,1826.29,Wallet,2024-01-20
11283,1083.17,UPI,2024-01-15
13775,854.12,UPI,2024-02-09
4345,976.67,UPI,2024-02-17
5359,1954.38,NetBanking,2024-01-30
7123,169.5,Wallet,2024-02-02
1816,489.68,Card,2024-01-18
7320,1430.85,Wallet,2024-01-31
14746,843.61,UPI,2024-03-01
10317,1580.7,Card,2024-01-03
11990,613.9,Wallet,2024-01-24
6539,1984.71,NetBanking,2024-01-20
10077,472.25,NetBanking,2024-02-13
11409,1157.44,Wallet,2024-02-20
16848,1514.43,Wallet,2024-01-09
2485,729.14,NetBanking,2024-01-04
12868,660.42,NetBanking,2024-01-09
9210,883.03,UPI,2024-02-04
1632,1274.98,Card,2024-02-09
6470,923.29,Card,2024-02-18
2711,888.21,NetBanking,2024-02-03
9098,1447.18,Wallet,2024-01-24
12563,1078.45,Card,2024-02-16
18356,1622.76,NetBanking,2024-02-15
17030,1166.57,UPI,2024-02-03
6978,200.05,NetBanking,2024-03-01
1982,638.3,Card,2024-02-26
12698,808.27,Card,2024-02-10
1868,1781.13,NetBanking,2024-01-10
14119,491.43,Wallet,2024-02-22
4355,1120.08,NetBanking,2024-02-23
19997,583.54,NetBanking,2024-01-22
18700,1733.69,UPI,2024-01-31
12101,777.14,Wallet,2024-01-18
5445,483.4,Card,2024-01-31
1517,1036.01,UPI,2024-02-26
11833,1387.42,UPI,2024-01-07
17082,1404.69,NetBanking,2024-02-03
4653,1087.57,NetBanking,2024-01-22
14826,1697.59,Card,2024-01-28
9203,1146.06,Wallet,2024-02-04
5814,829.12,NetBanking,2024-02-27
7961,531.36,NetBanking,2024-01-30
18404,1818.3,UPI,2024-01-25
890,733.55,Wallet,2024-01-15
17679,1160.83,Card,2024-02-04
11654,620.58,UPI,2024-02-24
13167,1144.78,Wallet,2024-02-08
18165,1946.11,UPI,2024-02-24
16585,310.75,Card,2024-02-15
1647,1550.31,Wallet,2024-02-22
8288,1359.61,UPI,2024-01-24
8690,455.72,Wallet,2024-02-09
10328,427.07,UPI,2024-02-16
16883,1506.92,UPI,2024-02-12
9913,1752.18,UPI,2024-02-22
11959,157.14,UPI,2024-01-18
10630,1906.56,UPI,2024-01-31
18863,963.16,Card,2024-02-25
19555,476.34,UPI,2024-01-18
8334,1643.46,Wallet,2024-01-29
6058,1490.74,Card,2024-01-11
3838,467.34,NetBanking,2024-01-06
8424,669.35,Card,2024-01-28
17,1447.68,Card,2024-01-19
8748,394.2,Card,2024-01-24
18613,229.12,Wallet,2024-01-06
12626,1379.84,NetBanking,2024-01-17
17401,2155.67,Card,2024-02-11
9476,1771.51,Wallet,2024-01-16
16204,1707.75,NetBanking,2024-01-14
8252,998.73,UPI,2024-01-05
18082,283.98,NetBanking,2024-02-28
13793,1515.4,NetBanking,2024-01-25
9242,1933.7,UPI,2024-02-07
4140,214.5,Wallet,2024-02-07
14798,1412.05,UPI,2024-01-24
6870,1829.44,NetBanking,2024-03-01
15815,891.98,NetBanking,2024-02-20
9665,1460.28,UPI,2024-02-23
17810,1025.54,Card,2024-01-07
12057,1430.33,NetBanking,2024-01-01
4604,1022.31,Card,2024-02-27
5862,1133.6,Card,2024-02-08
3124,799.6,NetBanking,2024-01-06
12431,623.26,Card,2024-01-21
7867,1783.55,UPI,2024-01-14
1317,401.81,UPI,2024-02-07
3535,604.7,UPI,2024-02-04
3686,1548.72,NetBanking,2024-02-09
9628,1452.13,UPI,2024-02-14
1261,1492.03,Wallet,2024-02-09
1499,713.06,Wallet,2024-02-09
2036,1265.56,Card,2024-02-06
11082,1298.71,Wallet,2024-02-29
13380,314.68,NetBanking,2024-02-06
11565,1353.81,NetBanking,2024-01-07
18190,164.28,Wallet,2024-02-18
19371,1950.27,Wallet,2024-01-17
7690,104.04,Wallet,2024-01-20
3986,264.55,Wallet,2024-02-10
19391,892.28,Wallet,2024-02-01
12894,1533.38,UPI,2024-01-30
3539,1395.71,Wallet,2024-01-19
13220,1274.72,Wallet,2024-02-24
14139,282.68,NetBanking,2024-01-07
9915,1125.67,UPI,2024-02-10
655,206.54,NetBanking,2024-02-06
11377,490.8,NetBanking,2024-01-24
15084,491.34,NetBanking,2024-02-23
9465,224.15,Wallet,2024-02-09
13641,1414.41,UPI,2024-01-05
4627,1839.13,Wallet,2024-02-09
1434,1708.83,UPI,2024-02-11
3144,543.01,Card,2024-01-11
19457,1873.28,UPI,2024-01-26
13459,1834.72,UPI,2024-01-20
11273,1264.15,Card,2024-01-23
5332,422.27,Card,2024-01-22
6098,651.75,NetBanking,2024-02-20
10038,1726.91,Wallet,2024-02-28
16147,1351.78,UPI,2024-01-22
5330,739.16,Wallet,2024-02-04
7645,234.09,Wallet,2024-02-17
10082,1610.11,Card,2024-01-12
19411,1400.95,Wallet,2024-02-12
14638,929.2,Card,2024-02-17
10330,1870.85,Card,2024-01-27
3704,455.1,Wallet,2024-01-24
2577,1213.3,NetBanking,2024-01-08
6111,889.19,Wallet,2024-01-02
7407,1062.39,Card,2024-02-18
37,344.17,Wallet,2024-01-03
10910,561.21,NetBanking,2024-02-13
15486,1327.52,Wallet,2024-02-08
2748,902.4,Card,2024-01-14
14316,436.37,NetBanking,2024-02-03
19899,230.55,UPI,2024-02-03
13209,131.06,UPI,2024-01-30
11237,835.56,NetBanking,2024-02-01
71,1414.53,Card,2024-02-15
9870,229.04,NetBanking,2024-02-25
3181,785.75,NetBanking,2024-01-28
4731,789.32,NetBanking,2024-01-24
15936,1550.18,UPI,2024-02-01
2418,1647.62,Card,2024-02-29
17614,301.62,Wallet,2024-01-01
7207,1172.16,Card,2024-02-07
5958,542.22,Card,2024-01-09
12418,1851.35,NetBanking,2024-01-09
19366,313.04,Wallet,2024-01-26
2922,766.03,NetBanking,2024-02-10
7314,294.42,UPI,2024-01-16
290,1802.95,UPI,2024-01-22
16133,1148.12,UPI,2024-02-10
1582,1890.27,Card,2024-01-22
13110,1969.83,UPI,2024-01-23
307,1906.03,Wallet,2024-01-22
13159,1080.37,NetBanking,2024-01-10
9117,491.11,NetBanking,2024-02-23
7360,1751.15,NetBanking,2024-02-29
14366,768.68,Wallet,2024-02-12
16853,1316.84,NetBanking,2024-02-24
7239,244.07,Card,2024-01-10
8989,669.16,Card,2024-02-20
14205,184.38,UPI,2024-01-10
2681,1976.65,UPI,2024-02-26
13149,1273.28,Card,2024-01-13
1070,1824.79,NetBanking,2024-01-27
18967,621.78,UPI,2024-02-12
8121,615.01,UPI,2024-01-02
18503,641.34,Wallet,2024-02-12
19707,1600.86,Wallet,2024-02-05
10407,473.3,Wallet,2024-01-11
10138,1352.06,NetBanking,2024-01-05
6309,1880.76,Card,2024-01-02
13315,1829.37,NetBanking,2024-01-21
10241,1899.63,Wallet,2024-01-05
15448,1997.84,NetBanking,2024-02-12
12492,1926.07,Wallet,2024-02-05
8023,1735.93,Wallet,2024-02-07
6829,1979.01,UPI,2024-02-02
8612,1034.03,Card,2024-02-24
19866,184.83,Card,2024-02-20
3205,959.13,NetBanking,2024-02-14
7497,373.23,UPI,2024-01-13
13748,118.98,Wallet,2024-02-06
4178,1087.32,UPI,2024-01-06
490,920.65,Card,2024-02-08
3486,1376.43,Card,2024-01-22
15624,1020.08,UPI,2024-02-21
1423,1829.51,Wallet,2024-02-12
13391,1917.1,Card,2024-01-17
19261,1721.69,Wallet,2024-01-06
14653,898.67,Card,2024-02-15
6204,1050.53,UPI,2024-02-03
12763,997.1,Wallet,2024-01-11
14726,138.67,NetBanking,2024-02-29
18335,1369.9,Wallet,2024-02-02
4530,969.09,NetBanking,2024-01-08
3285,1078.85,Card,2024-01-21
18444,1360.28,Wallet,2024-02-02
10016,1545.73,Card,2024-01-24
5435,1048.92,Wallet,2024-02-19
16331,1652.71,NetBanking,2024-02-06
15923,433.9,UPI,2024-01-28
19586,122.01,UPI,2024-01-31
17422,878.07,UPI,2024-01-29
18618,1866.59,Wallet,2024-02-19
6979,424.82,UPI,2024-01-26
9994,1778.67,UPI,2024-02-23
5415,621.5,NetBanking,2024-02-12
4706,1612.64,Wallet,2024-01-22
13113,1485.57,Wallet,2024-01-29
162,482.98,Card,2024-02-24
12670,764.23,NetBanking,2024-02-22
4946,776.79,UPI,2024-01-07
496,1001.34,Wallet,2024-02-02
3540,738.04,NetBanking,2024-01-03
10073,128.74,UPI,2024-02-07
14706,1805.74,Wallet,2024-01-19
17251,298.12,UPI,2024-02-11
8866,903.41,Card,2024-02-21
2574,1775.39,Card,2024-02-02
14587,1277.51,Card,2024-01-01
19418,1030.19,UPI,2024-01-24
11169,1287.24,NetBanking,2024-01-28
10218,1783.22,Wallet,2024-02-19
11186,1544.38,NetBanking,2024-02-20
4697,1420.88,Wallet,2024-02-08
12562,1732.1,Wallet,2024-02-21
3238,613.09,NetBanking,2024-01-16
3763,1679.61,Wallet,2024-02-16
9417,1263.87,Card,2024-02-29
16055,253.31,NetBanking,2024-01-01
11819,1506.43,Card,2024-01-28
17642,1341.4,Card,2024-02-05
8089,1363.87,UPI,2024-02-25
19581,400.77,NetBanking,2024-02-11
6705,1826.56,Card,2024-02-23
13298,1095.78,Card,2024-01-03
6346,362.35,UPI,2024-02-11
19175,598.63,Card,2024-02-05
8550,773.13,UPI,2024-01-05
7793,499.66,UPI,2024-02-05
1529,368.5,UPI,2024-02-12
9751,973.68,Wallet,2024-01-03
14112,1808.13,Card,2024-02-24
7357,1495.41,Wallet,2024-01-02
19709,299.57,Card,2024-01-27
7762,353.35,UPI,2024-01-23
8400,1760.3,NetBanking,2024-02-21
5186,815.64,NetBanking,2024-02-19
17387,593.76,UPI,2024-02-28
6489,735.06,Card,2024-01-21
8285,360.52,UPI,2024-02-23
8217,1003.47,Card,2024-02-18
5582,1049.19,NetBanking,2024-01-20
14878,163.07,Card,2024-01-28
18209,1137.51,Card,2024-01-02
19981,506.01,Card,2024-01-22
15000,1597.83,UPI,2024-02-07
2242,1004.62,UPI,2024-01-09
19390,604.59,UPI,2024-02-18
5153,152.18,NetBanking,2024-02-05
15979,1946.47,UPI,2024-02-17
5093,1675.19,Card,2024-02-07
2327,789.22,NetBanking,2024-02-24
6256,660.71,UPI,2024-01-27
15099,1864.96,UPI,2024-01-08
16886,1144.66,UPI,2024-01-22
17102,1052.55,NetBanking,2024-01-05
7751,622.67,NetBanking,2024-02-29
7936,1632.4,NetBanking,2024-02-19
7676,992.9,Wallet,2024-02-19
7646,896.12,Card,2024-02-22
2595,407.58,UPI,2024-02-23
11134,1558.28,NetBanking,2024-02-17
552,796.57,Wallet,2024-02-29
5361,1361.38,Card,2024-01-25
13670,1245.92,Wallet,2024-01-11
13750,1396.69,NetBanking,2024-02-03
9033,1336.15,NetBanking,2024-02-26
12582,1857.8,UPI,2024-01-13
17106,1947.38,Wallet,2024-02-25
1196,416.27,NetBanking,2024-01-25
8070,325.3,Card,2024-02-19
1543,126.74,UPI,2024-02-22
11367,636.81,Card,2024-02-15
1198,782.91,Card,2024-01-21
18794,1156.57,NetBanking,2024-01-03
16888,1652.5,Wallet,2024-01-05
13765,1982.26,Card,2024-02-05
1253,601.3,UPI,2024-02-09
6524,712.37,Card,2024-01-05
7358,1832.45,Card,2024-02-16
9630,1405.02,Wallet,2024-01-21
11220,1980.19,NetBanking,2024-01-16
15106,1568.55,NetBanking,2024-01-27
15244,665.59,NetBanking,2024-01-13
11609,1662.53,UPI,2024-01-02
12258,181.9,Wallet,2024-01-30
17020,900.65,Card,2024-01-15
16934,1131.96,UPI,2024-02-17
12421,1722.0,NetBanking,2024-02-14
5832,1869.37,UPI,2024-01-17
14011,1538.62,NetBanking,2024-01-21
3889,768.82,NetBanking,2024-01-03
2358,102.66,Wallet,2024-02-02
13826,1543.08,UPI,2024-02-15
3339,1976.21,Wallet,2024-02-13
5961,639.18,UPI,2024-01-27
6756,1534.36,UPI,2024-02-15
5004,1928.11,Card,2024-02-24
8472,1950.47,NetBanking,2024-02-09
5649,1101.18,Wallet,2024-01-24
6670,941.2,UPI,2024-01-16
16449,570.63,UPI,2024-01-28
9434,283.87,Card,2024-01-20
9568,1429.1,Card,2024-03-01
3633,1052.55,UPI,2024-01-21
1791,1176.4,NetBanking,2024-02-19
14447,575.27,Card,2024-02-14
4748,455.09,NetBanking,2024-02-06
11298,182.12,UPI,2024-01-01
9734,1037.06,NetBanking,2024-01-30
14625,225.8,Card,2024-02-17
18482,1958.17,NetBanking,2024-01-07
4967,1484.38,Wallet,2024-01-03
2871,710.79,Card,2024-02-13
19939,938.16,NetBanking,2024-02-27
1787,371.28,Card,2024-03-01
6846,1977.21,Card,2024-02-12
10039,1861.39,UPI,2024-01-01
7166,1779.65,Card,2024-02-11
4290,665.85,Card,2024-02-22
15238,790.8,NetBanking,2024-02-26
6675,1572.85,UPI,2024-01-20
16305,306.28,NetBanking,2024-02-24
5985,457.08,Wallet,2024-01-29
648,419.18,Wallet,2024-01-10
17775,677.79,Card,2024-01-07
6287,1022.11,NetBanking,2024-01-29
3092,103.23,Wallet,2024-02-20
12381,328.88,NetBanking,2024-02-15
6417,260.98,UPI,2024-01-22
11960,1247.8,Card,2024-01-11
11647,697.77,Card,2024-01-02
730,818.19,UPI,2024-02-14
6365,126.9,Card,2024-01-13
8781,434.87,Card,2024-01-12
10102,1171.88,NetBanking,2024-02-13
17615,450.94,Card,2024-02-14
13264,1646.11,Wallet,2024-01-25
2535,481.74,UPI,2024-01-03
9378,999.69,UPI,2024-02-25
9429,1122.05,UPI,2024-01-06
2508,1705.96,NetBanking,2024-01-25
7368,914.85,Card,2024-01-21
12851,1872.34,Card,2024-01-12
877,1520.27,Wallet,2024-01-29
8903,1403.16,UPI,2024-02-07
8937,452.98,Card,2024-01-06
19256,194.02,Card,2024-03-01
4998,1159.01,Card,2024-01-04
1042,632.44,UPI,2024-01-25
12980,1117.57,NetBanking,2024-02-26
5732,291.07,Card,2024-02-29
2774,1861.98,NetBanking,2024-02-17
2152,681.34,Wallet,2024-02-04
2726,321.75,Wallet,2024-01-19
11142,1646.5,NetBanking,2024-01-04
9946,1917.96,UPI,2024-02-25
715,115.77,UPI,2024-02-17
17653,1813.04,UPI,2024-02-18
8659,702.68,UPI,2024-01-13
245,1259.19,Wallet,2024-02-03
6586,1420.58,Card,2024-01-07
16419,1298.39,Card,2024-01-28
10675,381.95,NetBanking,2024-01-04
16632,729.04,NetBanking,2024-01-06
11648,791.15,Wallet,2024-02-14
5307,1798.78,NetBanking,2024-02-01
3933,1569.25,Card,2024-02-13
4336,107.58,Wallet,2024-02-01
7446,524.26,Card,2024-02-24
14552,1859.37,UPI,2024-01-29
4606,226.91,NetBanking,2024-02-22
11067,1117.36,Wallet,2024-02-27
12719,731.25,NetBanking,2024-01-20
7768,1641.67,Wallet,2024-01-24
8826,1199.78,Wallet,2024-01-13
1048,565.48,Wallet,2024-01-08
7023,1534.36,UPI,2024-01-16
8756,1419.7,Card,2024-02-25
19167,905.43,UPI,2024-01-17
12514,453.19,UPI,2024-02-01
13393,929.8,Card,2024-01-20
1669,784.63,Wallet,2024-01-20
19830,196.96,UPI,2024-01-20
4943,1420.76,Wallet,2024-02-02
13023,1731.48,NetBanking,2024-02-15
10087,1350.57,NetBanking,2024-02-11
17686,520.23,UPI,2024-02-07
11887,1281.76,Card,2024-02-05
8887,1356.72,Wallet,2024-02-21
10769,1908.39,NetBanking,2024-01-04
18289,1285.94,Wallet,2024-02-13
9634,1145.1,UPI,2024-02-25
7631,1953.35,UPI,2024-01-10
12342,1328.52,Wallet,2024-02-13
17887,1310.22,UPI,2024-02-13
4529,1802.96,UPI,2024-02-24
15779,1144.88,Card,2024-01-13
5351,562.19,UPI,2024-02-22
1425,100.88,NetBanking,2024-01-21
2442,935.09,NetBanking,2024-01-21
6682,1010.56,Card,2024-01-03
9299,1190.67,NetBanking,2024-01-17
5633,803.14,NetBanking,2024-02-21
14930,710.96,Card,2024-01-07
8565,861.59,UPI,2024-02-17
2396,407.78,UPI,2024-01-09
19970,147.58,Wallet,2024-01-27
18423,689.18,NetBanking,2024-01-13
18732,408.34,Card,2024-01-18
12711,1649.85,Wallet,2024-02-03
2200,1748.21,UPI,2024-02-23
15263,999.54,UPI,2024-02-03
15909,515.41,Card,2024-02-04
16379,490.3,NetBanking,2024-02-24
3670,996.09,NetBanking,2024-02-18
14116,1186.02,UPI,2024-02-15
17310,1565.99,Wallet,2024-02-26
2352,223.9,NetBanking,2024-01-14
6862,880.37,NetBanking,2024-01-07
1331,562.62,NetBanking,2024-01-18
19116,482.78,Wallet,2024-01-29
11153,1199.21,Wallet,2024-01-29
19392,430.06,NetBanking,2024-02-10
5189,1020.74,NetBanking,2024-02-12
2450,1064.82,NetBanking,2024-02-19
12710,1270.11,Card,2024-02-18
5534,529.43,UPI,2024-01-25
3430,1266.7,NetBanking,2024-01-14
7485,1627.46,NetBanking,2024-02-13
2337,1900.79,UPI,2024-01-14
4887,954.26,Card,2024-01-24
6890,1075.69,Wallet,2024-02-04
6741,489.09,UPI,2024-01-01
3067,863.55,Card,2024-01-02
4938,1703.42,NetBanking,2024-01-04
16045,1810.66,Card,2024-02-23
12896,2181.64,UPI,2024-01-11
7010,637.2,UPI,2024-02-20
5706,474.06,NetBanking,2024-02-14
15534,1278.61,NetBanking,2024-02-07
7535,422.16,Wallet,2024-01-17
9084,339.4,Wallet,2024-02-25
6133,1682.82,Wallet,2024-01-29
16432,1934.74,UPI,2024-01-22
4043,1882.99,Card,2024-01-31
4064,841.01,UPI,2024-01-29
1420,412.97,Wallet,2024-02-25
15983,698.69,Wallet,2024-01-06
11434,1487.75,UPI,2024-02-29
12435,256.9,UPI,2024-02-17
5130,1342.01,NetBanking,2024-02-28
10223,934.19,NetBanking,2024-01-10
13099,1007.27,UPI,2024-01-20
8347,146.52,Card,2024-01-28
6036,1873.62,UPI,2024-01-07
3712,161.66,NetBanking,2024-02-08
14770,1255.36,Wallet,2024-01-08
16401,1269.6,Card,2024-01-31
2234,162.13,UPI,2024-02-19
14620,1571.1,Card,2024-02-07
17914,1700.97,Wallet,2024-01-21
16756,1253.34,Card,2024-01-12
16421,637.06,Wallet,2024-01-25
11106,1517.07,NetBanking,2024-01-20
17449,1502.56,UPI,2024-02-27
18252,360.77,Wallet,2024-02-07
198,1309.76,Wallet,2024-02-12
10930,1391.91,Card,2024-01-02
18500,542.01,NetBanking,2024-01-31
12912,272.07,UPI,2024-01-01
9790,737.71,Card,2024-02-14
3975,1480.29,NetBanking,2024-02-02
13039,356.64,Wallet,2024-01-18
10058,1778.86,Card,2024-01-08
4280,1861.59,NetBanking,2024-02-04
4496,427.81,Card,2024-01-23
19251,1683.35,UPI,2024-02-07
11440,943.3,Card,2024-02-08
9956,1493.54,Wallet,2024-02-03
8362,1265.35,UPI,2024-02-27
6333,1485.42,Wallet,2024-02-21
8187,432.06,NetBanking,2024-01-31
19441,1140.14,UPI,2024-01-21
6206,1106.99,Wallet,2024-01-11
926,550.41,Card,2024-01-17
6429,1837.42,Card,2024-01-03
13515,1380.3,NetBanking,2024-02-20
5630,1310.81,Card,2024-01-22
4035,292.18,Card,2024-01-24
17112,1767.54,Card,2024-02-02
14732,1369.69,Wallet,2024-01-05
8078,1570.43,Card,2024-02-22
19380,243.61,UPI,2024-02-28
18001,764.5,NetBanking,2024-02-05
19725,1188.26,Wallet,2024-02-23
10499,886.29,NetBanking,2024-01-29
9705,1434.08,NetBanking,2024-01-04
15719,1345.87,UPI,2024-01-19
11952,487.26,NetBanking,2024-02-06
11441,523.89,Wallet,2024-01-25
16674,1708.97,Card,2024-02-07
273,199.53,UPI,2024-02-29
2937,1240.11,UPI,2024-02-03
2040,562.7,Card,2024-02-20
15858,130.2,Wallet,2024-01-25
2877,773.31,Wallet,2024-01-08
6988,1198.92,Card,2024-01-11
19387,305.56,UPI,2024-02-21
12886,1229.09,UPI,2024-03-01
9681,712.06,NetBanking,2024-02-12
15360,1712.91,UPI,2024-02-09
14924,1443.21,NetBanking,2024-01-30
7712,562.61,Wallet,2024-02-18
18047,1166.45,Wallet,2024-02-11
817,203.98,Card,2024-02-21
1614,336.41,Wallet,2024-02-10
18957,186.94,Card,2024-02-05
17623,1459.47,NetBanking,2024-01-04
7955,344.42,UPI,2024-02-21
15426,1123.44,UPI,2024-01-16
2933,112.56,Card,2024-01-30
17773,1614.93,Wallet,2024-01-28
11625,1877.26,NetBanking,2024-01-05
1749,576.73,Card,2024-02-16
8494,1937.84,Wallet,2024-01-28
14182,1876.79,UPI,2024-02-15
1732,1459.1,NetBanking,2024-01-29
8026,403.8,Card,2024-01-11
2552,121.0,Card,2024-02-07
15710,578.79,NetBanking,2024-02-16
17673,1409.27,UPI,2024-02-22
9082,1241.08,NetBanking,2024-02-20
15586,875.24,UPI,2024-02-07
10368,501.22,NetBanking,2024-02-11
4131,1505.74,Card,2024-02-18
10198,925.86,NetBanking,2024-02-05
1670,824.64,NetBanking,2024-01-19
12433,1338.3,Wallet,2024-02-26
8542,1339.62,UPI,2024-02-22
16712,631.5,UPI,2024-01-09
17385,1745.23,Card,2024-02-08
3826,1017.55,Wallet,2024-01-08
13451,227.47,Wallet,2024-02-23
17852,283.32,NetBanking,2024-02-02
5027,1244.94,Wallet,2024-02-02
8474,544.29,UPI,2024-01-28
9711,1797.25,Card,2024-01-05
9395,105.21,Wallet,2024-01-29
9331,1198.47,Card,2024-02-27
19468,618.62,UPI,2024-01-17
11664,983.84,Wallet,2024-01-17
16516,1702.06,Card,2024-02-18
17119,548.78,NetBanking,2024-02-07
11400,589.04,Wallet,2024-02-01
7668,1254.36,UPI,2024-01-06
14828,1326.88,NetBanking,2024-02-18
12109,1327.67,UPI,2024-01-16
13803,1343.93,Card,2024-02-09
11670,1177.81,NetBanking,2024-02-28
5107,1798.16,NetBanking,2024-02-06
4333,1256.5,NetBanking,2024-02-20
1554,1266.24,UPI,2024-02-20
9068,636.6,Wallet,2024-03-01
5693,538.28,NetBanking,2024-01-22
7238,766.49,UPI,2024-02-24
3063,643.39,UPI,2024-01-21
7749,1927.28,Card,2024-01-09
19531,509.25,UPI,2024-01-05
17219,1598.65,UPI,2024-01-07
9688,1569.83,Wallet,2024-01-25
10392,510.93,Wallet,2024-02-29
1642,501.19,Wallet,2024-01-05
13087,373.69,NetBanking,2024-01-30
885,701.81,UPI,2024-01-26
8329,1878.98,NetBanking,2024-01-24
3468,1087.06,Card,2024-02-10
17823,558.4,Card,2024-02-21
5935,508.98,NetBanking,2024-02-20
12603,478.28,Wallet,2024-01-18
4885,700.35,Wallet,2024-02-11
17153,474.65,Card,2024-02-24
14325,1027.56,UPI,2024-01-22
11292,1635.73,NetBanking,2024-01-19
16330,529.54,Card,2024-01-02
3566,800.75,Wallet,2024-02-25
19282,840.96,NetBanking,2024-01-20
17340,201.41,Card,2024-02-11
13882,1716.65,Card,2024-02-12
416,189.46,UPI,2024-02-05
3057,1525.3,NetBanking,2024-02-07
1340,1578.37,NetBanking,2024-01-13
1901,299.31,Wallet,2024-01-24
17736,949.95,UPI,2024-02-14
2214,969.96,Card,2024-01-14
14376,1487.73,NetBanking,2024-01-30
18210,1926.53,UPI,2024-01-24
2723,701.84,Card,2024-01-05
19983,856.13,NetBanking,2024-02-14
9595,1996.53,UPI,2024-02-14
464,1302.74,Wallet,2024-02-12
7537,1079.24,Wallet,2024-02-12
2430,1104.66,Card,2024-01-29
5782,439.79,Wallet,2024-02-23
14519,190.29,NetBanking,2024-03-01
6132,1966.7,Card,2024-02-13
1777,483.81,NetBanking,2024-01-04
346,1182.57,Card,2024-01-13
14395,1964.0,Card,2024-01-20
5044,348.37,Card,2024-02-17
14687,883.59,NetBanking,2024-02-10
17362,754.81,Card,2024-01-24
9989,1833.09,UPI,2024-01-17
7370,842.01,NetBanking,2024-01-23
15792,458.69,Card,2024-01-14
8487,449.78,NetBanking,2024-01-30
8256,982.46,UPI,2024-02-25
9127,1959.68,Card,2024-02-03
4528,1233.97,UPI,2024-01-26
19037,1273.38,Card,2024-01-21
2689,1248.08,Wallet,2024-02-07
16563,1217.5,UPI,2024-02-16
696,752.44,UPI,2024-02-26
9680,1795.63,Card,2024-01-11
16566,953.2,UPI,2024-01-29
1536,209.93,UPI,2024-01-12
13320,1148.49,UPI,2024-01-14
8533,598.04,NetBanking,2024-01-07
15736,1235.5,Card,2024-02-03
3990,746.09,Wallet,2024-01-01
9879,1164.35,Card,2024-02-13
1754,1880.13,Wallet,2024-02-01
16802,1155.78,UPI,2024-02-22
15201,1076.26,NetBanking,2024-01-09
5511,188.81,UPI,2024-01-02
2294,585.93,Card,2024-02-23
13300,145.31,NetBanking,2024-02-27
4695,1852.98,Wallet,2024-02-18
19921,1114.78,Card,2024-01-03
10503,989.55,Wallet,2024-02-17
15414,466.39,Card,2024-01-02
9719,1392.86,NetBanking,2024-01-26
8695,159.52,Wallet,2024-01-17
15417,1453.2,UPI,2024-02-04
2322,1730.6,Card,2024-01-23
19220,1695.35,NetBanking,2024-01-17
661,955.58,UPI,2024-01-25
7419,1324.93,Wallet,2024-02-19
12622,1694.53,Card,2024-02-07
7723,1113.84,Wallet,2024-01-09
8961,820.05,Card,2024-01-27
6020,1830.32,Wallet,2024-01-19
5755,1102.42,NetBanking,2024-02-03
6646,1398.33,Card,2024-02-18
17327,409.21,Card,2024-01-16
17071,1469.85,UPI,2024-01-21
4853,1731.16,NetBanking,2024-02-12
7445,564.54,Card,2024-01-07
11610,1905.29,UPI,2024-01-10
2315,2141.02,UPI,2024-01-08
13692,1168.93,UPI,2024-02-07
3230,871.01,UPI,2024-02-14
13114,104.88,NetBanking,2024-02-17
6267,1544.52,NetBanking,2024-01-14
12997,569.3,Wallet,2024-01-09
1884,558.69,NetBanking,2024-01-10
2006,1192.38,Card,2024-01-20
10400,153.96,Wallet,2024-02-17
5765,1111.13,Wallet,2024-01-04
628,1698.14,Card,2024-01-23
11980,545.9,UPI,2024-02-12
5587,1335.2,UPI,2024-01-22
3011,173.52,NetBanking,2024-02-17
11124,1237.69,UPI,2024-02-09
7680,398.32,NetBanking,2024-01-11
8113,1993.05,UPI,2024-02-26
10968,1075.73,UPI,2024-01-16
10638,1301.06,NetBanking,2024-01-24
174,1234.41,Wallet,2024-02-17
3634,1302.35,NetBanking,2024-03-01
3832,751.79,Card,2024-01-31
18467,1646.28,Card,2024-01-11
18458,1586.72,UPI,2024-01-28
10141,966.59,Card,2024-02-07
17158,1870.54,UPI,2024-02-09
16582,433.44,NetBanking,2024-01-15
3392,346.31,Wallet,2024-01-18
16036,1681.45,Wallet,2024-02-22
12013,1430.79,UPI,2024-01-11
3403,800.9,Wallet,2024-02-04
1385,457.31,Card,2024-01-21
8813,132.32,Wallet,2024-02-28
5318,300.51,NetBanking,2024-02-25
17569,367.55,Card,2024-02-14
1086,1516.79,Wallet,2024-02-15
18714,1505.54,UPI,2024-02-21
1597,1831.37,Card,2024-02-12
19453,914.69,UPI,2024-01-01
7051,567.5,UPI,2024-02-18
10842,1542.57,Wallet,2024-01-01
19674,1517.55,UPI,2024-02-16
3571,506.92,UPI,2024-01-21
12722,1271.05,Wallet,2024-01-13
12938,422.75,NetBanking,2024-02-11
1112,1062.09,NetBanking,2024-02-04
7898,1095.24,Card,2024-01-04
15452,2227.7,Card,2024-01-20
4877,889.06,UPI,2024-03-01
19337,827.49,Wallet,2024-01-09
17334,367.62,Wallet,2024-02-03
1291,1959.29,Wallet,2024-01-23
3136,968.64,UPI,2024-02-14
8525,1966.63,NetBanking,2024-01-26
1452,1681.77,Wallet,2024-01-05
12011,118.0,Card,2024-02-17
3308,721.83,UPI,2024-01-08
18927,430.26,UPI,2024-02-04
15694,535.7,UPI,2024-01-06
14286,1994.39,Wallet,2024-03-01
4432,833.02,NetBanking,2024-01-11
7349,430.82,NetBanking,2024-02-06
12905,269.57,Wallet,2024-01-24
12864,752.91,Card,2024-02-06
7830,239.89,UPI,2024-01-03
3563,1603.67,NetBanking,2024-01-19
13596,140.97,NetBanking,2024-02-23
13742,356.83,NetBanking,2024-01-24
14573,485.91,Wallet,2024-02-11
2947,1700.85,Wallet,2024-01-14
6386,729.27,NetBanking,2024-01-18
12348,589.44,UPI,2024-01-08
16148,1237.59,UPI,2024-01-17
11232,1100.44,UPI,2024-02-15
3480,182.81,Wallet,2024-02-20
8701,1597.89,Wallet,2024-02-08
11209,490.4,NetBanking,2024-01-04
4698,1827.19,Card,2024-01-19
2300,1872.4,Card,2024-01-30
17085,1875.65,NetBanking,2024-01-30
16911,1497.68,Card,2024-01-12
3189,352.54,UPI,2024-01-23
4193,1597.92,NetBanking,2024-01-17
15681,1217.84,Wallet,2024-01-07
4955,640.6,NetBanking,2024-01-04
17064,520.9,NetBanking,2024-01-15
19621,207.15,UPI,2024-02-09
5784,1073.04,UPI,2024-01-20
10517,1430.18,NetBanking,2024-01-27
19141,1201.75,NetBanking,2024-02-10
19203,425.16,Wallet,2024-01-07
7852,1185.9,Card,2024-01-10
18758,994.02,UPI,2024-02-23
7431,1210.15,Card,2024-01-08
9485,1815.21,Wallet,2024-01-24
14124,1564.99,Card,2024-01-08
5611,1903.21,NetBanking,2024-02-09
12734,1517.8,UPI,2024-01-13
11720,648.32,Wallet,2024-01-07
12687,1869.43,Wallet,2024-02-26
15041,1388.2,UPI,2024-02-16
7612,166.53,Card,2024-01-16
337,1833.44,NetBanking,2024-02-24
16672,981.51,Wallet,2024-02-27
11039,1511.02,Card,2024-01-28
1932,512.92,NetBanking,2024-01-18
3444,1694.97,NetBanking,2024-01-14
9129,271.39,UPI,2024-01-29
190,1987.76,Wallet,2024-02-13
9283,289.86,NetBanking,2024-02-21
10488,575.58,NetBanking,2024-01-01
3918,636.32,Wallet,2024-01-15
17812,1363.02,NetBanking,2024-02-20
17469,1398.0,Card,2024-03-01
19197,701.76,Wallet,2024-02-18
9264,1929.5,Wallet,2024-02-02
11404,1853.92,NetBanking,2024-01-23
7817,1581.58,Wallet,2024-02-29
11394,1778.63,Wallet,2024-02-28
10177,890.75,Wallet,2024-01-22
15117,871.04,UPI,2024-01-18
8891,1255.53,UPI,2024-01-17
4287,669.96,NetBanking,2024-01-15
2797,160.72,Card,2024-01-11
8280,786.84,UPI,2024-01-09
15002,1426.2,NetBanking,2024-01-29
2976,627.45,Wallet,2024-02-05
6678,823.76,Card,2024-02-09
16782,1599.59,Wallet,2024-01-21
13724,384.97,Card,2024-02-11
3912,510.63,NetBanking,2024-02-18
10027,559.21,NetBanking,2024-01-10
12132,1775.89,Card,2024-01-17
14253,1684.88,UPI,2024-01-22
19944,1186.7,NetBanking,2024-01-04
11626,103.83,Wallet,2024-02-05
9678,226.12,NetBanking,2024-01-13
17583,1600.35,Wallet,2024-02-06
13161,1648.43,NetBanking,2024-01-14
16318,1253.71,Wallet,2024-01-21
16775,1115.47,Wallet,2024-02-05
8948,938.12,Card,2024-01-26
6778,1885.46,Wallet,2024-01-04
11917,1992.66,UPI,2024-02-23
18009,442.95,Card,2024-01-02
13967,675.59,Wallet,2024-02-20
5348,1969.27,UPI,2024-03-01
10382,234.1,Wallet,2024-01-31
7900,812.27,UPI,2024-02-26
9432,1575.23,Wallet,2024-02-07
16315,1778.32,UPI,2024-02-13
7859,1501.39,NetBanking,2024-01-12
6037,999.86,UPI,2024-02-06
5165,356.4,NetBanking,2024-02-27
8520,738.21,UPI,2024-01-28
4531,976.52,NetBanking,2024-01-25
6964,560.3,NetBanking,2024-02-17
1402,350.83,Wallet,2024-01-28
10601,1778.43,UPI,2024-02-28
2556,298.25,NetBanking,2024-01-14
3313,1239.98,Wallet,2024-02-03
3526,321.21,Card,2024-01-04
19585,1335.33,NetBanking,2024-01-27
11477,1910.86,UPI,2024-02-05
17897,244.51,UPI,2024-01-23
879,498.51,Wallet,2024-03-01
6144,1480.68,NetBanking,2024-01-28
2533,1713.11,Card,2024-01-25
5091,693.68,Wallet,2024-01-20
14108,1386.77,Card,2024-01-15
14792,1692.49,Card,2024-01-09
9443,655.46,NetBanking,2024-01-28
5179,174.38,Card,2024-02-10
14969,539.37,Card,2024-02-03
9973,1552.08,Card,2024-01-22
1813,742.72,NetBanking,2024-01-07
2021,1380.63,Wallet,2024-02-13
10356,1718.17,Card,2024-03-01
5290,1586.48,UPI,2024-01-07
11572,506.85,UPI,2024-01-23
3514,1133.58,Card,2024-01-31
12136,304.99,UPI,2024-01-01
16992,636.03,Card,2024-01-09
4522,173.72,Wallet,2024-02-14
4555,1678.6,UPI,2024-02-18
6067,424.64,Wallet,2024-01-11
1862,1956.68,NetBanking,2024-01-22
16969,1741.33,NetBanking,2024-02-16
17217,1519.8,Wallet,2024-01-18
11686,1471.59,Wallet,2024-01-15
2875,969.29,Wallet,2024-01-29
18963,1051.79,UPI,2024-01-01
18964,1257.94,UPI,2024-01-26
4070,308.68,Card,2024-01-18
11876,407.23,UPI,2024-01-02
5017,1288.18,Wallet,2024-02-14
1503,277.91,Wallet,2024-01-07
9491,1793.28,Card,2024-01-05
3553,1505.17,Wallet,2024-02-02
5674,122.13,UPI,2024-02-24
10164,659.97,Wallet,2024-02-13
4674,456.1,UPI,2024-01-08
7767,1968.19,NetBanking,2024-02-12
5095,986.45,NetBanking,2024-02-28
14554,629.34,Wallet,2024-02-16
1940,472.21,UPI,2024-01-10
5362,784.3,NetBanking,2024-01-01
1609,1843.19,Wallet,2024-03-01
6264,1812.47,Card,2024-02-18
5927,1341.61,Wallet,2024-02-06
9111,1756.48,NetBanking,2024-01-01
7598,1176.81,Card,2024-01-06
7972,395.52,Card,2024-01-23
15958,225.01,UPI,2024-01-31
19190,254.07,NetBanking,2024-01-21
1179,525.06,Wallet,2024-02-08
5931,1637.53,NetBanking,2024-01-19
14523,622.92,Card,2024-02-18
14274,901.08,NetBanking,2024-01-20
1586,259.45,Card,2024-01-29
5529,229.47,NetBanking,2024-02-01
671,979.27,NetBanking,2024-02-18
11825,313.34,Wallet,2024-01-03
15522,242.59,NetBanking,2024-02-29
7675,719.79,NetBanking,2024-02-18
9558,1822.35,UPI,2024-02-10
16470,1628.25,UPI,2024-01-02
8275,841.97,Wallet,2024-01-18
16651,1214.92,NetBanking,2024-01-06
14932,1145.99,Wallet,2024-02-17
4382,1674.17,Card,2024-02-29
9132,1686.66,Wallet,2024-02-26
9233,1257.65,Wallet,2024-02-15
5646,701.09,NetBanking,2024-02-20
2125,1530.71,Card,2024-01-21
19043,1014.85,UPI,2024-02-20
19853,203.58,Card,2024-02-02
10775,1805.12,Card,2024-01-23
17378,1100.68,Wallet,2024-01-14
15493,1245.07,Wallet,2024-01-21
13816,1137.57,NetBanking,2024-02-28
8928,1075.9,UPI,2024-01-25
18299,159.32,Wallet,2024-01-07
8667,575.39,NetBanking,2024-02-25
15973,1564.38,Card,2024-02-20
1437,241.25,Wallet,2024-03-01
6667,1599.63,Wallet,2024-02-21
26,1026.19,UPI,2024-01-24
12078,228.24,UPI,2024-02-27
15673,901.97,UPI,2024-01-30
12428,1246.83,NetBanking,2024-01-06
4686,891.55,NetBanking,2024-01-19
7976,1886.64,Card,2024-01-07
8765,908.99,UPI,2024-02-14
18607,301.56,UPI,2024-01-30
3078,754.45,UPI,2024-01-29
17637,1764.52,NetBanking,2024-01-06
5632,287.55,UPI,2024-02-24
9426,918.11,Card,2024-02-28
11502,1272.83,Card,2024-02-03
9348,1142.05,NetBanking,2024-02-12
12208,1782.14,UPI,2024-01-19
10898,1276.68,Wallet,2024-02-18
12505,1681.02,Wallet,2024-01-25
9515,389.23,NetBanking,2024-01-04
1701,1979.16,UPI,2024-01-22
4543,1387.01,Card,2024-02-26
16142,139.64,UPI,2024-02-16
8746,743.57,Wallet,2024-01-13
6700,1215.94,UPI,2024-01-15
1875,1091.86,UPI,2024-02-17
16443,1153.59,NetBanking,2024-02-03
13796,1623.97,Wallet,2024-02-11
9914,1444.6,NetBanking,2024-01-15
10738,1119.3,Card,2024-01-18
14488,615.8,NetBanking,2024-02-26
17091,1491.49,Wallet,2024-01-11
3163,368.47,Card,2024-01-30
8477,503.41,Card,2024-01-09
9621,1350.91,UPI,2024-02-26
3265,321.02,NetBanking,2024-01-31
4986,1374.43,UPI,2024-01-25
8147,1021.14,Card,2024-01-14
17492,970.8,Card,2024-01-02
10417,805.96,UPI,2024-02-10
13282,900.2,NetBanking,2024-02-01
17513,1600.9,UPI,2024-01-15
9571,1936.24,NetBanking,2024-01-09
18484,1152.96,UPI,2024-01-27
15214,1642.66,Card,2024-02-26
560,117.81,Card,2024-01-31
2728,1492.57,Wallet,2024-02-26
2132,1462.37,NetBanking,2024-02-10
19279,1087.91,Card,2024-02-22
15316,917.44,Card,2024-01-09
12846,271.94,Card,2024-01-28
16052,1886.62,Card,2024-02-21
14560,1138.06,Card,2024-01-05
1625,1087.72,UPI,2024-01-18
14000,423.74,UPI,2024-02-29
4918,521.79,NetBanking,2024-02-17
19070,1378.08,UPI,2024-02-16
18113,222.78,NetBanking,2024-02-17
4626,707.35,NetBanking,2024-02-01
13352,1049.15,Card,2024-01-04
8025,1275.19,UPI,2024-01-27
13151,1637.3,Wallet,2024-02-13
7479,1919.12,Card,2024-02-08
9679,117.57,NetBanking,2024-02-05
7139,1184.32,Card,2024-01-09
7884,1334.97,UPI,2024-02-03
3966,1440.26,UPI,2024-02-12
16115,1446.73,Card,2024-02-06
7816,589.58,UPI,2024-01-21
955,977.28,UPI,2024-02-18
16657,863.48,Card,2024-01-04
15477,487.74,Card,2024-01-15
1492,1236.38,Card,2024-02-02
15895,1607.38,Wallet,2024-02-12
3725,411.06,UPI,2024-02-20
10109,1448.97,Card,2024-01-20
7171,230.43,NetBanking,2024-02-04
17648,385.05,NetBanking,2024-01-16
10148,865.31,Wallet,2024-02-12
14073,1040.58,NetBanking,2024-02-05
19247,1347.99,UPI,2024-02-10
2631,1948.62,NetBanking,2024-02-24
13649,971.33,UPI,2024-01-23
1344,433.37,Card,2024-01-02
17571,336.78,Wallet,2024-02-17
403,1789.26,Wallet,2024-01-11
8499,1386.84,UPI,2024-01-11
15809,362.8,Card,2024-02-14
4236,1213.68,Card,2024-01-22
12503,982.21,NetBanking,2024-02-03
8106,339.6,Wallet,2024-02-12
13871,193.74,UPI,2024-02-28
18438,1951.29,NetBanking,2024-02-13
12475,1865.03,Card,2024-01-19
5602,1206.07,Card,2024-02-18
605,729.86,UPI,2024-01-05
15431,853.38,Card,2024-02-17
8358,441.21,UPI,2024-01-14
14606,1118.85,NetBanking,2024-02-05
15516,1957.09,Wallet,2024-01-31
1951,1373.67,UPI,2024-02-05
15127,1104.05,Wallet,2024-01-26
17346,147.89,Card,2024-02-15
2220,1924.31,UPI,2024-02-06
5138,182.82,NetBanking,2024-01-26
16099,1177.71,NetBanking,2024-02-16
10953,657.68,NetBanking,2024-01-14
6926,916.97,NetBanking,2024-01-04
12986,847.86,Card,2024-01-17
6460,212.63,UPI,2024-02-06
12978,758.12,UPI,2024-01-22
12455,1845.04,NetBanking,2024-02-05
10257,970.59,Card,2024-01-12
11184,1674.53,Card,2024-01-24
3529,461.69,NetBanking,2024-02-25
13471,343.34,Card,2024-01-21
1085,1055.78,NetBanking,2024-01-10
3196,615.07,Card,2024-01-03
14206,1394.19,Card,2024-02-02
13137,238.78,Wallet,2024-02-06
20000,365.75,UPI,2024-01-04
1158,1728.22,NetBanking,2024-01-19
442,1152.06,NetBanking,2024-01-14
1639,1610.78,Wallet,2024-03-01
8966,1334.64,Wallet,2024-02-03
14420,1207.68,Wallet,2024-02-18
12324,593.39,NetBanking,2024-02-01
19667,1433.02,Card,2024-02-17
6405,1791.33,NetBanking,2024-02-24
19092,2040.05,NetBanking,2024-02-11
9029,1230.35,UPI,2024-02-07
5464,488.74,Card,2024-02-08
20,1215.88,Wallet,2024-02-23
4007,171.94,UPI,2024-02-16
13629,838.6,UPI,2024-02-15
7840,1175.91,NetBanking,2024-02-11
14676,1409.31,Card,2024-01-20
11711,1160.62,NetBanking,2024-01-04
11861,1079.26,UPI,2024-01-22
2292,1006.97,Card,2024-01-25
15650,1645.82,NetBanking,2024-01-11
13726,1268.62,Card,2024-01-16
10359,1992.82,UPI,2024-02-13
18135,409.25,UPI,2024-02-28
16307,725.68,Wallet,2024-02-04
16291,1808.57,Card,2024-01-14
447,1292.3,NetBanking,2024-01-16
14004,547.47,Card,2024-01-13
14912,418.61,NetBanking,2024-01-05
16183,1580.41,Wallet,2024-01-23
13,931.46,Wallet,2024-02-12
965,528.77,UPI,2024-02-07
11522,1626.26,Wallet,2024-01-26
14089,467.15,NetBanking,2024-02-10
19112,1925.05,NetBanking,2024-01-13
15168,1023.17,Card,2024-01-07
14695,1108.66,Card,2024-01-23
113,890.23,Card,2024-02-04
18246,1302.76,NetBanking,2024-01-24
13286,1632.41,UPI,2024-02-01
15527,1093.81,UPI,2024-02-05
857,1904.35,Wallet,2024-01-20
5679,1305.11,UPI,2024-01-19
16161,1025.3,Wallet,2024-02-19
13952,1789.32,UPI,2024-01-03
4305,850.24,Wallet,2024-02-08
619,892.83,Card,2024-01-20
6672,894.74,NetBanking,2024-01-20
19517,1087.91,Wallet,2024-01-12
12833,578.34,UPI,2024-01-28
3550,687.76,UPI,2024-01-14
11371,1415.17,Wallet,2024-02-19
1090,1132.03,Card,2024-01-31
15471,500.48,Card,2024-02-01
4576,1022.36,Wallet,2024-01-19
19052,1154.41,NetBanking,2024-02-23
13666,580.05,Card,2024-01-14
16441,1047.95,NetBanking,2024-01-18
10534,1507.67,Wallet,2024-01-24
9677,398.95,Wallet,2024-02-25
4724,519.19,UPI,2024-02-09
4186,598.94,NetBanking,2024-01-24
15260,134.21,NetBanking,2024-01-07
5184,420.09,UPI,2024-02-06
15992,1345.54,NetBanking,2024-02-20
17135,764.31,UPI,2024-02-25
15862,996.06,NetBanking,2024-02-05
18879,1142.35,NetBanking,2024-01-06
16752,555.84,Card,2024-02-29
1549,659.54,Wallet,2024-01-31
5484,1735.7,Wallet,2024-02-26
5975,653.03,Wallet,2024-02-13
12726,596.03,NetBanking,2024-02-09
5424,1816.89,UPI,2024-01-04
1909,123.74,Card,2024-01-21
16431,168.79,NetBanking,2024-02-06
3268,1095.29,Wallet,2024-02-27
11430,1464.53,Card,2024-02-19
19275,643.13,Card,2024-02-20
5705,706.35,UPI,2024-01-15
5213,972.34,NetBanking,2024-02-09
17560,303.41,UPI,2024-01-17
1576,1915.98,Wallet,2024-02-25
3316,1037.22,NetBanking,2024-02-22
17555,357.89,UPI,2024-01-02
6965,680.65,Card,2024-02-01
16201,1368.51,UPI,2024-01-16
13822,115.34,NetBanking,2024-02-24
5372,1389.01,Card,2024-02-19
4800,316.49,Card,2024-01-17
9673,340.67,NetBanking,2024-02-21
4182,966.19,Card,2024-02-06
4647,676.44,Wallet,2024-02-07
8842,1783.69,NetBanking,2024-02-21
1731,882.32,Card,2024-01-29
11636,1963.57,Wallet,2024-02-27
1368,573.05,NetBanking,2024-01-24
4404,1079.64,NetBanking,2024-02-13
18499,1291.7,NetBanking,2024-01-16
500,1612.6,Wallet,2024-01-17
19589,1917.66,Card,2024-02-22
6495,1134.31,Card,2024-02-26
17811,108.52,UPI,2024-01-16
10236,1570.45,UPI,2024-02-16
9647,1551.88,Card,2024-02-05
10375,340.74,UPI,2024-02-26
19635,1627.99,Card,2024-01-25
13644,1602.16,NetBanking,2024-02-20
709,1295.98,NetBanking,2024-02-29
19103,1764.07,Card,2024-02-21
3000,1382.78,Wallet,2024-01-30
1601,200.16,UPI,2024-01-01
1306,1433.55,NetBanking,2024-01-20
6188,1120.04,Wallet,2024-02-08
18218,1504.78,UPI,2024-02-15
18473,1199.98,Card,2024-02-18
19142,1683.77,Wallet,2024-01-04
2884,464.97,Card,2024-02-24
19297,975.98,Wallet,2024-02-02
8862,1526.85,Card,2024-01-18
12191,681.18,NetBanking,2024-01-05
7420,1932.04,Card,2024-01-06
10542,1336.88,NetBanking,2024-01-26
2237,1854.67,Wallet,2024-01-13
14791,392.26,Card,2024-02-09
18864,1569.13,UPI,2024-01-15
9089,587.73,Wallet,2024-02-12
18678,866.86,NetBanking,2024-02-06
12485,186.01,Wallet,2024-02-10
18921,1121.17,NetBanking,2024-02-10
18014,786.95,NetBanking,2024-01-02
9594,394.23,Wallet,2024-02-26
1602,617.88,Card,2024-02-26
6783,1754.16,NetBanking,2024-01-15
8697,1981.32,Wallet,2024-01-15
4778,1592.68,UPI,2024-01-08
1254,644.05,NetBanking,2024-02-29
6377,1148.11,NetBanking,2024-01-24
19004,964.97,UPI,2024-01-02
3482,1161.39,Wallet,2024-02-08
4504,1460.86,NetBanking,2024-01-25
19855,541.25,NetBanking,2024-02-11
11187,903.83,UPI,2024-02-23
17591,277.82,Wallet,2024-02-16
11604,1567.37,Wallet,2024-01-16
4495,854.55,Wallet,2024-01-16
1913,918.26,Wallet,2024-01-16
12712,622.37,UPI,2024-01-25
16885,1700.02,UPI,2024-03-01
6479,630.86,Wallet,2024-01-13
470,556.01,UPI,2024-02-21
13546,1253.18,UPI,2024-02-23
8171,532.99,UPI,2024-03-01
5405,1833.3,Card,2024-01-28
14938,1531.81,Card,2024-01-26
9524,1716.92,Wallet,2024-01-31
9693,1415.83,UPI,2024-01-27
10855,648.74,Card,2024-02-02
689,428.54,Wallet,2024-01-27
13138,1209.48,NetBanking,2024-02-29
14710,1093.79,NetBanking,2024-02-26
15362,993.31,UPI,2024-01-02
11139,1769.3,Card,2024-01-08
16706,493.59,NetBanking,2024-01-14
5485,810.69,UPI,2024-01-28
1798,1825.56,Wallet,2024-01-29
12249,1078.68,NetBanking,2024-02-07
11707,428.64,UPI,2024-01-26
12879,379.78,Card,2024-02-14
11300,517.41,NetBanking,2024-02-09
10041,727.97,NetBanking,2024-01-30
9941,2156.38,UPI,2024-01-04
4380,1682.39,NetBanking,2024-02-23
18126,1080.4,Wallet,2024-01-15
4537,721.92,UPI,2024-02-13
13553,837.77,NetBanking,2024-01-06
12546,1719.22,Card,2024-02-20
2366,1534.75,NetBanking,2024-01-29
9745,454.11,Wallet,2024-02-06
17265,1545.04,Wallet,2024-02-04
14303,1977.0,NetBanking,2024-02-21
17192,1126.2,NetBanking,2024-01-09
3592,521.08,NetBanking,2024-02-20
7831,777.05,Wallet,2024-02-29
14301,538.91,Wallet,2024-02-24
15272,241.17,Card,2024-01-21
9052,199.2,Card,2024-02-26
11234,1495.96,Wallet,2024-02-25
12583,501.84,Card,2024-02-26
16233,360.65,Card,2024-02-21
19317,1384.29,Card,2024-02-04
14198,1592.0,Wallet,2024-02-13
4339,714.63,UPI,2024-01-10
1303,1000.57,UPI,2024-02-18
14783,1108.14,NetBanking,2024-02-05
10054,791.14,UPI,2024-02-05
7872,1275.19,UPI,2024-01-29
18454,243.57,UPI,2024-01-22
13769,1883.23,UPI,2024-03-01
19381,403.33,UPI,2024-02-24
10480,498.55,NetBanking,2024-02-24
16906,1415.41,UPI,2024-02-05
19711,1993.57,Card,2024-01-03
17245,1125.77,NetBanking,2024-01-12
19934,403.17,UPI,2024-01-08
11323,1849.18,UPI,2024-02-08
8361,918.43,NetBanking,2024-01-23
1132,191.22,NetBanking,2024-02-15
7488,744.02,UPI,2024-02-28
18341,1102.73,NetBanking,2024-02-07
4822,1018.91,NetBanking,2024-01-31
15472,989.43,NetBanking,2024-02-17
16127,688.83,Card,2024-01-03
13527,1794.31,Card,2024-02-12
10763,1478.85,Wallet,2024-02-03
18390,852.87,Card,2024-01-26
12206,1470.84,Wallet,2024-02-23
18808,1302.93,Wallet,2024-01-15
3983,1570.86,Card,2024-02-14
2110,255.47,UPI,2024-01-24
18725,387.62,Wallet,2024-01-10
9618,560.34,NetBanking,2024-02-21
17548,1204.17,UPI,2024-01-22
6283,1281.61,Wallet,2024-02-01
5239,648.98,UPI,2024-01-31
16945,1492.45,Card,2024-02-25
12640,1515.77,Wallet,2024-02-27
8076,874.35,UPI,2024-01-26
3161,407.76,NetBanking,2024-02-27
11928,849.42,UPI,2024-01-04
14715,1961.76,Card,2024-02-26
11305,1135.48,UPI,2024-01-15
10801,1954.57,UPI,2024-01-10
9498,1026.6,Card,2024-01-16
3656,136.91,NetBanking,2024-01-01
13583,780.69,NetBanking,2024-02-22
7135,573.34,Wallet,2024-02-05
6011,644.44,NetBanking,2024-01-08
10451,1519.61,Card,2024-02-02
17288,1716.57,UPI,2024-01-22
171,1430.56,UPI,2024-01-12
11777,892.34,UPI,2024-02-10
1192,1775.59,Wallet,2024-01-30
14479,1047.25,Card,2024-01-05
2603,1606.75,Wallet,2024-02-03
9872,1082.51,Wallet,2024-02-07
17077,1796.48,UPI,2024-02-12
19612,474.85,Wallet,2024-01-01
9898,1198.06,UPI,2024-01-26
13211,108.18,NetBanking,2024-01-23
12081,301.63,UPI,2024-02-17
1145,1806.88,Card,2024-01-07
2178,831.94,Wallet,2024-02-09
11287,539.26,Card,2024-02-27
10688,556.34,Wallet,2024-02-28
8338,1297.07,NetBanking,2024-02-02
18545,474.84,Card,2024-03-01
17023,1886.16,Wallet,2024-02-24
9575,1073.87,UPI,2024-02-17
912,449.88,NetBanking,2024-02-03
1775,1787.52,UPI,2024-02-27
8262,1450.51,Card,2024-02-22
8687,950.35,Card,2024-02-22
15470,829.03,Card,2024-02-13
11582,263.0,UPI,2024-01-27
17652,1206.98,UPI,2024-01-18
14668,151.13,UPI,2024-02-17
6981,621.85,UPI,2024-02-23
14311,1012.21,Card,2024-01-22
1445,102.02,Card,2024-01-18
8426,1768.54,UPI,2024-02-10
5336,1244.98,UPI,2024-01-09
8592,1579.2,UPI,2024-02-13
18097,1521.84,Wallet,2024-02-23
18308,1035.66,UPI,2024-02-15
18201,487.17,NetBanking,2024-02-02
9247,293.07,NetBanking,2024-01-16
12570,807.73,UPI,2024-01-05
8556,1108.56,UPI,2024-01-01
8421,1618.3,Card,2024-02-22
4148,1179.14,Card,2024-01-26
7568,352.23,Wallet,2024-02-24
17766,1012.39,Wallet,2024-02-23
17247,1570.65,Wallet,2024-01-21
9848,1815.53,UPI,2024-01-21
1138,1711.63,Wallet,2024-01-14
14404,385.29,Card,2024-01-12
16138,247.31,UPI,2024-02-06
2886,436.73,UPI,2024-01-06
10745,318.34,NetBanking,2024-02-03
788,742.73,Card,2024-02-04
5417,898.24,Card,2024-01-15
19841,176.76,Card,2024-01-07
8269,1868.94,UPI,2024-02-04
15561,1454.32,Card,2024-01-05
4252,297.45,UPI,2024-01-29
4220,272.8,Wallet,2024-01-31
18265,399.53,UPI,2024-01-04
13951,1987.13,NetBanking,2024-01-25
18685,558.44,UPI,2024-01-02
2306,1788.39,Card,2024-01-25
7093,635.28,UPI,2024-02-13
7615,1563.28,Card,2024-01-31
9209,771.19,NetBanking,2024-01-19
19244,1366.64,Card,2024-01-17
5075,1749.58,Wallet,2024-01-14
15537,626.65,Wallet,2024-02-14
6864,499.96,Card,2024-01-15
6515,1699.31,UPI,2024-02-22
9226,208.39,Card,2024-02-13
9307,167.44,NetBanking,2024-02-04
351,1285.1,Wallet,2024-02-27
1001,194.49,NetBanking,2024-02-04
19327,959.42,NetBanking,2024-02-06
9730,1084.28,NetBanking,2024-02-16
19868,989.33,Card,2024-02-03
7004,1724.25,Card,2024-01-29
4157,887.38,Wallet,2024-01-11
9456,1376.87,Card,2024-02-16
19170,1411.2,Wallet,2024-02-23
11381,760.58,NetBanking,2024-02-23
9837,1344.44,Wallet,2024-02-18
14559,1537.59,Card,2024-02-19
15060,786.54,UPI,2024-02-22
17762,391.35,NetBanking,2024-01-08
12572,1172.01,Wallet,2024-01-30
15559,1831.99,UPI,2024-02-14
10305,1849.07,Wallet,2024-01-26
7070,1614.89,Card,2024-01-14
8397,1464.7,Card,2024-02-14
10284,198.7,UPI,2024-01-14
6921,798.11,UPI,2024-02-20
5355,1514.83,UPI,2024-02-07
15270,1240.15,UPI,2024-02-02
471,1577.72,Wallet,2024-02-19
5067,1419.82,NetBanking,2024-02-23
17939,368.86,Card,2024-01-03
4082,604.88,Wallet,2024-02-10
5554,1105.95,NetBanking,2024-01-13
1735,1249.68,Card,2024-01-20
17074,1192.07,NetBanking,2024-02-16
2617,1619.97,Card,2024-02-21
5200,316.31,Card,2024-01-24
4535,1086.28,NetBanking,2024-02-25
7517,568.63,NetBanking,2024-02-23
8169,1193.74,Card,2024-02-21
16797,294.65,NetBanking,2024-01-30
18486,1238.57,Wallet,2024-01-21
10679,1866.65,NetBanking,2024-01-20
19759,1985.85,UPI,2024-01-07
2015,1809.54,Card,2024-02-19
8892,464.61,UPI,2024-02-11
5278,1924.32,Card,2024-01-25
318,1428.89,UPI,2024-01-26
19801,1555.24,NetBanking,2024-03-01
5537,1266.22,Wallet,2024-02-05
3284,1328.74,Card,2024-02-25
19482,1428.36,Card,2024-02-01
6643,1211.6,NetBanking,2024-01-17
14985,725.29,UPI,2024-03-01
492,971.25,Wallet,2024-02-16
17784,291.88,Wallet,2024-01-29
16545,1801.83,Wallet,2024-02-14
6052,821.6,Card,2024-01-31
12490,1980.71,Wallet,2024-01-26
1454,441.44,NetBanking,2024-01-22
13337,551.87,Card,2024-02-15
2165,412.84,Card,2024-01-29
18551,1966.13,UPI,2024-02-08
10973,200.78,Wallet,2024-02-11
2649,866.65,UPI,2024-01-19
13410,188.27,NetBanking,2024-01-20
7741,1455.51,Wallet,2024-02-26
4973,309.33,NetBanking,2024-01-29
9161,458.51,Wallet,2024-02-14
16499,600.11,UPI,2024-01-24
12320,173.02,Wallet,2024-01-21
7362,1983.65,NetBanking,2024-02-22
15520,1706.86,Card,2024-02-09
2210,1788.97,UPI,2024-02-26
10920,1647.38,Card,2024-02-09
9980,1527.02,UPI,2024-01-13
8317,1549.01,UPI,2024-01-21
8097,713.84,NetBanking,2024-01-12
3754,1522.09,UPI,2024-01-17
14126,1990.19,UPI,2024-02-29
13460,906.5,NetBanking,2024-01-28
18152,619.86,Wallet,2024-02-19
7916,197.7,NetBanking,2024-02-04
1163,691.63,Wallet,2024-02-13
5739,1836.11,UPI,2024-02-21
12134,1832.15,Wallet,2024-01-05
11455,1512.5,Wallet,2024-02-15
16106,2215.14,NetBanking,2024-01-23
8249,1991.78,UPI,2024-02-17
16900,852.16,Card,2024-02-15
17511,1045.2,UPI,2024-01-09
15161,1813.55,Card,2024-01-26
2216,1095.22,Wallet,2024-01-22
16986,1626.42,Card,2024-02-03
2780,1052.81,Card,2024-01-09
1762,332.5,Card,2024-02-22
6994,1330.41,NetBanking,2024-01-07
8654,978.1,Card,2024-03-01
18875,1965.43,UPI,2024-01-21
2005,1963.81,Wallet,2024-01-27
2845,1479.74,Card,2024-01-29
7956,1339.28,Card,2024-02-20
17241,1408.53,Wallet,2024-01-29
19316,218.03,UPI,2024-02-26
7692,1773.55,Card,2024-02-15
19885,853.31,Wallet,2024-02-16
18040,1483.94,Wallet,2024-02-26
13586,223.41,NetBanking,2024-01-18
15761,1323.61,Wallet,2024-02-11
18511,1720.8,Card,2024-01-31
6572,609.02,NetBanking,2024-01-31
9488,762.88,Wallet,2024-01-12
13615,1132.73,Wallet,2024-01-22
8674,422.84,Wallet,2024-01-20
6375,177.51,Wallet,2024-02-24
4170,532.72,NetBanking,2024-01-20
13569,1672.43,Card,2024-02-13
13718,1736.1,Card,2024-01-15
17842,1777.13,NetBanking,2024-01-13
7672,592.06,Card,2024-02-07
19281,1284.02,UPI,2024-02-23
14145,1222.68,Card,2024-02-14
15666,1395.85,Card,2024-01-27
8779,1096.91,NetBanking,2024-02-25
19345,1707.53,UPI,2024-02-22
12162,921.26,Wallet,2024-01-26
18457,1749.74,Wallet,2024-01-15
19456,153.21,UPI,2024-01-08
1041,1075.6,Wallet,2024-01-02
4031,614.21,Card,2024-02-08
12852,1638.9,Wallet,2024-01-20
3527,883.76,Wallet,2024-02-20
18021,1513.52,UPI,2024-02-23
14490,1562.77,Card,2024-02-04
4030,650.24,NetBanking,2024-02-28
13126,282.41,UPI,2024-01-31
254,977.93,Wallet,2024-02-11
7707,1950.83,NetBanking,2024-01-11
9163,1252.65,UPI,2024-01-24
3858,298.94,NetBanking,2024-01-29
12410,1396.63,NetBanking,2024-01-29
16680,787.52,UPI,2024-01-10
18960,1630.26,NetBanking,2024-01-09
5921,858.96,Card,2024-01-20
13067,1705.73,NetBanking,2024-02-15
7554,298.55,Card,2024-02-27
10755,943.89,Wallet,2024-02-21
4376,425.73,NetBanking,2024-01-04
711,1130.13,Card,2024-01-30
14659,1899.23,Wallet,2024-03-01
6765,222.44,Card,2024-02-11
7918,849.14,UPI,2024-02-06
658,1384.36,UPI,2024-01-01
16140,1799.12,Card,2024-01-09
17200,1511.16,Card,2024-01-10
1788,539.99,Card,2024-01-17
6187,577.39,UPI,2024-01-21
5860,1494.48,Card,2024-01-03
16670,1103.34,NetBanking,2024-01-31
15989,216.08,Card,2024-02-16
10873,1646.14,UPI,2024-01-25
6956,714.16,Wallet,2024-02-29
2693,134.94,Wallet,2024-02-09
10276,1806.71,NetBanking,2024-01-02
10747,553.0,UPI,2024-01-31
17502,139.73,Card,2024-02-18
17305,1537.34,Wallet,2024-01-03
3032,1720.58,NetBanking,2024-02-13
11243,357.71,NetBanking,2024-01-29
6233,115.13,Wallet,2024-01-28
18690,333.09,Card,2024-02-29
8079,1408.17,NetBanking,2024-02-06
7197,1046.6,UPI,2024-01-21
13094,388.62,Wallet,2024-01-23
8433,610.79,Wallet,2024-02-19
9649,161.62,NetBanking,2024-01-02
64,208.43,NetBanking,2024-01-27
17704,123.29,Wallet,2024-01-04
3675,1396.08,Card,2024-01-12
11927,1603.87,Card,2024-02-01
2736,569.8,UPI,2024-02-19
15350,1943.67,Wallet,2024-01-26
17556,775.63,Card,2024-02-14
8509,245.31,NetBanking,2024-02-18
1488,1112.6,Wallet,2024-02-10
14914,1324.46,Card,2024-01-25
8572,741.17,Wallet,2024-02-26
6589,775.46,Card,2024-01-18
14429,332.81,UPI,2024-01-31
549,1626.24,Card,2024-02-25
12925,1073.12,Wallet,2024-01-26
11528,1140.62,Wallet,2024-02-06
8621,347.15,UPI,2024-02-05
3944,1790.57,NetBanking,2024-01-12
12701,897.27,NetBanking,2024-01-21
11450,112.33,Card,2024-02-06
9952,1288.91,UPI,2024-02-18
11950,1378.59,NetBanking,2024-01-19
10665,581.85,NetBanking,2024-01-18
3796,1102.79,Wallet,2024-02-27
42,321.46,NetBanking,2024-02-14
3534,1960.03,Card,2024-02-10
19423,1284.77,Card,2024-01-16
5439,546.51,Card,2024-01-24
10985,485.3,Wallet,2024-02-16
6216,762.43,UPI,2024-01-27
14980,1411.85,Card,2024-01-17
6929,739.79,Wallet,2024-01-04
8570,801.26,NetBanking,2024-01-31
1120,106.44,UPI,2024-01-06
10116,832.12,NetBanking,2024-02-18
10670,806.48,Card,2024-02-02
8523,993.35,UPI,2024-01-26
16865,1326.62,Wallet,2024-02-04
7408,1270.75,NetBanking,2024-01-20
12334,265.51,UPI,2024-01-18
11661,1884.37,Card,2024-02-18
5897,1554.89,Card,2024-01-25
2940,1263.19,Card,2024-02-29
2377,1739.95,Wallet,2024-02-26
8910,1611.99,Wallet,2024-01-10
8264,1133.2,Wallet,2024-01-05
7901,1467.01,UPI,2024-02-23
5382,1200.49,Card,2024-01-07
4715,222.83,NetBanking,2024-01-20
16546,347.84,NetBanking,2024-02-07
4490,278.69,NetBanking,2024-01-15
13806,120.52,UPI,2024-02-12
1106,305.33,NetBanking,2024-02-25
19963,1329.95,Card,2024-01-27
17639,296.51,UPI,2024-01-19
8019,1613.26,NetBanking,2024-02-15
19649,1946.32,NetBanking,2024-02-09
4553,752.15,Card,2024-03-01
3595,1681.51,UPI,2024-02-15
12713,1855.89,Card,2024-01-31
17204,1660.36,Card,2024-02-28
13278,174.38,Card,2024-01-31
8085,117.43,Card,2024-01-09
7986,1939.36,Card,2024-02-08
725,1144.68,NetBanking,2024-02-22
15825,1976.81,UPI,2024-01-09
13613,361.75,NetBanking,2024-01-01
6611,999.64,NetBanking,2024-01-03
15016,455.63,Card,2024-01-07
11447,1170.44,UPI,2024-02-10
15336,796.42,NetBanking,2024-01-10
4194,1529.49,Wallet,2024-02-02
3128,668.28,Card,2024-02-20
16570,1744.63,NetBanking,2024-01-15
2721,371.26,Card,2024-01-30
1444,1850.15,Card,2024-02-23
18591,755.78,Wallet,2024-02-02
3435,268.89,NetBanking,2024-01-05
4329,666.18,UPI,2024-01-12
10700,1191.17,Wallet,2024-02-05
3700,510.34,UPI,2024-01-25
1622,1051.07,Card,2024-01-15
14646,1012.2,NetBanking,2024-02-22
10130,1217.31,NetBanking,2024-01-08
12693,1481.78,Wallet,2024-02-06
1284,731.33,Card,2024-02-04
19266,1087.41,Card,2024-01-30
9277,853.02,Wallet,2024-01-21
15512,1785.17,UPI,2024-02-21
14685,1314.8,Card,2024-01-08
9966,1912.24,UPI,2024-01-06
2926,1648.57,NetBanking,2024-01-21
16500,1204.27,Card,2024-01-10
3518,1973.82,UPI,2024-02-01
13564,1170.71,Wallet,2024-01-23
6100,786.72,NetBanking,2024-01-02
18284,1201.64,Card,2024-02-10
13883,845.98,UPI,2024-01-08
266,376.95,NetBanking,2024-02-29
6537,1749.71,Wallet,2024-01-29
7985,979.48,UPI,2024-02-04
13523,1449.5,UPI,2024-02-09
10410,272.74,Card,2024-02-16
18562,2130.49,Card,2024-02-09
9937,1686.52,UPI,2024-01-31
7569,1167.98,UPI,2024-01-12
3597,1955.44,NetBanking,2024-01-23
11168,1553.71,Card,2024-02-29
7764,429.76,Card,2024-02-10
3368,574.3,UPI,2024-01-18
16376,1996.68,Card,2024-01-24
5353,491.64,Card,2024-01-05
1809,946.16,Wallet,2024-01-24
550,729.11,Card,2024-02-23
10682,998.45,Card,2024-03-01
17196,896.7,Wallet,2024-02-23
14048,140.45,Wallet,2024-02-01
13050,1825.66,UPI,2024-02-16
2843,1185.05,Card,2024-01-13
19324,1681.07,NetBanking,2024-01-09
17658,1395.53,Card,2024-02-15
2224,571.93,UPI,2024-02-11
5944,1785.91,UPI,2024-01-11
15575,134.22,NetBanking,2024-01-30
8849,1300.79,Wallet,2024-02-27
4661,1095.93,UPI,2024-02-07
17923,883.57,Wallet,2024-01-19
3356,1151.51,Card,2024-02-04
703,1947.89,UPI,2024-01-15
19739,350.52,UPI,2024-01-03
7784,171.57,NetBanking,2024-01-20
15306,663.63,UPI,2024-01-26
7034,1253.41,NetBanking,2024-01-02
6630,1448.05,UPI,2024-01-18
18783,1120.59,Wallet,2024-02-10
10712,186.71,UPI,2024-01-26
15544,143.81,NetBanking,2024-01-23
16423,1431.2,Wallet,2024-02-09
3483,1936.13,UPI,2024-01-21
14808,1485.1,NetBanking,2024-01-02
14436,903.58,Wallet,2024-02-21
612,546.56,NetBanking,2024-02-26
19681,1311.37,Card,2024-02-23
5773,1625.68,Wallet,2024-01-17
12870,395.7,NetBanking,2024-01-20
700,1984.58,NetBanking,2024-01-19
476,917.67,Card,2024-01-18
4367,1762.09,Wallet,2024-03-01
15916,1351.26,Card,2024-02-12
8869,1421.29,Card,2024-02-16
9968,930.19,Wallet,2024-01-08
15070,159.51,Card,2024-02-03
12595,1160.86,Card,2024-01-21
13609,356.44,Wallet,2024-02-27
14988,1156.18,Wallet,2024-02-24
15777,1448.47,NetBanking,2024-01-12
18188,745.12,UPI,2024-01-08
15159,709.13,NetBanking,2024-02-04
6374,449.97,Wallet,2024-02-08
17103,666.41,Card,2024-02-16
176,212.97,NetBanking,2024-02-07
14670,1629.16,Wallet,2024-01-31
10288,859.76,NetBanking,2024-01-16
9927,1090.19,Wallet,2024-01-09
10764,1146.96,UPI,2024-02-17
3651,826.63,Wallet,2024-01-25
6153,1188.88,UPI,2024-02-23
6461,466.17,Wallet,2024-02-17
13752,299.21,Card,2024-01-05
12195,1586.19,NetBanking,2024-01-20
1490,630.75,NetBanking,2024-01-25
480,636.54,Card,2024-02-12
2720,1048.0,NetBanking,2024-01-28
3095,1784.79,Card,2024-01-18
6939,577.36,Card,2024-01-03
3332,1596.05,UPI,2024-02-07
2203,1175.32,UPI,2024-01-14
19827,1942.88,Wallet,2024-02-14
14369,1883.71,Card,2024-02-13
11885,1913.6,Card,2024-01-28
13709,1036.45,NetBanking,2024-02-07
3616,797.73,Card,2024-02-09
13858,1252.71,UPI,2024-01-01
5350,1769.49,UPI,2024-02-13
185,1039.48,Card,2024-01-25
6962,518.33,UPI,2024-01-23
19765,1283.24,Wallet,2024-02-06
19053,790.6,Wallet,2024-03-01
217,1186.14,NetBanking,2024-02-03
13422,793.25,Card,2024-01-27
2240,897.42,Wallet,2024-01-26
7547,498.76,UPI,2024-01-10
18333,1159.57,Wallet,2024-01-21
2061,907.07,NetBanking,2024-01-04
8649,537.9,Card,2024-02-03
12147,1529.32,Wallet,2024-01-16
17528,1742.49,UPI,2024-01-13
884,824.76,Card,2024-01-18
1405,797.67,UPI,2024-01-21
5370,505.95,NetBanking,2024-01-30
1065,1263.15,UPI,2024-02-15
15974,617.52,Card,2024-01-04
968,445.4,NetBanking,2024-01-20
15446,221.11,NetBanking,2024-01-23
18440,742.56,Wallet,2024-02-09
5132,469.33,UPI,2024-02-02
11107,412.01,Card,2024-01-08
17904,542.3,Wallet,2024-02-07
18769,1845.48,NetBanking,2024-02-22
9784,1550.36,Wallet,2024-02-11
4306,1758.94,Wallet,2024-02-22
1339,543.87,UPI,2024-02-24
6775,1670.53,Wallet,2024-02-15
2514,881.09,Wallet,2024-02-09
18553,1601.5,Wallet,2024-01-27
2901,1799.14,UPI,2024-02-12
11073,1826.28,Wallet,2024-02-20
12154,1741.79,UPI,2024-02-19
9950,1411.75,UPI,2024-02-07
3286,1954.43,NetBanking,2024-02-25
10248,629.51,Wallet,2024-01-17
10790,239.12,UPI,2024-01-05
5433,513.94,Card,2024-01-24
5082,458.59,NetBanking,2024-02-18
19200,108.89,Card,2024-02-01
3178,1107.39,UPI,2024-01-03
4838,1037.21,NetBanking,2024-02-29
17459,1728.29,Card,2024-02-25
16995,1484.87,Wallet,2024-01-02
12037,605.48,NetBanking,2024-01-30
16794,858.43,Card,2024-01-18
16946,577.82,NetBanking,2024-01-06
1403,851.64,NetBanking,2024-01-29
7949,1821.75,UPI,2024-02-19
7124,1584.66,Card,2024-03-01
13911,1371.35,NetBanking,2024-02-07
7590,1472.77,NetBanking,2024-01-23
19310,744.44,UPI,2024-01-03
3330,660.57,Card,2024-02-25
17918,1919.44,UPI,2024-01-08
14032,1858.91,UPI,2024-01-15
9864,806.6,UPI,2024-02-19
1422,351.15,Wallet,2024-01-16
8758,1779.92,Card,2024-01-23
2549,636.43,Card,2024-01-16
3974,1832.44,Card,2024-02-13
15281,1398.19,NetBanking,2024-02-23
1091,1653.21,Wallet,2024-01-23
12525,1834.2,NetBanking,2024-02-22
4152,1246.81,NetBanking,2024-01-07
3868,578.09,Card,2024-01-06
11827,1062.91,UPI,2024-01-26
13517,307.07,UPI,2024-02-20
3243,1161.39,Card,2024-02-10
1206,1971.44,Wallet,2024-02-20
13722,323.68,Wallet,2024-02-20
18071,909.19,UPI,2024-02-13
7030,577.56,Card,2024-02-26
12584,507.54,UPI,2024-02-16
19864,1180.84,UPI,2024-01-17
18036,1274.97,Card,2024-02-27
17971,1581.88,UPI,2024-01-25
11840,1824.98,Card,2024-02-06
11279,564.56,NetBanking,2024-01-22
4429,603.61,UPI,2024-02-11
19062,1890.41,Card,2024-02-28
11146,1341.6,NetBanking,2024-02-02
2686,412.13,UPI,2024-01-31
15698,1168.27,Card,2024-02-19
4377,1305.76,UPI,2024-03-01
17087,1623.34,NetBanking,2024-01-01
12826,1230.38,UPI,2024-02-28
3301,1537.01,UPI,2024-02-20
3324,1744.62,Wallet,2024-02-04
12803,354.77,Card,2024-01-13
12340,488.33,Wallet,2024-02-06
11473,909.59,UPI,2024-03-01
9407,1483.64,Wallet,2024-02-18
18436,962.7,Card,2024-02-04
302,1178.12,Wallet,2024-01-12
11027,329.17,NetBanking,2024-02-29
12529,1656.03,NetBanking,2024-02-14
4292,293.61,UPI,2024-01-02
4291,536.17,Wallet,2024-01-08
9180,499.93,NetBanking,2024-01-21
3816,797.24,Wallet,2024-01-06
4660,240.59,Card,2024-02-24
7196,1443.67,NetBanking,2024-01-10
5743,1690.85,Wallet,2024-01-26
5820,736.47,NetBanking,2024-01-01
4759,900.45,NetBanking,2024-01-05
18706,1147.84,Card,2024-01-28
11867,837.4,Card,2024-01-09
1053,297.12,Card,2024-02-17
1229,887.61,Card,2024-02-24
11866,112.47,Card,2024-02-15
3327,1379.38,NetBanking,2024-02-24
18543,763.98,Card,2024-02-11
11759,346.82,UPI,2024-01-27
9223,1678.72,UPI,2024-02-04
14682,1286.18,NetBanking,2024-01-11
6553,132.3,Wallet,2024-02-15
5609,1525.59,NetBanking,2024-01-17
5452,1209.55,Card,2024-01-18
6732,375.52,Card,2024-01-18
10493,526.44,NetBanking,2024-01-11
7430,1974.3,Wallet,2024-02-25
2464,304.92,Wallet,2024-01-11
2384,784.73,Wallet,2024-01-13
13273,859.41,UPI,2024-01-13
4540,421.59,Card,2024-02-20
9755,733.37,Card,2024-01-18
14374,1530.42,Wallet,2024-01-12
4045,977.65,UPI,2024-02-22
8705,714.52,Card,2024-02-26
16972,1913.4,Card,2024-02-13
13938,1961.33,Wallet,2024-01-19
14383,1719.74,Wallet,2024-02-14
9846,1497.58,NetBanking,2024-02-15
8077,910.73,Wallet,2024-01-28
4153,1645.36,Wallet,2024-01-24
15468,408.48,UPI,2024-02-11
1212,205.67,NetBanking,2024-01-11
6340,1334.86,Wallet,2024-02-11
10625,955.62,Card,2024-01-12
10482,620.59,UPI,2024-02-18
7941,1826.72,Card,2024-02-22
19948,361.29,UPI,2024-01-20
757,1887.56,NetBanking,2024-01-01
11231,1169.72,UPI,2024-02-14
4816,1692.54,NetBanking,2024-01-25
15231,1117.79,NetBanking,2024-01-04
562,692.94,Wallet,2024-01-19
13490,1119.92,Card,2024-01-06
8594,524.54,Wallet,2024-02-12
19848,838.01,NetBanking,2024-01-16
18414,371.11,Wallet,2024-02-05
17376,601.44,Card,2024-02-01
14382,1876.04,Wallet,2024-01-20
2329,1944.06,NetBanking,2024-01-14
4437,289.52,UPI,2024-02-05
8185,190.73,Card,2024-03-01
12955,830.19,Wallet,2024-01-08
11001,1124.06,Card,2024-02-10
15749,367.54,Wallet,2024-01-22
16010,172.95,Wallet,2024-02-20
12516,1832.32,UPI,2024-02-11
16304,1608.04,Card,2024-02-07
1436,1850.74,UPI,2024-02-16
1143,579.17,NetBanking,2024-01-18
1573,1221.31,Wallet,2024-02-23
10788,599.62,UPI,2024-01-09
10904,1206.57,UPI,2024-01-13
11743,1377.59,Card,2024-02-10
1914,173.64,Card,2024-02-16
9141,1992.81,Card,2024-01-24
12289,971.96,Card,2024-01-31
14907,900.92,Card,2024-02-22
5233,1889.1,UPI,2024-02-06
3240,1779.76,UPI,2024-01-04
19209,190.8,NetBanking,2024-02-14
16058,1964.95,NetBanking,2024-02-12
5523,1471.12,UPI,2024-01-11
12493,1561.97,Card,2024-01-05
7504,1748.04,Wallet,2024-01-06
17643,1746.65,UPI,2024-02-09
4061,1603.1,NetBanking,2024-02-10
7483,221.32,Card,2024-01-18
10091,365.8,Wallet,2024-02-21
7291,1086.63,Card,2024-01-16
4213,1020.62,NetBanking,2024-01-22
19562,1600.76,Wallet,2024-02-21
15765,1209.96,Wallet,2024-01-21
14854,1687.32,Card,2024-02-04
15589,1048.89,NetBanking,2024-01-22
15796,795.71,Wallet,2024-01-20
11355,1256.28,NetBanking,2024-02-15
1298,643.44,UPI,2024-01-27
7342,1880.12,NetBanking,2024-01-23
1117,386.88,NetBanking,2024-01-13
5366,744.77,UPI,2024-02-28
1705,1021.4,Card,2024-02-20
13201,1789.19,Card,2024-01-15
19918,780.65,NetBanking,2024-02-21
17816,1640.12,Wallet,2024-01-12
14727,1871.0,NetBanking,2024-02-29
19601,1449.69,Card,2024-02-14
19286,1864.8,UPI,2024-01-29
18052,1915.92,Wallet,2024-02-08
3164,1975.7,NetBanking,2024-01-23
5677,1270.95,NetBanking,2024-02-21
17458,1179.12,Card,2024-01-04
16321,1246.67,Wallet,2024-01-15
10863,1454.65,Wallet,2024-02-13
6544,1880.69,Wallet,2024-02-27
829,617.95,Card,2024-02-17
19437,181.88,Wallet,2024-01-27
329,1023.78,NetBanking,2024-02-29
19998,1549.46,Wallet,2024-02-29
14609,394.85,Wallet,2024-02-09
3050,324.93,NetBanking,2024-01-21
5912,1491.65,NetBanking,2024-02-04
14903,419.9,UPI,2024-03-01
10694,964.09,Card,2024-01-01
18989,1659.42,Wallet,2024-02-06
13820,455.54,UPI,2024-01-25
7756,836.29,Wallet,2024-02-18
10169,1692.1,UPI,2024-02-10
10015,599.65,UPI,2024-01-16
19499,723.58,UPI,2024-01-25
14977,1667.75,Wallet,2024-02-27
10440,1607.7,Card,2024-01-06
17710,363.53,Card,2024-02-22
9245,504.22,NetBanking,2024-02-10
5904,513.69,Card,2024-01-15
6170,374.24,NetBanking,2024-01-10
7996,1489.54,Card,2024-02-13
4269,1525.62,Wallet,2024-02-22
8521,1409.73,NetBanking,2024-01-01
5363,1618.73,Wallet,2024-01-23
19434,354.91,Wallet,2024-02-09
9418,1660.38,Card,2024-01-30
17157,201.52,UPI,2024-01-28
3443,1570.12,UPI,2024-01-28
9020,1492.89,UPI,2024-01-29
12979,948.19,NetBanking,2024-01-21
2343,1422.39,NetBanking,2024-01-02
2260,307.55,Card,2024-02-05
18307,576.25,Card,2024-01-15
2664,469.33,UPI,2024-01-14
14125,1648.65,NetBanking,2024-02-29
8146,602.93,Card,2024-02-26
19999,635.85,Wallet,2024-02-29
5790,477.1,UPI,2024-02-11
728,1218.81,Wallet,2024-01-06
1996,1363.77,UPI,2024-02-06
12009,235.71,UPI,2024-01-21
19407,1467.75,UPI,2024-01-27
9775,969.78,Wallet,2024-02-29
431,752.82,UPI,2024-01-29
5016,1431.78,Card,2024-02-16
16982,1383.7,Wallet,2024-02-02
2440,483.92,NetBanking,2024-01-23
2536,811.4,UPI,2024-02-13
19385,382.08,Card,2024-02-01
10226,1541.83,Card,2024-01-30
1096,739.56,Wallet,2024-01-20
18098,588.79,UPI,2024-01-01
11964,1366.49,Wallet,2024-01-02
11480,1659.08,Card,2024-01-30
4249,1939.16,Wallet,2024-01-06
13535,770.06,Wallet,2024-02-18
2134,1661.78,NetBanking,2024-02-22
19277,1260.77,Card,2024-01-28
15887,500.84,Card,2024-02-26
10778,1317.42,UPI,2024-02-11
3042,347.05,Wallet,2024-02-01
17830,735.49,UPI,2024-02-16
19615,1886.69,Card,2024-01-23
4102,1073.74,NetBanking,2024-01-11
13309,170.7,Card,2024-01-25
6060,1523.76,UPI,2024-02-01
4446,1838.64,Wallet,2024-03-01
14779,1409.18,UPI,2024-01-13
15210,1807.27,UPI,2024-02-18
12014,157.38,NetBanking,2024-01-19
3941,909.78,UPI,2024-02-05
13725,218.06,NetBanking,2024-01-29
8385,1773.1,NetBanking,2024-01-14
8918,1180.58,Card,2024-02-18
3731,1516.51,Card,2024-01-14
5910,1312.56,Card,2024-01-04
4385,858.69,UPI,2024-02-16
3222,194.02,NetBanking,2024-03-01
6774,883.26,Card,2024-02-01
11029,389.98,NetBanking,2024-03-01
5834,1095.25,NetBanking,2024-01-08
14035,563.76,Wallet,2024-02-16
4948,1514.25,Wallet,2024-02-11
5070,667.02,UPI,2024-01-11
18649,456.92,Card,2024-02-13
15203,1967.99,NetBanking,2024-02-25
19228,1917.26,UPI,2024-02-18
2814,1913.58,NetBanking,2024-01-07
14529,359.09,UPI,2024-01-04
7577,1485.9,UPI,2024-02-18
5613,1655.98,Card,2024-01-24
1789,1944.34,NetBanking,2024-01-05
1950,1587.16,Wallet,2024-02-25
1907,997.42,UPI,2024-01-15
16722,397.71,UPI,2024-01-09
17708,333.11,Wallet,2024-02-04
6376,1460.48,UPI,2024-01-24
1532,732.63,UPI,2024-01-19
4716,1046.34,Wallet,2024-01-28
16243,622.02,NetBanking,2024-01-13
15547,1165.18,Card,2024-01-12
1805,982.66,NetBanking,2024-03-01
11285,832.16,UPI,2024-01-05
10260,797.18,UPI,2024-02-17
18741,670.8,Card,2024-02-25
11915,938.58,UPI,2024-01-22
3,1271.92,Card,2024-01-29
15386,1864.66,Wallet,2024-02-19
17442,1707.0,Wallet,2024-02-02
2219,980.63,NetBanking,2024-01-23
6269,345.7,Wallet,2024-01-03
13084,665.93,UPI,2024-01-02
13819,1878.31,Card,2024-02-20
963,688.51,UPI,2024-01-14
18311,841.92,UPI,2024-01-26
6284,360.59,NetBanking,2024-02-28
13787,1547.04,UPI,2024-01-22
17579,360.47,NetBanking,2024-02-09
14894,1658.27,UPI,2024-01-21
16641,1445.18,UPI,2024-02-27
19056,1050.97,UPI,2024-02-17
8884,1474.65,NetBanking,2024-02-02
16690,119.46,Wallet,2024-01-26
17523,1445.16,UPI,2024-02-29
8087,723.85,Card,2024-02-07
5287,1110.96,NetBanking,2024-02-20
15190,146.3,UPI,2024-01-06
17005,347.53,Card,2024-02-23
6232,944.52,Wallet,2024-02-05
17063,924.34,NetBanking,2024-01-26
10090,480.75,NetBanking,2024-02-09
10961,1794.63,NetBanking,2024-02-25
6195,1616.77,NetBanking,2024-01-16
16175,819.27,NetBanking,2024-02-12
9318,1721.03,UPI,2024-01-27
16850,1324.22,Wallet,2024-02-07
15226,1537.84,UPI,2024-02-22
13005,224.47,UPI,2024-01-17
10127,859.27,NetBanking,2024-02-23
18742,1638.83,Wallet,2024-01-06
11137,620.27,Card,2024-01-27
18518,1532.53,NetBanking,2024-01-29
17624,1110.66,NetBanking,2024-01-20
4095,1300.29,NetBanking,2024-01-26
6639,202.17,NetBanking,2024-01-03
17980,633.99,NetBanking,2024-02-16
13085,1201.17,NetBanking,2024-03-01
734,432.01,Wallet,2024-01-03
4169,1367.44,NetBanking,2024-02-29
3955,395.48,Card,2024-02-01
3533,1543.29,Wallet,2024-02-07
1310,1925.33,NetBanking,2024-02-26
4469,1135.6,UPI,2024-02-28
2557,451.48,Card,2024-02-02
18130,1536.99,NetBanking,2024-02-14
7009,800.17,Wallet,2024-01-04
16655,1285.1,Card,2024-02-02
7829,558.19,NetBanking,2024-01-09
17860,721.7,Wallet,2024-02-21
6259,1154.89,UPI,2024-01-18
378,1025.73,Wallet,2024-01-27
13296,222.57,Card,2024-01-12
17229,1376.32,Card,2024-01-02
8184,736.21,UPI,2024-01-13
4704,840.84,NetBanking,2024-02-12
17294,675.02,Card,2024-02-10
19365,1893.68,Wallet,2024-02-24
607,1262.44,Wallet,2024-02-25
13153,1452.77,UPI,2024-01-28
13127,121.66,NetBanking,2024-01-01
17121,877.07,Wallet,2024-02-13
5916,342.03,Wallet,2024-02-13
10068,1503.24,Wallet,2024-01-07
8167,1559.0,NetBanking,2024-02-29
18708,1395.9,Card,2024-01-04
7490,1980.52,Wallet,2024-01-20
16586,429.99,NetBanking,2024-01-31
4352,856.37,UPI,2024-01-21
14870,1282.47,Wallet,2024-01-01
16664,160.88,UPI,2024-01-05
14577,882.44,UPI,2024-01-05
15021,1381.26,Wallet,2024-01-23
10268,933.54,UPI,2024-01-25
9171,1114.87,Card,2024-01-12
1311,1853.3,Wallet,2024-02-26
12953,149.63,Wallet,2024-02-02
2304,1788.73,UPI,2024-02-26
19125,1355.09,Wallet,2024-02-12
8449,1746.68,UPI,2024-01-26
13760,1286.83,Wallet,2024-01-14
18549,1871.18,UPI,2024-02-16
9958,1586.3,UPI,2024-02-04
1201,1144.77,UPI,2024-02-10
4608,1133.15,NetBanking,2024-02-28
6273,1822.9,Card,2024-02-05
16197,1010.76,Card,2024-01-11
5486,787.3,NetBanking,2024-01-15
19082,1699.15,UPI,2024-01-30
2526,1580.8,NetBanking,2024-02-26
11019,1530.03,NetBanking,2024-02-12
5914,459.93,NetBanking,2024-01-17
14645,1277.37,NetBanking,2024-02-13
10945,163.81,UPI,2024-01-23
7363,1809.5,NetBanking,2024-02-02
17533,414.49,Wallet,2024-02-08
7893,665.44,Wallet,2024-01-20
9106,1280.05,Wallet,2024-02-24
19444,1761.99,Wallet,2024-01-02
7607,1248.35,Wallet,2024-01-04
13031,1959.0,UPI,2024-01-11
16453,1448.5,Wallet,2024-01-11
744,1375.32,Card,2024-01-05
13419,989.35,NetBanking,2024-02-04
4106,1621.12,NetBanking,2024-01-22
2389,627.41,NetBanking,2024-02-25
9500,767.45,Wallet,2024-01-05
7614,1188.57,Card,2024-02-26
16558,1761.31,Card,2024-01-23
16442,1412.96,NetBanking,2024-02-10
5653,1245.01,Wallet,2024-01-08
3943,1916.89,UPI,2024-02-12
2052,1340.63,Card,2024-02-24
277,1984.62,NetBanking,2024-01-12
5049,173.87,Wallet,2024-01-24
1413,1037.98,Wallet,2024-02-04
18935,645.23,NetBanking,2024-01-13
2424,310.58,NetBanking,2024-02-04
16921,1443.88,NetBanking,2024-01-23
11344,1789.37,Wallet,2024-01-18
16801,1121.08,Card,2024-02-26
9592,957.64,NetBanking,2024-01-31
6997,1753.86,Wallet,2024-01-02
901,980.81,Wallet,2024-01-09
17331,920.65,Card,2024-01-29
5696,1879.53,NetBanking,2024-02-01
7845,746.37,Card,2024-01-13
19891,675.86,UPI,2024-02-03
133,1621.27,NetBanking,2024-01-29
16891,278.17,Card,2024-01-01
6265,1771.52,UPI,2024-02-09
16622,1745.2,NetBanking,2024-02-06
11578,253.28,NetBanking,2024-03-01
8656,1089.07,Wallet,2024-01-17
8672,1197.92,NetBanking,2024-01-04
9930,1888.83,UPI,2024-02-27
16506,873.69,UPI,2024-02-20
5243,607.19,Wallet,2024-01-31
7410,1471.53,UPI,2024-02-08
5980,857.67,Wallet,2024-01-17
2422,1682.24,Card,2024-01-08
7520,1120.25,Card,2024-01-30
10849,652.14,Card,2024-02-02
13943,180.52,UPI,2024-02-09
8223,707.27,UPI,2024-02-07
6252,1242.86,Card,2024-02-05
14377,1646.09,Wallet,2024-01-30
7396,1349.82,NetBanking,2024-01-09
10996,1278.05,UPI,2024-02-12
9587,1911.74,UPI,2024-01-21
19996,1379.64,Card,2024-02-13
7987,1980.9,Wallet,2024-02-22
7249,785.9,Wallet,2024-01-21
6485,702.32,Card,2024-01-11
19784,1892.23,NetBanking,2024-01-27
19721,472.82,Wallet,2024-03-01
5844,860.68,Card,2024-01-10
6521,287.69,Card,2024-01-17
2023,1361.09,Card,2024-02-02
5281,280.46,UPI,2024-02-21
7805,1519.35,Card,2024-02-24
6855,1531.34,UPI,2024-02-05
2725,394.95,Card,2024-02-16
2756,1988.98,UPI,2024-01-12
15707,440.88,Wallet,2024-02-27
16135,1165.98,Card,2024-01-22
11834,1454.25,Card,2024-02-06
12565,1272.73,NetBanking,2024-01-16
11853,1045.31,NetBanking,2024-01-29
8736,1603.34,UPI,2024-01-02
595,1635.05,UPI,2024-01-14
4040,409.44,UPI,2024-02-02
14254,1703.59,Card,2024-01-29
5461,1336.1,Card,2024-02-22
9560,305.84,NetBanking,2024-02-19
6950,1119.17,Card,2024-02-25
17445,1971.5,NetBanking,2024-02-23
922,224.85,UPI,2024-02-20
7995,1014.17,Wallet,2024-02-20
193,1059.25,UPI,2024-01-19
19510,1170.6,Card,2024-01-08
13933,697.23,Wallet,2024-01-02
17381,1033.87,Wallet,2024-01-13
9143,438.47,Card,2024-01-29
6491,1930.64,NetBanking,2024-02-14
11499,1609.47,UPI,2024-01-17
18780,1316.54,NetBanking,2024-01-28
9777,1787.91,NetBanking,2024-02-25
477,1407.08,UPI,2024-02-28
1471,1796.01,Card,2024-01-17
2928,793.34,Wallet,2024-01-10
10104,1301.36,UPI,2024-02-23
4777,1575.0,Wallet,2024-01-26
143,867.6,Wallet,2024-01-21
15396,1251.04,Wallet,2024-02-19
16213,1633.95,Card,2024-02-13
14174,760.89,Card,2024-01-14
8513,430.51,Card,2024-01-10
17999,820.36,Wallet,2024-01-31
18227,135.58,Card,2024-01-20
15653,674.7,NetBanking,2024-02-06
10908,1076.04,UPI,2024-01-30
3647,1068.91,Card,2024-02-24
5553,1972.84,Wallet,2024-02-16
1181,1932.02,NetBanking,2024-02-07
14983,885.13,Wallet,2024-02-27
15949,2016.73,Card,2024-02-24
11791,773.96,Wallet,2024-01-09
19930,1798.78,UPI,2024-01-04
4880,667.78,Wallet,2024-01-10
16359,1296.31,Wallet,2024-01-13
7265,1130.46,UPI,2024-02-04
11385,1209.31,UPI,2024-01-03
587,330.17,Wallet,2024-02-01
4862,658.78,UPI,2024-02-21
17453,546.8,NetBanking,2024-01-11
19400,1559.02,UPI,2024-01-03
14349,415.59,Wallet,2024-02-08
14113,482.54,UPI,2024-01-10
3198,499.03,NetBanking,2024-02-24
16082,1735.39,UPI,2024-01-25
19958,561.88,NetBanking,2024-01-13
1869,1405.04,Wallet,2024-02-11
11239,1622.11,Card,2024-01-19
9548,918.36,UPI,2024-01-07
4734,864.8,Card,2024-03-01
10575,1413.97,Wallet,2024-02-19
325,1977.14,Wallet,2024-01-27
7821,194.08,UPI,2024-02-12
15069,137.05,Wallet,2024-01-02
11898,1729.4,UPI,2024-01-25
16427,1386.75,NetBanking,2024-01-02
18468,1374.16,Wallet,2024-01-20
16537,1434.02,UPI,2024-01-14
6720,1180.91,NetBanking,2024-02-17
19475,515.02,Card,2024-01-14
16223,287.74,Wallet,2024-02-13
1435,1528.44,UPI,2024-01-23
1921,724.26,UPI,2024-01-19
15427,1396.37,Card,2024-02-06
19683,444.67,NetBanking,2024-02-03
7514,1637.33,UPI,2024-02-24
3551,247.87,NetBanking,2024-01-02
8398,1218.32,UPI,2024-02-12
3219,999.16,Card,2024-02-28
5986,1659.63,NetBanking,2024-01-24
10960,553.07,Wallet,2024-01-07
19500,1594.85,UPI,2024-02-13
16479,1381.06,UPI,2024-01-27
3558,1395.63,Card,2024-02-03
3470,1664.03,Card,2024-01-24
13894,935.87,UPI,2024-01-26
16396,1810.84,Wallet,2024-01-18
7134,508.52,Wallet,2024-01-14
12685,2219.31,Wallet,2024-03-01
2761,1619.35,NetBanking,2024-02-05
17542,1161.36,Card,2024-01-04
1660,642.89,UPI,2024-02-08
12163,1751.36,Card,2024-01-11
1936,123.2,Wallet,2024-01-25
7609,670.94,UPI,2024-01-24
12260,1658.33,NetBanking,2024-02-14
14558,339.95,Card,2024-01-30
11852,1886.76,Card,2024-01-11
2562,365.8,Wallet,2024-02-22
17730,182.58,Wallet,2024-02-20
2356,346.37,Wallet,2024-01-31
7032,588.97,UPI,2024-02-05
17654,1543.1,Card,2024-01-07
7109,1109.33,UPI,2024-02-09
8368,1697.94,Card,2024-02-06
12927,775.11,NetBanking,2024-01-17
2347,585.84,Wallet,2024-01-12
18144,1075.82,Wallet,2024-01-05
952,649.19,Card,2024-01-14
7562,1024.11,Wallet,2024-01-20
3446,1388.27,Wallet,2024-01-24
17837,1080.42,Card,2024-02-28
2490,1680.14,Card,2024-01-25
7329,1911.32,UPI,2024-02-14
11808,1018.0,Wallet,2024-01-26
13716,743.65,NetBanking,2024-02-22
13006,404.14,NetBanking,2024-02-23
18595,871.36,Card,2024-02-11
14408,1809.16,Card,2024-02-08
9044,904.42,Card,2024-01-22
13843,1107.89,Wallet,2024-01-26
15828,268.27,Card,2024-02-24
11536,1738.69,NetBanking,2024-01-27
516,1674.57,NetBanking,2024-01-20
4166,677.23,UPI,2024-01-24
2413,386.45,UPI,2024-01-16
10820,470.03,NetBanking,2024-02-19
8769,1473.43,NetBanking,2024-02-07
4053,1492.0,UPI,2024-02-10
12518,403.28,NetBanking,2024-01-22
10774,559.28,Card,2024-02-09
12462,1643.96,UPI,2024-02-25
8189,874.87,UPI,2024-01-23
9869,344.57,NetBanking,2024-01-21
900,1182.06,Card,2024-02-19
13437,1312.19,NetBanking,2024-02-07
16816,884.54,Wallet,2024-01-20
3999,802.2,Wallet,2024-02-03
19026,1062.52,UPI,2024-01-13
17048,578.0,UPI,2024-02-29
9947,1766.23,NetBanking,2024-01-01
6088,320.5,NetBanking,2024-01-05
14778,1372.83,Wallet,2024-01-23
8575,308.49,UPI,2024-01-07
12834,1035.07,Card,2024-02-16
226,1204.11,Card,2024-02-20
6702,1295.03,Wallet,2024-02-28
5756,1000.19,Wallet,2024-01-04
4244,1881.01,NetBanking,2024-01-23
4888,1112.25,NetBanking,2024-02-12
13341,308.05,UPI,2024-01-31
1078,755.4,UPI,2024-01-22
8801,724.87,Wallet,2024-02-12
19425,135.5,NetBanking,2024-01-12
14629,1283.05,UPI,2024-02-19
9037,1110.16,NetBanking,2024-01-12
19233,276.71,NetBanking,2024-01-03
4276,1431.92,Card,2024-02-23
7942,1453.43,NetBanking,2024-02-28
9124,1898.65,UPI,2024-01-09
17979,184.21,Card,2024-02-09
4184,313.83,NetBanking,2024-01-19
2141,1576.1,Card,2024-01-04
15784,1698.62,NetBanking,2024-02-07
18600,303.3,NetBanking,2024-02-20
11122,391.34,UPI,2024-02-21
15741,283.6,NetBanking,2024-02-04
9787,1741.02,NetBanking,2024-02-26
9199,1938.4,Wallet,2024-01-04
14079,1398.94,Card,2024-01-04
10628,309.17,Wallet,2024-01-28
14722,242.1,UPI,2024-02-15
15726,1774.11,Card,2024-01-16
8953,1046.91,UPI,2024-01-16
7080,1568.53,Card,2024-01-11
5947,439.75,Card,2024-01-03
691,738.03,Wallet,2024-01-02
9403,1780.62,Card,2024-01-18
11119,488.11,NetBanking,2024-01-16
15342,106.99,NetBanking,2024-01-02
10174,1205.19,UPI,2024-01-29
13174,133.12,Card,2024-02-20
218,1658.13,NetBanking,2024-01-24
18743,458.65,UPI,2024-02-04
977,1247.1,NetBanking,2024-02-19
5661,1143.64,NetBanking,2024-02-14
4077,1464.94,UPI,2024-02-22
1874,612.26,Card,2024-02-17
4130,287.1,Card,2024-02-01
19840,1388.81,NetBanking,2024-03-01
13980,1098.06,Card,2024-01-16
9823,502.78,NetBanking,2024-02-06
18620,1222.88,NetBanking,2024-02-08
13155,305.14,UPI,2024-01-11
983,1057.64,UPI,2024-02-17
11539,1803.62,Card,2024-01-21
18984,1605.76,UPI,2024-02-23
14053,1411.82,UPI,2024-02-21
4745,1047.44,Wallet,2024-01-15
16981,1939.38,Card,2024-01-09
16623,1336.5,UPI,2024-01-25
16825,1221.0,UPI,2024-01-09
15293,1015.17,NetBanking,2024-01-03
17348,1104.96,Wallet,2024-01-13
1784,1847.76,Card,2024-02-23
19151,1394.49,Wallet,2024-02-16
130,663.24,NetBanking,2024-01-15
908,641.57,UPI,2024-02-12
5966,1437.34,Card,2024-01-14
7636,1160.38,Wallet,2024-01-21
5309,328.93,UPI,2024-01-17
9961,640.58,Card,2024-01-08
6310,1794.44,Wallet,2024-03-01
17086,1943.4,Card,2024-02-09
8660,476.45,UPI,2024-01-16
3218,1346.42,NetBanking,2024-02-05
8693,355.77,Card,2024-02-27
10204,1468.62,Wallet,2024-02-12
8959,766.64,UPI,2024-02-18
16573,585.77,Card,2024-01-08
275,1834.87,Wallet,2024-02-28
17799,1931.4,Wallet,2024-02-18
11345,1852.32,UPI,2024-01-21
791,460.91,Card,2024-01-21
13630,1690.1,UPI,2024-01-26
3614,266.08,Card,2024-02-13
4902,1130.04,NetBanking,2024-02-21
8268,1354.4,Card,2024-01-07
19577,1490.94,Card,2024-02-02
9055,1343.08,NetBanking,2024-02-02
10809,1365.12,UPI,2024-02-12
16716,1905.67,Wallet,2024-01-05
9520,1439.88,NetBanking,2024-01-05
8372,1351.2,UPI,2024-01-08
9269,413.72,NetBanking,2024-02-27
10327,1474.35,Wallet,2024-02-20
5728,1110.18,UPI,2024-01-12
17147,343.87,Wallet,2024-01-17
10422,1637.01,Wallet,2024-02-29
17417,1255.87,UPI,2024-01-26
13728,215.83,UPI,2024-02-24
10959,1862.68,Wallet,2024-01-25
13164,1937.18,NetBanking,2024-02-18
18175,1286.47,UPI,2024-01-08
19271,1189.2,Card,2024-02-12
6388,1661.23,UPI,2024-01-16
3994,243.93,Wallet,2024-01-31
16956,1579.88,NetBanking,2024-01-14
1955,1968.93,UPI,2024-02-22
12243,447.14,Card,2024-01-04
10255,216.85,Wallet,2024-01-08
4994,934.35,NetBanking,2024-02-02
17674,1646.61,NetBanking,2024-02-18
5031,617.17,NetBanking,2024-02-23
15837,1582.54,UPI,2024-02-29
12899,1301.46,Card,2024-01-12
14107,1282.38,Card,2024-01-10
1391,660.09,Wallet,2024-02-17
6998,870.85,NetBanking,2024-01-10
52,500.67,Card,2024-02-24
6106,282.41,NetBanking,2024-01-22
6389,308.49,Card,2024-01-31
18351,1374.79,NetBanking,2024-01-01
5443,542.68,UPI,2024-02-25
19908,1086.82,UPI,2024-01-07
10569,569.39,NetBanking,2024-01-21
7112,230.06,Card,2024-02-26
4896,1535.07,Wallet,2024-01-07
7960,1228.83,Wallet,2024-02-29
12377,1849.71,UPI,2024-01-23
6833,361.22,NetBanking,2024-02-01
1594,670.06,UPI,2024-01-27
15665,1735.49,UPI,2024-01-17
7398,228.01,Card,2024-02-02
18039,805.51,Card,2024-01-03
14216,777.37,Wallet,2024-02-03
18852,239.76,UPI,2024-02-14
19677,672.73,UPI,2024-02-06
2169,596.7,Card,2024-01-02
19931,1728.56,Card,2024-02-05
767,1201.85,Card,2024-02-07
17748,997.5,UPI,2024-01-14
14136,1513.91,Wallet,2024-01-05
667,464.37,Card,2024-01-31
17763,1715.16,Wallet,2024-02-14
18728,288.09,Wallet,2024-01-19
888,308.53,NetBanking,2024-02-07
10524,978.8,Card,2024-01-29
13108,558.9,NetBanking,2024-01-18
5817,1127.7,NetBanking,2024-01-23
18878,1068.44,NetBanking,2024-01-08
9028,1530.36,Card,2024-01-10
16952,1062.51,UPI,2024-01-23
4120,683.36,UPI,2024-02-22
8010,136.39,Card,2024-02-20
18412,718.64,Card,2024-01-13
8227,1870.5,UPI,2024-01-24
13360,1361.53,Card,2024-01-13
9342,369.93,NetBanking,2024-01-20
9948,1698.93,Wallet,2024-02-07
12796,390.54,Wallet,2024-01-25
2700,1508.81,UPI,2024-02-18
12891,729.72,UPI,2024-01-25
12494,1873.65,UPI,2024-01-30
11181,837.67,Wallet,2024-01-08
6385,167.24,Card,2024-01-25
7231,1918.39,Wallet,2024-02-11
1264,341.94,Card,2024-01-19
8208,527.68,NetBanking,2024-01-15
17805,1086.31,UPI,2024-01-09
12204,699.62,Wallet,2024-02-10
8978,422.1,Card,2024-02-24
15652,1738.77,UPI,2024-02-01
5643,382.1,Card,2024-01-14
18240,981.5,Card,2024-02-18
3851,378.01,NetBanking,2024-02-18
15948,1946.66,NetBanking,2024-02-29
16957,671.55,Card,2024-01-14
16004,1967.47,Wallet,2024-02-25
11532,1094.61,Wallet,2024-02-28
3375,927.9,Wallet,2024-01-25
19502,1121.0,Wallet,2024-01-23
16842,741.28,Card,2024-01-19
12346,747.02,Card,2024-02-20
8616,1170.69,NetBanking,2024-01-08
19460,1110.28,NetBanking,2024-02-14
3520,227.93,NetBanking,2024-02-12
5084,654.21,Wallet,2024-02-01
8092,1424.02,Card,2024-02-04
9217,977.38,Wallet,2024-02-22
12871,924.25,UPI,2024-01-18
6221,1849.81,UPI,2024-02-19
16282,678.44,Wallet,2024-02-12
15275,1171.07,Wallet,2024-02-10
16783,1072.37,Wallet,2024-02-07
4127,1513.39,NetBanking,2024-02-02
12087,1097.48,Card,2024-01-28
7738,1435.3,Card,2024-02-16
17384,175.25,NetBanking,2024-02-17
14092,1520.87,NetBanking,2024-01-18
18696,1526.99,Card,2024-01-13
17678,1443.01,Card,2024-02-12
12787,605.06,UPI,2024-02-28
2051,1716.07,Wallet,2024-01-17
4959,1770.11,UPI,2024-01-27
14616,288.2,Wallet,2024-01-16
18512,1962.19,Card,2024-02-12
19923,1872.24,NetBanking,2024-01-23
15390,583.38,UPI,2024-01-12
8932,1955.87,Wallet,2024-01-01
14816,1844.65,Wallet,2024-01-09
16501,1585.49,UPI,2024-01-17
18981,1692.25,Wallet,2024-01-12
4498,1262.01,NetBanking,2024-02-04
12802,1915.73,UPI,2024-01-16
8191,603.87,Wallet,2024-01-27
11452,1367.91,Wallet,2024-01-09
13413,1102.46,UPI,2024-02-09
10472,1717.94,Card,2024-02-21
19136,498.52,UPI,2024-01-11
6893,464.78,Card,2024-01-19
17287,951.16,UPI,2024-01-29
10500,689.21,Wallet,2024-01-27
10989,760.25,NetBanking,2024-02-28
14326,1553.98,UPI,2024-02-11
6296,911.06,NetBanking,2024-02-23
12339,826.02,NetBanking,2024-02-06
7402,270.73,Card,2024-01-20
5859,1698.43,Wallet,2024-03-01
13844,459.46,NetBanking,2024-02-28
10870,613.54,NetBanking,2024-02-11
9211,1695.01,Wallet,2024-01-23
1989,238.65,Wallet,2024-02-21
6607,794.55,NetBanking,2024-01-27
10964,977.62,Card,2024-02-24
8900,249.22,UPI,2024-02-10
2763,428.46,NetBanking,2024-02-24
5667,1605.02,UPI,2024-02-07
10112,361.65,Card,2024-01-25
15833,1303.3,Card,2024-01-06
18724,832.64,UPI,2024-02-21
9135,596.44,NetBanking,2024-02-10
13987,219.83,NetBanking,2024-02-11
1216,214.61,UPI,2024-02-15
2679,1947.86,UPI,2024-01-27
7095,325.41,NetBanking,2024-01-30
13961,1513.54,NetBanking,2024-01-30
4621,1235.13,Card,2024-01-11
10527,373.87,NetBanking,2024-02-09
7438,402.99,Wallet,2024-02-24
5538,1986.9,Wallet,2024-02-27
3714,932.75,NetBanking,2024-02-15
16815,1270.13,Wallet,2024-03-01
4344,743.85,Card,2024-02-20
18470,443.63,Wallet,2024-02-04
13146,1804.56,NetBanking,2024-01-01
8404,182.39,UPI,2024-01-21
17808,1197.61,Card,2024-02-17
1801,1108.36,Card,2024-01-28
12697,941.8,UPI,2024-02-08
2809,1750.8,UPI,2024-02-09
7563,1385.68,Wallet,2024-02-04
4860,1133.17,Wallet,2024-01-11
14225,1826.35,NetBanking,2024-01-20
6453,1180.41,UPI,2024-02-10
3087,1616.26,Wallet,2024-01-10
19191,1122.74,NetBanking,2024-01-26
13365,1885.84,Card,2024-02-21
8905,666.18,Card,2024-01-07
13646,1281.0,Card,2024-01-08
1501,1204.33,NetBanking,2024-01-23
8706,1166.47,Wallet,2024-01-20
2568,792.66,Wallet,2024-02-28
18703,1577.42,Wallet,2024-01-28
4884,1076.39,UPI,2024-02-02
15086,1097.11,UPI,2024-01-13
10114,241.9,Card,2024-03-01
9916,984.11,Wallet,2024-02-23
19278,1072.85,Wallet,2024-02-20
4417,1384.06,NetBanking,2024-01-07
1211,1159.02,UPI,2024-01-05
9328,1839.86,UPI,2024-01-30
18306,161.93,UPI,2024-02-16
8774,355.69,Wallet,2024-01-26
763,1477.8,NetBanking,2024-02-22
4850,1998.34,Wallet,2024-02-03
2105,590.51,UPI,2024-01-23
10200,936.11,Card,2024-01-07
13694,1775.84,Card,2024-02-28
10448,537.74,NetBanking,2024-02-27
15639,251.53,Card,2024-01-20
5206,1156.37,Card,2024-03-01
9393,134.92,NetBanking,2024-02-06
18494,869.3,UPI,2024-02-02
17982,797.36,NetBanking,2024-02-03
6299,830.85,Card,2024-01-19
3259,653.23,Wallet,2024-02-23
19890,133.47,Wallet,2024-01-27
16679,1713.1,Card,2024-02-29
19979,1693.47,NetBanking,2024-01-16
16070,1836.79,Wallet,2024-02-13
5920,663.22,Card,2024-02-23
4379,1237.48,Card,2024-02-21
366,962.99,NetBanking,2024-02-28
2008,137.35,Card,2024-01-01
7467,442.77,Wallet,2024-02-15
6851,683.55,UPI,2024-01-27
11543,1670.33,Wallet,2024-02-01
441,601.61,NetBanking,2024-02-24
13196,308.26,Card,2024-02-05
6334,695.03,Wallet,2024-02-03
2378,639.08,Wallet,2024-01-18
8680,295.72,Card,2024-02-18
7048,843.35,UPI,2024-01-17
14389,1024.27,UPI,2024-01-31
16755,1925.13,NetBanking,2024-01-19
12169,1421.58,UPI,2024-02-04
2084,1103.86,NetBanking,2024-03-01
19133,1838.11,Wallet,2024-01-18
13814,1915.01,Wallet,2024-01-21
15733,1499.04,NetBanking,2024-01-27
656,1310.43,NetBanking,2024-02-28
12860,1389.46,NetBanking,2024-01-04
7663,119.05,UPI,2024-01-30
16221,967.2,NetBanking,2024-01-01
14194,1836.29,Wallet,2024-01-07
5251,1526.8,UPI,2024-01-22
14231,1567.31,NetBanking,2024-01-18
10781,1022.29,NetBanking,2024-01-08
7276,364.09,UPI,2024-01-07
14502,882.56,Card,2024-02-04
1820,1838.09,Card,2024-01-12
5639,579.09,UPI,2024-01-29
12564,218.38,Wallet,2024-01-10
3456,1389.56,NetBanking,2024-02-10
19532,449.06,NetBanking,2024-01-26
17518,1622.34,UPI,2024-02-13
11114,766.39,Wallet,2024-01-15
9356,1402.24,NetBanking,2024-01-19
4930,1597.82,UPI,2024-02-08
3745,939.62,Wallet,2024-02-12
6894,450.17,UPI,2024-02-26
432,1689.13,UPI,2024-01-05
17410,1421.52,UPI,2024-02-09
18171,1641.29,Card,2024-01-07
6547,1917.65,Wallet,2024-01-23
1438,1083.67,UPI,2024-01-08
1165,1868.79,NetBanking,2024-01-27
5293,1202.54,Card,2024-02-25
10872,1976.99,UPI,2024-02-13
11760,201.31,UPI,2024-02-26
18880,1042.54,Card,2024-01-17
6726,270.43,NetBanking,2024-01-20
17472,1072.98,NetBanking,2024-01-12
4711,109.48,NetBanking,2024-01-02
15227,402.54,Card,2024-01-08
17127,991.8,Card,2024-01-21
12824,1217.32,Wallet,2024-02-22
301,1556.85,NetBanking,2024-02-21
17670,326.09,Card,2024-01-02
14321,308.88,Card,2024-02-24
4493,1764.08,NetBanking,2024-02-08
9935,1632.91,Wallet,2024-01-28
1972,810.0,NetBanking,2024-01-13
504,394.59,NetBanking,2024-02-06
15371,913.0,NetBanking,2024-01-07
16602,1657.99,Card,2024-01-18
18242,747.89,UPI,2024-02-02
9190,514.98,NetBanking,2024-01-27
14262,747.05,Card,2024-01-03
14547,176.26,Wallet,2024-02-08
17368,498.44,NetBanking,2024-02-05
11638,108.38,Card,2024-02-07
12632,205.64,UPI,2024-01-24
14662,1415.06,UPI,2024-02-25
17488,318.57,NetBanking,2024-02-17
16403,999.84,NetBanking,2024-01-07
5414,1928.05,Card,2024-01-10
843,1135.51,UPI,2024-02-27
7780,1222.39,UPI,2024-02-25
12414,927.4,Card,2024-01-06
11108,769.29,Wallet,2024-02-16
18391,1523.17,NetBanking,2024-01-15
12089,1502.34,UPI,2024-01-18
17609,376.09,NetBanking,2024-02-22
19212,1688.14,Card,2024-01-26
18955,1131.29,Wallet,2024-01-21
2757,684.85,NetBanking,2024-02-23
469,119.75,Card,2024-02-28
11251,587.08,NetBanking,2024-01-03
15196,1668.06,UPI,2024-01-07
3861,1378.42,NetBanking,2024-02-03
13831,1414.33,UPI,2024-02-17
1896,1832.09,Wallet,2024-01-19
15706,1959.44,Card,2024-01-04
11652,1346.87,NetBanking,2024-02-05
5327,204.61,NetBanking,2024-01-12
9296,1552.41,UPI,2024-01-01
11769,1637.0,NetBanking,2024-02-12
5789,1706.48,Card,2024-01-10
14204,1941.26,UPI,2024-01-13
3025,1045.51,Wallet,2024-03-01
17869,234.4,UPI,2024-01-06
2107,227.96,NetBanking,2024-02-12
16398,1481.13,Wallet,2024-02-04
5441,167.59,NetBanking,2024-01-29
15767,1456.33,Card,2024-01-12
18749,1601.56,Wallet,2024-03-01
19344,100.73,Card,2024-02-15
17844,604.9,Card,2024-02-24
19965,791.08,NetBanking,2024-01-25
4775,1686.85,NetBanking,2024-01-16
4825,1940.13,Card,2024-01-29
18669,113.26,Card,2024-01-22
9144,1839.65,UPI,2024-02-19
16887,1608.96,Wallet,2024-01-11
6213,634.23,NetBanking,2024-02-12
6140,1094.47,Card,2024-02-27
13045,686.67,UPI,2024-01-03
3398,228.99,NetBanking,2024-01-03
17315,1822.16,Card,2024-01-29
3766,1180.3,NetBanking,2024-02-11
10208,1793.74,UPI,2024-02-07
3384,183.63,NetBanking,2024-01-26
4784,986.14,Wallet,2024-01-20
19744,941.57,Wallet,2024-02-26
15056,482.12,NetBanking,2024-02-26
11771,470.66,NetBanking,2024-02-21
8350,1725.35,Wallet,2024-02-14
11509,548.93,Wallet,2024-01-17
13573,1052.39,UPI,2024-03-01
7914,460.41,NetBanking,2024-02-11
11618,1715.72,Wallet,2024-01-23
8671,1303.58,Wallet,2024-01-31
8228,191.33,NetBanking,2024-01-18
7686,478.31,NetBanking,2024-01-29
11083,472.03,Card,2024-01-28
17786,601.65,Card,2024-01-31
12411,310.76,Wallet,2024-02-10
10693,615.0,UPI,2024-02-21
10238,736.66,Card,2024-01-26
13188,466.15,Wallet,2024-01-28
2956,1362.65,UPI,2024-01-20
10907,1581.39,Wallet,2024-02-22
12666,1926.54,Card,2024-02-18
10307,141.89,Card,2024-02-24
5589,1571.67,Card,2024-01-09
14426,752.68,UPI,2024-02-06
6157,569.68,NetBanking,2024-02-10
9317,267.62,Wallet,2024-02-04
6409,862.47,UPI,2024-02-18
4675,1393.8,UPI,2024-02-11
18007,376.6,NetBanking,2024-01-11
17382,1314.12,Card,2024-01-25
17666,707.6,UPI,2024-02-14
3292,1428.53,NetBanking,2024-03-01
1830,1445.12,Card,2024-02-16
15631,647.61,Wallet,2024-01-27
5634,104.85,Wallet,2024-01-11
13181,759.81,NetBanking,2024-02-12
4310,1231.39,NetBanking,2024-01-26
8373,760.73,Card,2024-01-01
8895,977.97,NetBanking,2024-02-16
12050,1071.86,UPI,2024-01-13
15865,1859.86,Card,2024-01-10
773,1190.99,Card,2024-01-04
9739,730.54,Wallet,2024-01-09
4664,1801.86,Wallet,2024-02-05
19115,1756.05,NetBanking,2024-02-03
8696,1616.25,NetBanking,2024-02-09
14246,1052.79,UPI,2024-02-01
14416,1364.49,NetBanking,2024-02-02
7626,507.57,NetBanking,2024-02-07
17989,890.13,Card,2024-01-28
19077,440.47,Wallet,2024-01-15
294,691.9,NetBanking,2024-01-18
1646,1593.75,UPI,2024-02-20
10140,1029.04,UPI,2024-01-03
67,1561.22,UPI,2024-03-01
13730,1363.57,Wallet,2024-02-06
4739,606.07,Wallet,2024-01-11
2890,1930.5,NetBanking,2024-01-02
19825,1647.98,NetBanking,2024-01-30
1593,1174.3,UPI,2024-02-21
13505,244.77,Card,2024-02-14
11110,1368.1,NetBanking,2024-01-21
10002,1679.15,UPI,2024-02-22
4126,206.04,NetBanking,2024-02-24
9547,1441.22,UPI,2024-01-02
9686,1235.32,UPI,2024-01-25
19322,134.77,Card,2024-02-11
14464,968.6,UPI,2024-02-06
2674,868.08,Wallet,2024-01-16
6738,152.07,UPI,2024-02-22
16445,394.48,Card,2024-01-30
18707,912.28,NetBanking,2024-02-12
13588,486.88,UPI,2024-02-11
12135,955.9,NetBanking,2024-01-31
5203,799.45,NetBanking,2024-01-21
2745,1611.27,UPI,2024-02-29
586,1879.62,Wallet,2024-02-26
1502,360.64,NetBanking,2024-02-29
4458,1303.57,Card,2024-02-12
16761,168.39,NetBanking,2024-02-25
8539,1983.16,Wallet,2024-01-17
11448,1680.56,Card,2024-02-29
13946,1466.79,Card,2024-02-01
6660,866.65,Wallet,2024-01-20
9110,634.09,UPI,2024-02-11
4309,160.53,Card,2024-02-10
4257,975.52,Wallet,2024-01-16
19708,548.47,UPI,2024-01-13
10956,451.31,Card,2024-01-10
14630,1842.72,Wallet,2024-02-13
10185,558.92,Card,2024-01-17
3982,1158.23,Wallet,2024-01-21
14018,863.36,Card,2024-02-27
12553,1103.37,Card,2024-02-21
16447,320.11,Card,2024-02-07
19745,1550.06,NetBanking,2024-01-28
7814,1169.75,NetBanking,2024-01-13
363,1926.34,Card,2024-01-13
18203,1621.41,UPI,2024-02-16
3591,1248.44,UPI,2024-01-26
10240,429.94,NetBanking,2024-03-01
14979,372.8,Card,2024-02-06
7538,2022.13,UPI,2024-01-09
10921,368.67,UPI,2024-01-21
10991,1693.37,Wallet,2024-03-01
17937,310.03,Card,2024-02-21
8737,1324.45,NetBanking,2024-03-01
6313,1296.39,NetBanking,2024-01-20
7292,533.21,Card,2024-01-12
14925,1755.83,NetBanking,2024-02-16
13277,539.85,Card,2024-02-27
19751,1010.32,NetBanking,2024-02-28
17321,1142.25,Card,2024-01-22
7920,773.98,Wallet,2024-02-20
13830,631.09,Card,2024-02-25
4571,1102.6,Wallet,2024-02-19
11416,1956.91,Card,2024-01-07
12587,587.97,NetBanking,2024-01-09
474,1437.47,UPI,2024-03-01
2970,1580.16,Wallet,2024-02-05
12858,130.36,Wallet,2024-01-23
15834,1716.16,UPI,2024-01-03
8587,470.21,UPI,2024-02-24
8120,436.73,UPI,2024-02-14
18524,1631.66,Card,2024-01-15
3197,228.29,UPI,2024-02-06
8131,878.03,NetBanking,2024-01-16
18928,743.13,Card,2024-01-07
3829,224.99,Card,2024-02-17
13416,1810.3,UPI,2024-02-29
15397,1402.79,NetBanking,2024-01-27
2249,880.93,NetBanking,2024-01-14
5434,1942.27,Wallet,2024-02-09
4601,691.59,NetBanking,2024-01-07
6747,1269.58,Card,2024-02-15
9893,160.61,Card,2024-02-11
4012,1362.95,Card,2024-01-13
6661,1099.91,Card,2024-01-11
1384,357.67,Card,2024-01-02
5305,805.42,UPI,2024-01-19
17701,606.3,Wallet,2024-01-17
1049,1754.09,UPI,2024-01-06
15660,812.77,UPI,2024-01-19
11814,1509.11,NetBanking,2024-01-27
16274,1036.4,UPI,2024-01-05
8919,1174.77,UPI,2024-02-13
4628,1833.67,Card,2024-02-22
16450,1053.69,NetBanking,2024-02-20
11996,1273.9,UPI,2024-02-25
8159,915.49,NetBanking,2024-02-18
882,1868.99,Wallet,2024-02-12
249,1722.13,NetBanking,2024-01-08
16915,1747.09,Card,2024-02-22
15242,1989.47,Wallet,2024-02-13
16303,1943.23,NetBanking,2024-01-06
2831,1906.41,Card,2024-01-22
17857,713.67,UPI,2024-01-30
10840,124.16,NetBanking,2024-02-14
5970,1137.43,Card,2024-01-05
4243,1770.53,Wallet,2024-01-09
16297,1979.69,NetBanking,2024-03-01
17375,1738.46,Wallet,2024-01-23
5839,1443.44,Wallet,2024-01-07
5148,334.66,Card,2024-02-28
11761,274.61,UPI,2024-01-01
11089,1770.04,Wallet,2024-02-06
6081,1689.61,Wallet,2024-02-09
11405,1555.48,Card,2024-02-08
19767,1382.83,UPI,2024-01-01
6535,1342.35,UPI,2024-02-03
14280,222.55,UPI,2024-01-08
15189,464.83,NetBanking,2024-01-26
19633,1957.28,UPI,2024-02-17
2527,1789.63,UPI,2024-02-15
8677,1404.02,Wallet,2024-01-30
9799,1911.02,Wallet,2024-01-19
4678,1353.7,Wallet,2024-01-20
19417,1560.69,NetBanking,2024-02-03
7008,1489.0,Card,2024-02-22
13109,1920.09,Wallet,2024-02-19
4508,1343.43,Card,2024-02-21
16481,547.05,Wallet,2024-01-27
2629,1966.75,Wallet,2024-01-27
19515,1693.01,Card,2024-01-27
7220,500.77,NetBanking,2024-02-09
3447,480.39,Wallet,2024-01-23
207,1583.08,NetBanking,2024-02-26
18885,790.27,Wallet,2024-02-28
14767,795.44,NetBanking,2024-02-05
5806,541.71,Card,2024-01-19
13660,1936.66,Card,2024-02-29
12313,1278.91,Wallet,2024-01-21
7651,546.4,UPI,2024-01-18
4845,1144.68,UPI,2024-01-18
1514,1641.28,Wallet,2024-01-10
11831,1061.12,NetBanking,2024-01-23
10193,1301.46,UPI,2024-02-03
1776,1015.33,Card,2024-02-11
151,276.26,Wallet,2024-02-21
5524,1327.05,NetBanking,2024-02-15
12283,110.58,NetBanking,2024-02-22
12524,1711.12,NetBanking,2024-01-10
2563,1910.94,Card,2024-02-28
14427,458.03,Card,2024-02-02
18089,1069.54,UPI,2024-01-01
18504,990.17,Wallet,2024-01-11
9340,426.28,Card,2024-01-04
16818,1672.05,UPI,2024-02-04
6817,314.4,NetBanking,2024-02-06
9613,1227.51,NetBanking,2024-01-22
16827,901.79,Wallet,2024-02-22
5314,484.27,UPI,2024-01-12
4029,1084.3,Wallet,2024-01-21
15873,176.68,Wallet,2024-02-01
4694,973.82,NetBanking,2024-02-15
16451,416.57,Wallet,2024-02-25
7141,305.98,NetBanking,2024-01-08
11303,273.23,Card,2024-01-17
5942,882.95,UPI,2024-01-17
7948,1711.66,UPI,2024-02-14
1961,1920.77,Wallet,2024-02-04
88,761.85,Card,2024-02-17
5190,1362.41,NetBanking,2024-01-24
10476,939.12,Card,2024-01-20
15239,685.5,NetBanking,2024-01-19
10905,1315.45,Wallet,2024-02-23
9889,411.22,Wallet,2024-02-13
15772,177.83,Card,2024-01-07
5759,959.07,NetBanking,2024-02-15
15598,1315.83,Card,2024-01-29
8798,1702.64,Card,2024-02-25
3373,1988.01,Wallet,2024-02-08
5310,434.29,Wallet,2024-01-21
15869,380.5,Wallet,2024-02-29
18186,1747.99,NetBanking,2024-01-20
15727,1480.71,NetBanking,2024-03-01
10951,1935.99,UPI,2024-02-27
19347,1482.71,UPI,2024-01-24
4752,1441.66,NetBanking,2024-02-17
7248,1466.27,Wallet,2024-02-10
12738,1460.09,Wallet,2024-01-12
15059,867.28,UPI,2024-02-28
5591,601.38,Wallet,2024-01-14
18127,721.16,Wallet,2024-02-17
19618,1229.7,UPI,2024-02-01
6793,612.13,NetBanking,2024-01-19
24,675.47,UPI,2024-01-25
9009,1479.22,UPI,2024-02-27
7227,343.43,Wallet,2024-01-31
9797,754.72,NetBanking,2024-01-06
5799,912.69,NetBanking,2024-02-02
18888,935.66,Wallet,2024-03-01
9781,935.96,NetBanking,2024-02-29
19304,494.1,Card,2024-02-11
2597,255.17,Wallet,2024-02-24
5123,603.06,Wallet,2024-01-15
16607,975.14,NetBanking,2024-02-07
1414,962.16,NetBanking,2024-01-18
5664,312.08,NetBanking,2024-01-26
18558,1274.61,Wallet,2024-01-29
2408,1485.61,UPI,2024-02-16
16452,1530.3,Wallet,2024-02-12
17238,536.48,NetBanking,2024-01-13
14015,634.16,Card,2024-02-16
10065,1679.25,NetBanking,2024-01-08
18569,408.32,UPI,2024-01-11
17947,1271.18,UPI,2024-01-14
15454,396.36,Card,2024-01-25
10033,1132.72,Card,2024-02-14
8593,566.94,UPI,2024-01-18
16012,1686.77,Wallet,2024-01-14
9829,1805.2,NetBanking,2024-03-01
1074,1678.81,Wallet,2024-01-15
15655,1069.84,Card,2024-02-20
12059,805.11,Wallet,2024-01-16
7944,980.66,UPI,2024-02-02
8567,204.66,Wallet,2024-01-31
16019,1147.42,NetBanking,2024-02-26
10108,1744.43,NetBanking,2024-01-02
18760,418.56,Wallet,2024-01-28
14613,1344.44,NetBanking,2024-02-11
10846,1882.66,NetBanking,2024-01-12
16408,501.59,Wallet,2024-01-21
10474,1051.31,NetBanking,2024-01-05
6684,1165.95,NetBanking,2024-01-05
4048,1617.58,Card,2024-01-17
6292,1138.03,Wallet,2024-01-28
370,408.06,UPI,2024-02-01
5645,1646.94,UPI,2024-02-11
7369,1734.1,UPI,2024-01-02
18661,1511.0,NetBanking,2024-01-21
535,260.26,NetBanking,2024-01-21
13328,1974.55,Card,2024-01-15
4060,1805.2,NetBanking,2024-01-14
9791,1895.55,Card,2024-01-07
5979,1950.16,NetBanking,2024-01-15
9891,1600.26,Wallet,2024-03-01
3886,409.28,Wallet,2024-02-26
8707,702.08,NetBanking,2024-02-03
14451,1390.54,NetBanking,2024-02-02
19920,304.31,Wallet,2024-01-11
1649,1699.83,Wallet,2024-01-24
19657,1721.07,UPI,2024-01-15
17429,361.87,NetBanking,2024-01-25
3508,1717.02,UPI,2024-02-19
66,292.88,UPI,2024-01-04
2332,807.35,Card,2024-01-24
9543,157.12,UPI,2024-02-05
18287,110.7,UPI,2024-02-19
6103,1521.19,UPI,2024-01-03
13562,1685.43,Wallet,2024-03-01
13498,374.31,UPI,2024-01-02
19196,1628.26,NetBanking,2024-02-12
19432,749.49,NetBanking,2024-01-25
7389,1016.63,Wallet,2024-02-22
15612,1354.31,NetBanking,2024-01-06
19238,1143.46,UPI,2024-02-22
10100,1882.92,Wallet,2024-01-10
13387,793.71,NetBanking,2024-01-03
9663,1564.79,NetBanking,2024-01-11
979,128.65,Card,2024-01-29
1111,1999.63,Wallet,2024-02-13
12028,304.98,NetBanking,2024-01-10
3929,1074.83,NetBanking,2024-02-17
3862,1802.31,Card,2024-02-09
12872,1913.23,UPI,2024-01-25
19079,514.67,UPI,2024-02-28
12434,1358.01,Wallet,2024-01-08
13999,1525.77,Wallet,2024-02-15
17114,1957.76,UPI,2024-02-22
8098,1734.95,Card,2024-01-26
2225,987.57,NetBanking,2024-01-18
5368,1161.48,NetBanking,2024-02-08
13234,1705.87,Card,2024-02-17
19960,942.64,NetBanking,2024-02-21
11992,946.57,Wallet,2024-01-31
14355,1199.5,Wallet,2024-02-04
13590,127.27,NetBanking,2024-01-27
2290,292.97,NetBanking,2024-01-05
4799,375.18,NetBanking,2024-01-26
8726,134.9,Card,2024-01-22
6091,500.62,NetBanking,2024-02-18
13719,953.0,Card,2024-01-30
4177,891.61,Wallet,2024-01-10
1388,1297.53,Card,2024-01-11
15284,933.76,UPI,2024-01-21
7204,1595.04,Wallet,2024-01-09
14955,121.31,Wallet,2024-01-30
8340,1365.85,NetBanking,2024-02-11
13743,841.36,Card,2024-01-10
17499,1464.85,NetBanking,2024-01-10
10383,1132.06,Card,2024-02-15
10444,1744.84,Card,2024-02-27
15699,1994.11,UPI,2024-02-10
2089,1203.08,Card,2024-01-07
12326,563.76,Card,2024-01-18
11945,480.6,Wallet,2024-01-07
17656,651.9,Wallet,2024-02-24
3369,1286.22,NetBanking,2024-02-01
4167,632.62,UPI,2024-01-16
16461,308.23,Card,2024-02-24
5518,533.48,UPI,2024-01-20
11561,309.39,Card,2024-02-10
18694,590.26,Wallet,2024-01-15
9835,818.97,NetBanking,2024-02-19
7828,796.56,UPI,2024-01-26
19399,1338.39,UPI,2024-01-22
2770,1304.5,UPI,2024-01-12
8775,1208.64,UPI,2024-02-21
2789,1657.09,Wallet,2024-02-20
72,961.65,UPI,2024-01-24
6161,1959.42,Card,2024-02-02
13038,1532.87,Card,2024-02-02
15218,1501.34,Wallet,2024-01-16
11551,1761.65,UPI,2024-01-26
14858,1143.7,Card,2024-02-16
9793,1544.12,UPI,2024-01-12
11770,1274.35,UPI,2024-02-09
8138,241.37,Wallet,2024-01-26
13836,1392.98,UPI,2024-01-06
12861,985.13,NetBanking,2024-01-27
12950,768.48,Wallet,2024-01-13
11510,858.92,Wallet,2024-01-24
3343,1149.6,Card,2024-01-18
4774,1196.33,NetBanking,2024-01-31
4987,1425.18,Wallet,2024-01-31
2083,871.68,UPI,2024-02-19
1029,802.35,NetBanking,2024-02-23
12389,1009.85,Wallet,2024-02-23
19123,1370.95,Wallet,2024-01-13
17721,120.43,NetBanking,2024-01-29
16323,1437.21,UPI,2024-02-12
7065,1650.59,Card,2024-02-13
17142,1373.14,Card,2024-01-05
18262,1738.31,UPI,2024-01-04
18554,1568.09,UPI,2024-01-25
9130,1222.48,Card,2024-02-28
2261,1213.05,UPI,2024-01-03
16594,1375.92,Card,2024-01-15
18238,1181.23,Wallet,2024-02-20
1856,263.44,UPI,2024-01-18
18711,1487.24,UPI,2024-01-17
6476,1387.57,Wallet,2024-02-04
12307,1118.64,Card,2024-01-16
1998,367.39,UPI,2024-02-13
5469,237.41,Card,2024-01-30
12450,1759.02,Card,2024-01-17
16863,819.89,Wallet,2024-02-02
11659,248.28,NetBanking,2024-01-13
833,1168.17,UPI,2024-01-01
13983,1646.33,Card,2024-02-24
1170,1318.03,Card,2024-01-31
10733,443.78,Wallet,2024-01-12
16462,1199.53,Card,2024-01-24
10161,1036.25,Wallet,2024-01-08
16939,119.96,UPI,2024-02-04
15643,1962.1,Wallet,2024-03-01
13493,459.27,UPI,2024-02-18
19388,1633.71,Card,2024-01-21
13468,154.83,Wallet,2024-01-26
12361,1302.33,UPI,2024-01-08
18650,628.39,NetBanking,2024-01-04
8345,232.48,Card,2024-01-25
9691,875.3,Card,2024-01-16
18612,1800.32,Card,2024-02-01
12401,1918.53,UPI,2024-01-31
5945,1553.58,Wallet,2024-02-09
1895,618.07,NetBanking,2024-02-23
7161,407.96,Wallet,2024-01-03
3599,282.5,NetBanking,2024-01-17
19334,737.29,Card,2024-01-08
13434,223.98,UPI,2024-02-12
1508,148.0,Wallet,2024-01-24
527,144.47,Card,2024-01-20
8537,1213.6,Card,2024-01-14
5540,217.97,Wallet,2024-02-08
9707,874.7,Card,2024-01-16
7257,1748.43,NetBanking,2024-01-04
10667,290.25,UPI,2024-02-20
3671,1375.89,UPI,2024-02-19
17083,149.2,Card,2024-01-22
9656,1494.61,UPI,2024-01-20
9188,829.03,Wallet,2024-01-01
16425,467.91,Wallet,2024-02-29
13322,1328.57,NetBanking,2024-03-01
8453,735.61,Wallet,2024-01-19
17557,887.9,NetBanking,2024-01-10
6905,1973.25,UPI,2024-01-19
16987,1601.44,Card,2024-02-08
16667,376.91,Wallet,2024-01-04
19955,494.27,NetBanking,2024-02-06
13212,1480.88,UPI,2024-01-24
3113,1805.31,UPI,2024-01-31
6681,566.93,Wallet,2024-01-15
19268,1840.42,Wallet,2024-02-13
14904,391.57,NetBanking,2024-02-07
7697,177.73,Wallet,2024-01-10
3474,345.58,UPI,2024-02-08
8721,1733.07,Wallet,2024-02-12
2513,1621.51,UPI,2024-02-21
15886,1968.59,UPI,2024-02-19
17734,268.98,NetBanking,2024-01-13
12117,1127.52,Card,2024-02-05
2258,1306.92,Wallet,2024-01-27
3083,700.29,Card,2024-01-10
17827,1006.91,Card,2024-01-18
14976,870.81,UPI,2024-01-16
3070,572.35,UPI,2024-01-23
9021,903.26,Card,2024-01-15
11977,1524.24,Card,2024-01-18
17072,1699.87,Wallet,2024-01-01
10947,1880.64,UPI,2024-02-08
1672,1334.74,UPI,2024-01-18
404,1193.24,NetBanking,2024-02-19
10166,323.78,NetBanking,2024-01-09
15093,1318.16,Card,2024-02-24
295,1706.94,NetBanking,2024-01-05
18092,631.27,NetBanking,2024-01-25
13931,1753.05,Wallet,2024-01-23
18683,1976.16,Card,2024-02-10
10824,910.25,Card,2024-01-19
19516,1763.69,UPI,2024-02-13
3631,1283.62,Wallet,2024-01-05
13901,1076.92,Wallet,2024-02-14
16684,1377.33,Wallet,2024-02-19
13415,1503.42,Wallet,2024-01-21
3382,1830.83,Wallet,2024-02-14
9289,381.27,UPI,2024-03-01
8646,156.51,Card,2024-03-01
7180,1894.08,NetBanking,2024-02-05
12655,557.91,UPI,2024-01-21
15824,341.54,NetBanking,2024-02-09
14949,1768.34,Wallet,2024-02-10
2387,417.2,Wallet,2024-02-11
17177,115.03,NetBanking,2024-02-04
8886,209.35,Wallet,2024-02-24
9902,435.71,NetBanking,2024-01-05
16970,1255.11,Card,2024-01-27
13947,448.9,UPI,2024-02-15
17454,160.77,NetBanking,2024-02-05
1661,1037.64,NetBanking,2024-02-15
19730,563.83,UPI,2024-02-21
19269,1830.4,NetBanking,2024-02-10
2267,101.96,Card,2024-02-25
16779,502.29,NetBanking,2024-01-13
15230,1177.95,Wallet,2024-01-29
11065,324.93,NetBanking,2024-02-25
2416,1515.05,NetBanking,2024-02-21
9840,1190.89,UPI,2024-02-04
16817,1706.88,Wallet,2024-01-14
12395,857.47,Wallet,2024-01-24
7406,587.33,NetBanking,2024-02-14
4251,1651.69,UPI,2024-02-14
1993,1754.08,NetBanking,2024-01-20
3406,487.08,Wallet,2024-02-14
9746,1241.95,Card,2024-01-29
8807,1494.25,Wallet,2024-01-10
6477,1257.44,UPI,2024-02-23
7344,1350.5,UPI,2024-02-26
14716,137.49,Wallet,2024-02-29
2104,115.11,NetBanking,2024-02-12
14650,144.61,Card,2024-02-27
13428,1243.16,UPI,2024-01-28
10984,1010.96,Card,2024-02-02
1073,1275.47,Wallet,2024-02-20
13510,789.82,UPI,2024-01-29
12200,1447.63,Card,2024-01-06
19638,799.1,Card,2024-02-02
3472,133.57,Wallet,2024-02-19
13200,1630.56,NetBanking,2024-01-06
8563,295.27,Wallet,2024-01-25
758,1161.81,Card,2024-01-16
7214,1067.76,Wallet,2024-02-02
11639,1435.34,NetBanking,2024-01-06
6349,1588.58,NetBanking,2024-02-24
11203,126.45,Card,2024-01-15
3034,2082.45,Wallet,2024-01-06
4919,1035.8,NetBanking,2024-01-01
16088,1416.6,UPI,2024-02-10
465,547.94,UPI,2024-02-15
580,1289.39,Card,2024-02-14
1515,1019.47,Wallet,2024-02-13
11820,126.12,Card,2024-01-26
5088,134.18,Wallet,2024-01-07
12351,1633.43,UPI,2024-01-05
13942,502.87,NetBanking,2024-01-31
13675,1936.2,Wallet,2024-01-13
19912,372.49,Card,2024-02-02
13968,424.57,NetBanking,2024-01-19
1952,581.41,UPI,2024-02-02
15939,1170.98,Card,2024-01-01
12272,916.07,Wallet,2024-01-12
14068,469.27,UPI,2024-01-28
16681,1262.26,NetBanking,2024-02-02
10495,535.86,UPI,2024-01-29
15905,1491.74,Card,2024-01-09
9803,1780.17,UPI,2024-02-11
11817,1550.42,UPI,2024-01-27
16530,1728.01,Card,2024-02-15
12990,1367.64,NetBanking,2024-02-10
18427,1671.81,NetBanking,2024-01-24
6459,411.39,NetBanking,2024-02-24
19592,1540.92,NetBanking,2024-02-29
8786,1173.98,UPI,2024-01-25
18000,1993.65,Wallet,2024-02-23
10572,1873.86,UPI,2024-01-18
18550,1209.0,NetBanking,2024-01-28
3008,393.3,Wallet,2024-01-23
11793,1048.92,NetBanking,2024-02-27
12585,229.28,Wallet,2024-01-19
10405,829.15,Card,2024-02-21
7385,1881.59,Wallet,2024-02-16
17729,404.17,Card,2024-01-04
11575,278.11,Wallet,2024-02-11
13330,544.13,Card,2024-02-28
9535,1053.68,Card,2024-02-26
18053,1154.49,UPI,2024-01-07
12336,1798.54,NetBanking,2024-02-06
5185,157.77,Wallet,2024-02-14
15137,1508.69,NetBanking,2024-01-20
8253,1668.12,UPI,2024-01-19
17001,837.35,NetBanking,2024-02-25
14911,415.11,Wallet,2024-01-22
3689,1264.47,Wallet,2024-01-30
889,1863.13,NetBanking,2024-01-18
10664,1951.37,Wallet,2024-02-01
11462,1126.34,NetBanking,2024-02-07
6325,1594.09,Card,2024-02-25
19031,865.21,Card,2024-02-11
6583,583.64,Wallet,2024-02-11
12474,703.97,NetBanking,2024-01-02
10839,436.04,UPI,2024-02-09
9972,1396.77,NetBanking,2024-01-15
15113,1594.59,NetBanking,2024-01-19
9763,903.13,UPI,2024-01-28
17517,1340.12,UPI,2024-01-28
13327,271.79,NetBanking,2024-01-25
10699,1163.53,NetBanking,2024-01-30
8861,200.21,NetBanking,2024-02-16
12446,703.04,Card,2024-02-11
12429,323.36,Card,2024-01-25
11690,1638.85,Card,2024-01-24
3115,1065.68,Wallet,2024-01-17
1981,1499.6,NetBanking,2024-01-13
7733,189.02,Card,2024-02-20
4436,584.21,NetBanking,2024-01-04
18753,133.43,Card,2024-01-23
14945,544.52,UPI,2024-01-18
1610,1217.89,UPI,2024-01-29
8384,974.6,Card,2024-02-17
5447,373.59,Wallet,2024-01-19
12519,965.75,UPI,2024-02-02
6227,1770.61,Card,2024-01-13
1684,1498.16,NetBanking,2024-02-18
17094,1950.45,UPI,2024-01-24
11164,934.39,NetBanking,2024-02-07
9377,976.06,Wallet,2024-01-14
13610,1200.82,Card,2024-02-01
17424,1789.29,Card,2024-01-14
4113,1753.66,Wallet,2024-02-09
10857,966.97,Wallet,2024-02-17
8847,1266.46,NetBanking,2024-01-24
19672,1178.73,NetBanking,2024-02-11
3998,2088.17,UPI,2024-02-04
16478,1088.34,NetBanking,2024-01-25
9694,1066.54,Card,2024-02-16
9423,841.0,UPI,2024-02-02
1562,953.1,Wallet,2024-01-20
6853,1722.47,UPI,2024-02-17
13520,1861.22,UPI,2024-02-24
12996,1479.28,Card,2024-03-01
2903,143.15,Card,2024-02-21
19507,447.01,NetBanking,2024-02-04
16123,1054.61,Wallet,2024-02-12
9868,653.05,Card,2024-01-15
12197,793.07,Card,2024-01-11
18802,1081.69,Card,2024-01-14
19465,975.57,UPI,2024-02-17
5085,1884.76,UPI,2024-01-16
12873,1419.29,Wallet,2024-02-28
2910,895.41,Wallet,2024-02-10
3093,464.37,NetBanking,2024-02-12
18065,888.75,UPI,2024-01-20
6038,1129.89,Wallet,2024-02-04
16918,404.09,UPI,2024-02-14
5125,340.35,NetBanking,2024-01-07
4975,1863.81,NetBanking,2024-01-22
10787,1846.42,UPI,2024-01-21
3778,1873.62,UPI,2024-02-26
8568,1048.43,Card,2024-02-29
16626,231.87,NetBanking,2024-01-15
15555,640.44,Wallet,2024-01-15
5178,427.35,Wallet,2024-01-21
522,795.71,NetBanking,2024-01-09
4750,664.06,NetBanking,2024-01-29
16384,1198.75,Card,2024-02-08
16258,1367.63,NetBanking,2024-02-29
9251,1084.92,Card,2024-02-14
511,1389.86,Wallet,2024-01-09
15142,1623.93,NetBanking,2024-01-29
15619,1695.65,NetBanking,2024-02-14
446,149.71,Card,2024-01-22
3116,332.03,Wallet,2024-01-22
16181,1621.4,Card,2024-02-23
1712,1567.7,Card,2024-01-19
18046,1070.35,Card,2024-02-20
14647,1775.09,Wallet,2024-01-15
15120,733.83,Card,2024-01-11
1547,904.43,NetBanking,2024-02-01
16528,1909.31,Wallet,2024-02-28
10281,794.14,Card,2024-01-24
19034,993.81,UPI,2024-01-04
16168,679.08,UPI,2024-02-20
13396,813.27,Wallet,2024-02-21
12729,1727.0,UPI,2024-01-14
219,1781.21,Wallet,2024-02-12
14694,193.19,Wallet,2024-01-22
11545,1549.29,Wallet,2024-02-07
16087,327.42,UPI,2024-02-16
18332,1920.74,UPI,2024-01-22
7943,923.5,NetBanking,2024-02-13
14047,966.72,Card,2024-02-28
13262,839.3,NetBanking,2024-02-23
19863,455.27,UPI,2024-01-16
9809,1140.56,NetBanking,2024-02-02
9201,1137.43,UPI,2024-02-01
17356,1628.27,Card,2024-02-09
10006,1826.44,UPI,2024-01-30
1682,1705.84,NetBanking,2024-01-31
7223,497.84,Wallet,2024-01-18
3017,811.42,Wallet,2024-01-22
5783,1195.23,NetBanking,2024-01-18
12440,940.49,NetBanking,2024-01-09
15349,1623.87,Wallet,2024-02-23
8997,1252.35,Wallet,2024-02-02
7704,721.77,NetBanking,2024-02-26
3659,144.57,UPI,2024-01-25
1882,816.18,Wallet,2024-01-18
9452,753.16,NetBanking,2024-02-12
16577,839.89,NetBanking,2024-02-13
4049,846.43,Card,2024-02-21
17764,453.77,UPI,2024-01-13
7766,487.1,NetBanking,2024-01-05
5224,340.98,Wallet,2024-02-04
15998,1721.34,Card,2024-01-10
4279,638.63,Wallet,2024-01-01
4588,1739.46,NetBanking,2024-02-25
11343,115.38,Wallet,2024-02-18
9843,1657.6,UPI,2024-01-17
2365,1016.99,NetBanking,2024-01-24
12810,776.96,Wallet,2024-02-08
10900,542.63,NetBanking,2024-03-01
12619,487.59,UPI,2024-02-06
12907,1740.88,NetBanking,2024-02-12
19967,743.47,NetBanking,2024-01-14
4813,1414.97,UPI,2024-02-19
19588,232.23,Card,2024-01-06
13060,1073.57,Card,2024-01-09
5408,338.2,Card,2024-01-27
17181,638.17,NetBanking,2024-03-01
14769,1507.15,Wallet,2024-02-09
7819,989.82,UPI,2024-02-04
2266,1582.84,NetBanking,2024-02-03
12597,342.19,NetBanking,2024-01-03
10363,483.17,NetBanking,2024-02-02
8395,1765.09,Wallet,2024-01-16
3989,835.43,UPI,2024-01-31
16077,150.89,NetBanking,2024-02-02
10871,1441.03,UPI,2024-01-13
15618,1651.92,NetBanking,2024-01-10
223,814.8,NetBanking,2024-02-23
3692,1419.56,Card,2024-02-12
6066,1239.58,NetBanking,2024-01-25
4259,1884.17,NetBanking,2024-02-12
506,1369.43,Card,2024-02-17
19421,1508.81,UPI,2024-02-27
19492,1500.77,Card,2024-01-09
2520,443.06,UPI,2024-02-15
6271,419.45,Wallet,2024-01-12
793,956.4,UPI,2024-01-04
12070,1752.55,Card,2024-02-27
17015,349.31,Wallet,2024-01-18
5648,599.39,NetBanking,2024-01-16
10650,282.69,Wallet,2024-02-08
13157,1099.86,UPI,2024-02-04
17031,1852.88,Card,2024-02-21
9536,957.74,Card,2024-01-02
19471,971.22,Card,2024-02-03
10346,1714.24,Wallet,2024-01-28
2307,1512.41,UPI,2024-02-15
12547,209.18,Wallet,2024-02-20
15266,1240.85,Card,2024-01-19
422,334.1,NetBanking,2024-02-28
1662,1029.34,Wallet,2024-01-05
16941,1252.01,Card,2024-01-07
802,1812.31,Wallet,2024-01-05
17539,1681.29,Wallet,2024-01-28
16067,1782.36,Wallet,2024-01-31
19356,678.42,Card,2024-01-07
18013,127.79,Card,2024-01-13
4198,1411.21,NetBanking,2024-02-22
4806,412.76,NetBanking,2024-01-24
17433,1774.46,NetBanking,2024-01-19
3683,1513.43,Wallet,2024-02-19
11709,1256.28,Wallet,2024-02-06
18387,784.84,NetBanking,2024-01-18
6532,343.12,UPI,2024-01-31
14624,172.51,NetBanking,2024-02-23
4171,1178.36,Wallet,2024-01-07
18857,1979.64,UPI,2024-01-05
8597,1048.44,Wallet,2024-01-09
12321,346.65,NetBanking,2024-01-15
11368,1169.76,Card,2024-01-22
3877,680.0,UPI,2024-01-29
3244,854.51,NetBanking,2024-01-03
11113,606.55,Wallet,2024-01-31
4944,1970.07,UPI,2024-01-23
6865,756.57,NetBanking,2024-02-26
10076,905.36,UPI,2024-01-28
18755,1867.03,UPI,2024-01-12
17400,897.82,Wallet,2024-01-08
14140,1470.71,Wallet,2024-02-05
2892,1283.16,NetBanking,2024-02-26
16708,1561.77,UPI,2024-02-19
1873,1849.33,Card,2024-01-11
16008,1460.17,UPI,2024-01-29
19892,414.01,UPI,2024-01-03
15572,391.1,NetBanking,2024-02-28
16897,690.79,UPI,2024-02-08
5192,396.3,Card,2024-02-22
11940,1840.81,Card,2024-02-21
14497,1812.04,Wallet,2024-02-03
1683,527.97,Card,2024-01-03
18032,1158.2,NetBanking,2024-01-18
4787,256.84,UPI,2024-02-04
15740,1070.33,UPI,2024-03-01
17409,770.98,UPI,2024-01-23
15325,205.34,NetBanking,2024-02-15
8402,350.84,Wallet,2024-01-09
16237,170.64,Wallet,2024-02-29
14688,1149.0,UPI,2024-02-10
5,614.5,NetBanking,2024-01-29
11656,1918.53,Wallet,2024-01-27
16411,707.57,Wallet,2024-02-21
1015,940.45,Card,2024-02-06
9776,1922.63,Wallet,2024-02-21
9934,351.07,UPI,2024-02-02
12138,178.32,NetBanking,2024-02-28
10154,1511.29,UPI,2024-02-14
5100,131.93,UPI,2024-02-07
5771,433.99,NetBanking,2024-01-03
11780,1018.03,Card,2024-02-02
5043,222.26,Wallet,2024-02-11
5520,1089.96,NetBanking,2024-02-12
755,1687.86,Wallet,2024-01-12
5956,1355.58,Wallet,2024-02-06
5710,556.75,Wallet,2024-01-14
1190,1310.25,NetBanking,2024-01-22
7311,169.73,Card,2024-02-17
12659,1309.25,NetBanking,2024-01-01
58,456.81,NetBanking,2024-01-09
4847,188.98,UPI,2024-01-12
15079,1423.69,Wallet,2024-01-14
19138,562.26,Card,2024-01-20
8168,821.97,Card,2024-02-27
12747,1098.7,Wallet,2024-02-26
3027,717.72,Card,2024-01-27
6757,814.26,Card,2024-02-09
15378,171.26,NetBanking,2024-02-14
10470,734.02,UPI,2024-02-13
8036,1043.7,UPI,2024-01-04
14575,259.09,UPI,2024-01-04
10132,1553.48,Wallet,2024-02-27
15659,936.17,UPI,2024-01-03
15763,1236.35,NetBanking,2024-02-21
3619,914.14,Card,2024-01-27
8388,373.81,Card,2024-01-02
4542,1475.92,UPI,2024-01-15
8069,1664.51,NetBanking,2024-02-07
7413,1452.29,Wallet,2024-02-10
7235,1156.79,NetBanking,2024-01-15
8682,1520.03,Wallet,2024-02-24
13526,1644.54,NetBanking,2024-02-11
7635,914.31,Card,2024-01-04
7553,1436.03,UPI,2024-01-28
172,1884.9,NetBanking,2024-01-22
13184,1535.73,NetBanking,2024-01-23
7921,1967.84,NetBanking,2024-01-12
8471,677.85,Card,2024-02-26
3018,881.68,Card,2024-02-19
7683,742.94,NetBanking,2024-02-26
4541,941.86,Card,2024-02-23
16044,342.44,NetBanking,2024-01-28
7336,956.03,UPI,2024-02-06
5775,133.48,Card,2024-02-02
4450,188.32,Card,2024-01-13
12652,931.75,Wallet,2024-02-23
9717,1286.83,NetBanking,2024-01-24
6147,1085.31,Wallet,2024-01-09
3108,1808.15,Wallet,2024-01-28
14353,471.96,NetBanking,2024-01-29
6411,1928.45,NetBanking,2024-01-19
2702,1512.29,UPI,2024-02-24
4183,941.5,NetBanking,2024-01-16
12862,586.78,Wallet,2024-01-20
8838,1722.85,UPI,2024-01-25
17732,834.62,UPI,2024-01-01
1714,1361.9,NetBanking,2024-02-14
2984,1818.36,Wallet,2024-02-21
11758,636.55,Card,2024-02-12
3786,1312.25,UPI,2024-02-09
18417,839.46,UPI,2024-01-07
16102,1476.91,Wallet,2024-01-14
16637,1282.33,NetBanking,2024-02-26
9298,1666.72,UPI,2024-01-29
2067,175.49,UPI,2024-01-24
13192,1662.6,Wallet,2024-02-23
13514,249.5,Card,2024-02-13
12437,1672.59,UPI,2024-02-15
14729,1998.64,UPI,2024-01-06
17635,633.29,UPI,2024-02-11
9824,1199.76,UPI,2024-02-06
14760,626.19,Wallet,2024-01-27
11689,290.87,NetBanking,2024-02-21
8517,650.46,Card,2024-02-23
13791,1280.9,NetBanking,2024-01-09
16317,486.17,Wallet,2024-01-06
455,247.35,Card,2024-01-29
14748,1031.53,NetBanking,2024-02-03
15352,1418.48,Card,2024-02-20
19005,331.04,NetBanking,2024-02-22
10026,1411.94,Card,2024-01-03
16017,885.02,Wallet,2024-02-07
13774,631.43,Wallet,2024-02-18
16683,1996.98,Wallet,2024-01-09
3081,1033.48,NetBanking,2024-01-31
9332,1104.88,Wallet,2024-01-06
2255,1699.92,Wallet,2024-01-05
2607,366.72,NetBanking,2024-01-28
11779,1945.07,Card,2024-02-26
15813,1438.5,UPI,2024-02-24
19710,462.26,Card,2024-03-01
14319,893.77,NetBanking,2024-02-12
12898,1931.47,Card,2024-02-27
13232,1035.36,UPI,2024-01-16
7523,408.95,NetBanking,2024-01-19
17607,459.93,NetBanking,2024-02-12
9238,1755.99,Card,2024-01-14
11774,1473.8,Card,2024-01-21
6497,594.84,NetBanking,2024-01-30
13012,974.56,NetBanking,2024-02-15
14541,1365.79,NetBanking,2024-01-13
2401,1959.98,NetBanking,2024-01-12
12248,1536.13,UPI,2024-02-27
2137,1589.83,UPI,2024-02-26
3399,972.03,UPI,2024-02-09
9512,677.97,Wallet,2024-01-01
16822,718.54,UPI,2024-02-13
5388,1247.86,UPI,2024-02-16
18662,1405.95,UPI,2024-01-20
1804,1460.08,Card,2024-02-11
1752,1447.64,NetBanking,2024-01-25
9878,1969.64,NetBanking,2024-02-04
14121,1178.21,UPI,2024-02-22
12115,1926.2,Wallet,2024-01-25
15728,427.0,Wallet,2024-01-06
9624,212.25,Card,2024-01-02
3771,311.24,Card,2024-02-26
12541,754.15,UPI,2024-02-04
10891,935.32,UPI,2024-01-29
13763,1439.16,Card,2024-02-21
7957,1426.36,Wallet,2024-01-11
11092,104.81,Card,2024-02-14
3177,646.38,Card,2024-01-21
10267,1317.14,NetBanking,2024-01-27
1569,600.76,UPI,2024-02-07
4466,1027.7,Wallet,2024-02-08
8214,851.17,Card,2024-02-17
82,336.83,UPI,2024-02-25
11230,888.3,Card,2024-02-03
15623,1503.17,Card,2024-02-01
6225,324.68,NetBanking,2024-01-18
8816,1520.23,Wallet,2024-01-18
2619,762.56,Card,2024-01-27
17587,1349.19,UPI,2024-01-08
13928,111.08,NetBanking,2024-02-10
17953,1938.91,UPI,2024-01-10
1865,1524.8,UPI,2024-02-13
6025,1235.4,NetBanking,2024-01-19
4846,124.79,UPI,2024-01-27
5097,513.49,NetBanking,2024-01-08
1589,273.95,UPI,2024-01-17
15734,393.69,Wallet,2024-02-19
2606,1675.14,Wallet,2024-02-21
1526,1562.1,Wallet,2024-01-29
1962,1591.46,UPI,2024-02-03
13098,1206.2,Wallet,2024-01-08
19120,1841.28,Card,2024-02-25
16640,1690.8,Card,2024-01-27
5246,856.39,Card,2024-01-19
13160,1355.31,Card,2024-02-26
45,166.55,Card,2024-01-20
18998,1953.93,Wallet,2024-01-01
2978,1962.27,Card,2024-01-20
14522,1148.49,Card,2024-01-15
18836,1112.01,Card,2024-02-22
19791,408.53,NetBanking,2024-01-20
13929,1027.6,NetBanking,2024-01-30
11120,766.74,Wallet,2024-02-14
11943,258.72,NetBanking,2024-01-12
15437,614.36,NetBanking,2024-03-01
9742,2095.02,Card,2024-02-12
794,1402.68,Wallet,2024-01-01
4805,891.36,UPI,2024-02-27
13019,1131.19,UPI,2024-02-27
1433,1274.37,Wallet,2024-02-16
4230,457.33,UPI,2024-01-23
2142,1210.14,NetBanking,2024-01-15
8580,681.25,Wallet,2024-01-22
12449,1711.72,NetBanking,2024-02-24
14633,453.39,Wallet,2024-01-20
11227,967.96,Wallet,2024-02-24
8141,973.92,NetBanking,2024-02-28
9633,939.74,NetBanking,2024-02-01
699,626.75,Wallet,2024-01-30
3902,1904.95,NetBanking,2024-01-06
1728,1386.11,Card,2024-01-21
9105,389.81,Wallet,2024-01-27
10629,1915.39,Card,2024-02-07
19888,1526.71,NetBanking,2024-02-16
10025,1755.67,Card,2024-01-28
6330,1257.87,NetBanking,2024-02-11
13293,1967.0,NetBanking,2024-01-17
3318,2023.77,UPI,2024-01-29
15960,171.65,Card,2024-02-10
9617,264.86,Wallet,2024-02-01
15415,1460.97,UPI,2024-02-26
14530,1729.1,NetBanking,2024-01-15
95,575.9,UPI,2024-02-07
3131,708.28,Wallet,2024-02-28
5481,964.73,NetBanking,2024-02-29
1491,918.72,UPI,2024-02-18
4175,545.15,Card,2024-01-18
3871,1634.96,Card,2024-02-06
10388,1269.95,Card,2024-01-17
13834,1242.04,Wallet,2024-01-13
7658,333.66,NetBanking,2024-02-05
10443,1290.69,Card,2024-01-29
1519,142.17,NetBanking,2024-01-03
6627,755.52,UPI,2024-02-25
17835,449.76,NetBanking,2024-01-04
1068,1465.41,NetBanking,2024-01-17
15981,265.32,Card,2024-02-27
3953,124.85,NetBanking,2024-01-06
5367,881.01,Wallet,2024-02-10
9415,1360.19,UPI,2024-02-10
8301,1929.24,UPI,2024-02-26
4154,563.57,Card,2024-02-17
7851,1881.56,Card,2024-02-03
14008,591.19,NetBanking,2024-02-11
16292,1795.08,NetBanking,2024-02-18
1227,1013.4,Wallet,2024-02-04
14478,1708.53,Wallet,2024-02-29
8407,1232.5,NetBanking,2024-02-19
2755,1654.47,UPI,2024-01-25
18987,1561.26,Card,2024-01-31
4039,1171.84,Wallet,2024-01-08
4725,1014.79,Card,2024-02-15
11443,1352.08,UPI,2024-02-13
15774,487.08,Card,2024-02-13
11712,1823.05,NetBanking,2024-02-21
18606,1985.89,Wallet,2024-02-24
11605,1144.42,Wallet,2024-01-02
147,1493.13,Card,2024-02-15
10361,1356.98,Card,2024-01-27
6701,563.63,UPI,2024-01-21
15291,305.21,NetBanking,2024-02-01
314,1218.64,Wallet,2024-02-26
1928,1194.13,Card,2024-01-19
4658,383.25,NetBanking,2024-02-05
11290,495.98,NetBanking,2024-01-14
10381,1132.5,UPI,2024-01-21
3956,150.24,UPI,2024-02-10
14501,762.72,UPI,2024-02-05
18676,233.45,Card,2024-01-29
499,651.22,UPI,2024-02-21
5317,617.49,UPI,2024-02-08
2919,1663.58,Wallet,2024-01-16
14070,143.61,Wallet,2024-01-11
8875,445.52,Card,2024-02-17
4882,187.4,NetBanking,2024-01-24
6302,1027.15,Card,2024-02-17
8722,1244.12,Wallet,2024-01-16
7839,474.37,UPI,2024-01-21
7050,732.03,NetBanking,2024-01-13
18424,1146.41,Wallet,2024-01-16
18619,1259.98,Wallet,2024-02-15
14504,1499.14,NetBanking,2024-02-28
2507,1072.09,Wallet,2024-01-09
4264,203.8,UPI,2024-02-19
7317,129.81,Card,2024-02-01
15635,1054.32,Card,2024-01-22
18493,1494.52,UPI,2024-02-08
19181,1215.59,Wallet,2024-02-14
423,381.3,UPI,2024-03-01
9347,1625.87,UPI,2024-01-01
9986,974.01,NetBanking,2024-01-14
11280,970.6,UPI,2024-02-13
8634,1556.27,Card,2024-02-08
1764,433.6,UPI,2024-02-16
5195,1213.86,Card,2024-03-01
16543,172.68,Wallet,2024-02-26
2662,1188.0,Card,2024-01-10
939,1348.36,UPI,2024-01-11
2561,551.87,Card,2024-02-27
16599,325.86,Wallet,2024-01-11
1451,1223.7,NetBanking,2024-02-29
15054,1777.53,UPI,2024-01-30
15970,719.56,Wallet,2024-02-15
7240,745.88,UPI,2024-02-11
14120,376.19,Card,2024-01-17
7804,1750.57,NetBanking,2024-02-28
2545,1132.14,Wallet,2024-02-09
11224,1997.25,Card,2024-01-17
10562,322.64,Wallet,2024-02-02
18670,1932.56,NetBanking,2024-01-25
1040,716.16,Card,2024-02-04
12892,594.81,Wallet,2024-01-30
6182,352.34,Wallet,2024-01-22
8552,1327.45,Wallet,2024-01-27
11156,184.68,UPI,2024-01-01
3374,1938.06,UPI,2024-02-23
12602,266.96,Card,2024-01-27
4762,393.94,Card,2024-03-01
19494,1696.46,NetBanking,2024-01-15
8883,1399.4,NetBanking,2024-01-24
18263,1196.31,NetBanking,2024-02-26
17747,574.1,Card,2024-02-15
18386,1885.38,NetBanking,2024-01-06
12367,1590.33,Wallet,2024-02-04
18134,943.3,UPI,2024-01-15
13997,1143.29,NetBanking,2024-02-22
5977,321.2,Wallet,2024-01-05
10647,817.71,UPI,2024-01-15
16387,588.44,NetBanking,2024-02-19
3620,1183.07,Card,2024-01-18
18993,1105.13,NetBanking,2024-02-03
10811,1782.92,NetBanking,2024-01-05
19584,1353.23,Card,2024-01-13
11982,410.9,Wallet,2024-01-03
8302,698.63,UPI,2024-02-17
17342,111.54,NetBanking,2024-01-27
18018,1412.21,Wallet,2024-02-15
8803,696.52,NetBanking,2024-02-21
5991,474.01,Wallet,2024-02-06
18197,744.63,UPI,2024-02-24
5270,1358.75,Wallet,2024-02-12
18380,442.95,UPI,2024-01-13
8911,479.07,NetBanking,2024-02-28
2254,510.49,Wallet,2024-02-08
12737,1107.33,NetBanking,2024-02-09
15104,1777.14,Card,2024-01-10
10719,1536.22,Card,2024-02-27
7195,1465.44,UPI,2024-02-06
12155,1072.73,NetBanking,2024-01-15
17313,309.17,NetBanking,2024-02-04
3697,685.92,NetBanking,2024-01-07
6241,301.62,Wallet,2024-02-26
5797,1198.56,NetBanking,2024-01-21
15750,490.71,NetBanking,2024-02-22
4311,975.55,Card,2024-01-14
10607,1487.02,Wallet,2024-01-20
3231,722.52,Card,2024-01-02
5656,232.8,UPI,2024-01-06
8732,108.81,NetBanking,2024-02-19
15855,582.29,Wallet,2024-01-22
9206,709.88,UPI,2024-01-09
14468,1657.51,UPI,2024-02-27
13712,1417.52,NetBanking,2024-02-16
16669,838.5,Card,2024-02-20
19945,1583.04,UPI,2024-02-27
6149,515.7,Wallet,2024-01-11
5242,1831.65,UPI,2024-01-17
10523,911.66,UPI,2024-02-11
4283,1387.92,NetBanking,2024-02-24
8431,1313.71,NetBanking,2024-01-22
10211,259.03,Wallet,2024-01-06
7160,1690.9,UPI,2024-01-03
17447,1899.48,Card,2024-02-01
18784,1225.21,Card,2024-01-09
15151,706.64,UPI,2024-01-24
1419,1773.22,Card,2024-01-24
13134,1827.91,Card,2024-02-25
10901,532.76,UPI,2024-02-29
903,1023.67,Wallet,2024-02-11
5514,1586.38,NetBanking,2024-02-05
14509,1074.02,Wallet,2024-01-09
8140,520.88,NetBanking,2024-02-13
8276,1789.15,UPI,2024-01-03
17675,294.98,NetBanking,2024-01-19
7211,1842.07,NetBanking,2024-01-31
19000,952.61,NetBanking,2024-02-04
6961,393.63,UPI,2024-01-10
8170,1535.69,Card,2024-02-05
15636,1144.42,NetBanking,2024-02-08
14561,1658.32,Wallet,2024-01-21
18795,1199.68,Card,2024-01-28
10653,1499.57,Wallet,2024-03-01
19925,869.41,Card,2024-02-08
12459,1104.38,NetBanking,2024-01-16
15255,1149.02,NetBanking,2024-01-06
19312,1675.53,NetBanking,2024-02-26
281,1812.37,Card,2024-02-02
8589,458.24,Wallet,2024-02-26
86,539.05,NetBanking,2024-01-15
1268,1949.24,NetBanking,2024-02-02
16662,317.24,Wallet,2024-01-16
4699,504.82,NetBanking,2024-01-24
4907,859.34,Wallet,2024-02-09
5714,844.01,Card,2024-02-06
8511,857.95,Wallet,2024-01-29
8833,820.9,Wallet,2024-01-03
3872,486.63,UPI,2024-02-11
14832,1314.77,Card,2024-02-20
15421,1529.66,NetBanking,2024-02-09
19956,1899.94,Wallet,2024-01-31
18988,1515.63,Wallet,2024-02-07
15499,1314.72,Card,2024-01-04
8335,1863.43,Card,2024-01-25
15165,1729.46,NetBanking,2024-01-25
836,682.33,UPI,2024-01-11
6446,410.78,Card,2024-01-18
11017,1982.41,Card,2024-02-12
8678,953.2,Card,2024-01-10
11173,1038.66,Wallet,2024-01-13
7990,468.98,NetBanking,2024-01-10
15460,1785.69,NetBanking,2024-02-22
14025,1001.68,Wallet,2024-01-27
1300,688.31,NetBanking,2024-01-02
10836,812.6,Wallet,2024-01-09
6805,1137.16,UPI,2024-01-19
15817,1577.42,NetBanking,2024-01-19
8034,1222.9,Card,2024-01-05
3930,1986.13,Card,2024-01-23
1654,670.83,Wallet,2024-01-03
4397,1514.65,Card,2024-02-04
9528,726.81,UPI,2024-02-08
3674,380.78,UPI,2024-02-06
2987,1449.5,Wallet,2024-01-25
5620,548.19,Card,2024-02-26
11459,789.79,Wallet,2024-02-05
15305,1750.61,Card,2024-01-28
5207,1408.05,Wallet,2024-01-29
16832,1374.41,NetBanking,2024-01-31
4375,393.05,Wallet,2024-01-14
16178,1563.45,Wallet,2024-02-24
8626,1194.52,Card,2024-02-07
2579,1669.15,Wallet,2024-01-04
8996,1705.23,Card,2024-01-20
5292,181.44,Card,2024-01-15
13219,1884.27,Card,2024-01-19
9709,145.3,NetBanking,2024-01-01
11586,435.56,Wallet,2024-01-06
8248,1255.02,Wallet,2024-01-25
13907,337.54,NetBanking,2024-01-19
6117,1754.71,UPI,2024-01-05
8898,916.07,Card,2024-01-02
2043,351.43,UPI,2024-01-23
4513,712.76,Card,2024-01-02
12832,471.76,UPI,2024-01-05
610,209.15,Wallet,2024-01-28
3850,698.29,NetBanking,2024-02-18
10639,1954.17,NetBanking,2024-01-05
7878,695.62,Card,2024-01-13
14736,1757.12,Card,2024-02-04
7536,1084.18,Wallet,2024-01-23
13070,1287.59,UPI,2024-01-10
18761,224.61,Wallet,2024-02-13
12039,1649.97,Wallet,2024-01-24
719,922.97,NetBanking,2024-01-31
12765,558.89,NetBanking,2024-01-26
13015,101.22,UPI,2024-02-02
1733,683.44,Card,2024-01-15
7072,1886.01,UPI,2024-01-21
18226,1402.86,UPI,2024-02-08
10258,988.2,UPI,2024-01-20
3069,252.75,NetBanking,2024-02-27
9612,1653.26,UPI,2024-02-08
6404,420.61,NetBanking,2024-01-19
8776,1566.17,Wallet,2024-02-07
10442,600.35,Wallet,2024-02-28
11637,1593.67,Wallet,2024-02-09
15533,454.86,Card,2024-02-26
19847,356.28,Wallet,2024-02-14
8349,1408.09,Wallet,2024-02-03
14768,697.8,Wallet,2024-01-29
4707,489.8,UPI,2024-01-21
11533,173.66,Wallet,2024-02-24
6224,1684.28,UPI,2024-02-29
9162,292.05,UPI,2024-02-14
12470,726.26,Card,2024-01-18
14793,1505.31,Card,2024-01-20
19491,1571.05,Card,2024-02-16
19008,238.4,NetBanking,2024-01-01
2616,960.58,NetBanking,2024-02-28
8134,1547.24,NetBanking,2024-01-02
10865,158.4,UPI,2024-02-27
18131,1106.4,Card,2024-01-27
12393,877.04,UPI,2024-02-01
3805,1140.69,Card,2024-02-17
15264,449.95,UPI,2024-02-14
14926,631.38,Wallet,2024-01-27
16823,1598.82,Card,2024-02-26
3945,1351.41,Card,2024-01-21
1307,1828.94,NetBanking,2024-01-19
4180,1854.22,Wallet,2024-01-10
8983,1004.45,Card,2024-01-08
12888,421.69,UPI,2024-01-19
19308,1928.54,Wallet,2024-01-13
10715,1782.51,NetBanking,2024-01-25
12072,1019.79,Card,2024-01-25
4349,1565.51,Wallet,2024-02-26
5730,111.34,Wallet,2024-02-07
11560,837.73,Wallet,2024-02-24
2717,1402.24,NetBanking,2024-02-10
10916,582.14,NetBanking,2024-01-18
18817,681.44,Wallet,2024-01-21
12935,817.05,Wallet,2024-01-03
4187,109.42,NetBanking,2024-01-02
12735,1200.97,UPI,2024-01-08
8054,1257.7,UPI,2024-02-21
15606,464.08,UPI,2024-02-01
11705,766.48,NetBanking,2024-01-10
11995,261.62,Card,2024-01-29
8738,1202.67,UPI,2024-02-18
7724,1999.34,NetBanking,2024-01-24
12293,285.24,NetBanking,2024-01-29
8719,1076.58,UPI,2024-01-16
11563,1475.04,Wallet,2024-01-26
15211,567.68,Wallet,2024-01-06
18768,1721.73,Card,2024-01-07
8824,133.92,Card,2024-02-21
8694,1985.62,UPI,2024-02-16
3352,1154.66,Card,2024-02-22
2604,461.19,Wallet,2024-02-03
18748,685.05,NetBanking,2024-01-30
19149,302.67,Wallet,2024-02-04
16356,956.07,Card,2024-02-04
8259,814.61,Wallet,2024-01-10
3947,1412.21,Card,2024-01-14
6077,429.61,Card,2024-02-09
2907,1522.16,NetBanking,2024-01-13
1313,1345.38,NetBanking,2024-02-15
458,303.07,Wallet,2024-01-21
13007,325.92,Wallet,2024-01-02
14608,1161.23,UPI,2024-02-01
4103,1364.72,Card,2024-01-27
5202,1480.78,NetBanking,2024-02-25
7932,1125.67,UPI,2024-01-24
2518,188.04,Card,2024-02-23
12500,902.28,UPI,2024-02-17
9158,1562.69,Wallet,2024-01-24
3362,919.63,NetBanking,2024-01-25
8153,879.36,NetBanking,2024-01-07
10671,1199.98,UPI,2024-01-27
14841,1277.15,Card,2024-02-09
15556,441.18,NetBanking,2024-01-15
5504,1711.74,NetBanking,2024-01-25
19270,1183.83,Card,2024-01-11
18842,93.64,Wallet,2024-01-18
7457,1095.5,UPI,2024-02-23
8393,234.41,Card,2024-01-29
2644,1496.02,UPI,2024-01-20
8624,1768.7,NetBanking,2024-01-03
17993,986.36,Card,2024-01-06
7372,1966.45,Wallet,2024-01-05
18819,943.31,UPI,2024-01-01
243,1676.66,UPI,2024-01-30
11116,299.46,Wallet,2024-01-21
4687,810.73,Card,2024-03-01
15672,1898.3,UPI,2024-02-01
19046,1748.52,NetBanking,2024-02-23
5522,1230.68,NetBanking,2024-01-17
7519,348.29,NetBanking,2024-01-08
7545,1591.05,Card,2024-01-28
14160,1343.15,UPI,2024-02-04
2853,711.57,NetBanking,2024-01-04
18717,689.75,NetBanking,2024-02-04
18461,558.94,UPI,2024-01-06
626,1672.99,Wallet,2024-01-09
5838,1852.74,UPI,2024-01-31
13988,1976.42,Card,2024-01-15
6896,1244.81,UPI,2024-01-21
436,1478.65,Card,2024-01-16
2121,1207.64,UPI,2024-02-12
5641,1816.62,Wallet,2024-01-16
15357,681.17,Wallet,2024-01-24
15140,445.86,Card,2024-02-01
13316,126.96,Card,2024-01-03
12223,1037.05,Wallet,2024-01-02
17462,1607.77,NetBanking,2024-02-23
2920,1431.87,Card,2024-01-19
14233,109.95,Wallet,2024-01-21
688,751.86,UPI,2024-02-02
3274,595.3,UPI,2024-02-16
10609,121.05,NetBanking,2024-02-22
14740,670.59,Wallet,2024-02-08
3673,524.99,Card,2024-01-27
19290,1995.35,Card,2024-02-20
9917,1666.25,Wallet,2024-02-16
1349,1140.28,Card,2024-02-22
10546,1583.2,UPI,2024-01-19
7842,858.06,NetBanking,2024-01-12
5208,1073.16,UPI,2024-02-14
630,957.48,NetBanking,2024-01-21
18977,1287.15,Wallet,2024-01-17
9035,359.44,Wallet,2024-02-18
14331,1841.07,NetBanking,2024-01-16
1566,890.31,UPI,2024-01-08
15642,999.16,Wallet,2024-02-09
8841,1970.12,Card,2024-01-09
646,757.19,UPI,2024-02-20
3291,1444.5,UPI,2024-01-22
9255,1280.02,Wallet,2024-02-23
17780,1264.26,NetBanking,2024-01-08
17954,1314.4,NetBanking,2024-01-19
566,779.18,UPI,2024-02-02
18416,1127.88,Wallet,2024-02-04
18270,1791.9,Wallet,2024-02-16
11162,2013.64,UPI,2024-02-18
19473,662.01,UPI,2024-02-15
10285,1449.1,Wallet,2024-02-29
12265,746.7,NetBanking,2024-02-15
8923,1718.64,NetBanking,2024-01-02
2816,986.97,Wallet,2024-01-05
11784,1173.18,NetBanking,2024-01-16
5997,442.33,Card,2024-02-14
14432,461.76,Wallet,2024-02-21
3985,922.54,UPI,2024-01-15
16851,1400.63,NetBanking,2024-02-18
17277,1552.97,Wallet,2024-01-24
11805,702.1,UPI,2024-01-16
11449,575.82,Card,2024-01-28
18426,579.16,UPI,2024-02-10
11087,970.11,NetBanking,2024-02-11
12203,1579.94,Card,2024-01-19
18617,1125.55,NetBanking,2024-02-29
394,1059.43,UPI,2024-01-25
17008,842.26,Wallet,2024-02-16
15676,1686.26,Wallet,2024-01-11
14757,801.0,UPI,2024-01-04
9189,884.29,UPI,2024-01-05
12397,1066.1,Wallet,2024-01-19
17276,904.67,UPI,2024-01-10
15373,1519.69,Wallet,2024-01-31
16840,680.39,Wallet,2024-02-29
652,1261.77,UPI,2024-02-23
1144,1359.96,Wallet,2024-02-19
13771,969.02,UPI,2024-02-07
5369,696.43,UPI,2024-01-18
15500,1988.67,NetBanking,2024-02-23
10924,224.83,Card,2024-01-17
1453,207.32,Wallet,2024-02-21
12566,535.4,NetBanking,2024-01-21
5174,1682.09,Card,2024-01-11
5191,600.68,Card,2024-01-11
12918,769.28,Wallet,2024-02-03
5605,572.82,Wallet,2024-01-10
11007,793.23,Wallet,2024-01-04
7587,860.76,UPI,2024-02-11
13125,1486.75,Card,2024-02-29
13847,650.87,Card,2024-02-15
17452,1343.16,NetBanking,2024-01-22
2813,1842.03,NetBanking,2024-01-03
9608,654.04,Wallet,2024-02-26
12100,1807.93,Card,2024-02-21
16653,314.85,Card,2024-02-18
9715,1874.1,NetBanking,2024-03-01
11263,1737.12,UPI,2024-02-18
1174,1283.87,Wallet,2024-01-08
6171,267.27,Card,2024-01-31
4999,1101.41,Wallet,2024-01-12
17586,319.55,Wallet,2024-02-03
16912,1271.52,Card,2024-02-16
3033,238.23,UPI,2024-02-13
5286,962.04,UPI,2024-02-11
2274,1334.77,Wallet,2024-02-24
2643,1128.84,Card,2024-01-09
13618,608.91,NetBanking,2024-02-13
17303,1177.3,UPI,2024-02-25
17324,1763.32,NetBanking,2024-01-22
5218,503.0,Wallet,2024-02-02
4100,1828.85,Wallet,2024-01-12
7891,1059.79,Wallet,2024-02-17
15147,1427.06,NetBanking,2024-01-11
13366,473.54,Card,2024-01-17
12292,1628.22,Wallet,2024-02-26
11024,1868.11,Card,2024-02-07
7162,729.15,Wallet,2024-02-06
3334,393.68,Card,2024-01-18
5870,1903.24,NetBanking,2024-01-30
2335,831.46,UPI,2024-03-01
2441,1778.79,UPI,2024-02-02
8459,880.73,UPI,2024-01-20
17563,1305.27,NetBanking,2024-01-02
8464,1029.44,UPI,2024-01-02
13374,1867.5,NetBanking,2024-02-22
13664,1037.16,UPI,2024-02-20
14131,1451.92,NetBanking,2024-01-30
5122,1782.25,NetBanking,2024-02-17
19014,810.59,UPI,2024-01-14
1408,1446.79,NetBanking,2024-02-18
15108,1606.81,Card,2024-02-02
8938,930.52,UPI,2024-02-22
9773,1999.92,Card,2024-01-28
9863,1222.22,Wallet,2024-01-10
4764,914.85,Card,2024-02-08
4612,1174.15,Wallet,2024-01-11
16767,175.82,UPI,2024-01-31
18855,2134.5,UPI,2024-01-03
8673,1595.13,UPI,2024-01-27
15883,746.35,NetBanking,2024-01-10
11749,1402.88,Wallet,2024-02-21
10187,1069.17,Card,2024-01-19
13195,1490.91,UPI,2024-01-20
17003,1956.71,NetBanking,2024-02-03
3510,347.55,Wallet,2024-01-13
7455,865.44,Wallet,2024-02-07
114,1110.24,UPI,2024-02-29
18771,711.66,UPI,2024-01-01
14483,150.09,Wallet,2024-02-20
4708,342.99,NetBanking,2024-02-14
17789,1618.36,UPI,2024-01-26
15451,1155.43,Card,2024-01-23
1395,1741.74,Wallet,2024-02-10
6370,1358.83,Wallet,2024-02-17
5576,1683.91,Card,2024-01-12
4500,441.72,Wallet,2024-02-10
15375,915.59,Card,2024-01-26
13150,1695.42,UPI,2024-02-01
10548,1285.99,Card,2024-01-18
3138,600.56,UPI,2024-02-29
14807,886.27,UPI,2024-01-12
1668,720.69,NetBanking,2024-01-07
16759,1015.11,NetBanking,2024-01-31
17936,1557.22,UPI,2024-01-13
16559,434.92,Wallet,2024-02-27
17941,1606.92,UPI,2024-02-21
8346,991.93,Card,2024-02-29
9606,251.58,UPI,2024-01-23
11918,262.4,Card,2024-01-18
828,826.66,Wallet,2024-01-26
991,203.37,Wallet,2024-01-31
820,403.84,Card,2024-02-16
18846,292.94,Card,2024-01-16
5291,756.07,UPI,2024-02-17
1004,1225.19,Wallet,2024-01-02
17187,2094.23,Wallet,2024-01-12
19695,1549.5,Card,2024-02-07
4387,1786.79,Card,2024-02-02
12876,1546.39,Wallet,2024-02-07
3464,573.47,Card,2024-02-27
11569,1389.25,Wallet,2024-01-22
19550,588.76,Card,2024-02-05
7887,1650.1,Card,2024-02-13
5725,1549.02,Wallet,2024-02-17
2730,1364.88,NetBanking,2024-02-23
6573,1607.88,UPI,2024-01-17
12168,755.43,UPI,2024-02-18
10055,1673.92,Wallet,2024-02-10
9714,916.03,UPI,2024-01-25
1773,193.2,NetBanking,2024-02-13
9001,1658.09,NetBanking,2024-01-11
7917,1090.26,UPI,2024-01-11
168,976.32,Card,2024-01-07
3800,1160.47,UPI,2024-02-06
9400,539.86,UPI,2024-02-10
18345,1117.81,NetBanking,2024-02-12
7881,234.51,UPI,2024-01-16
8224,1525.63,NetBanking,2024-02-22
5474,468.92,NetBanking,2024-02-28
6122,236.42,Card,2024-02-18
16327,902.21,UPI,2024-01-24
10373,420.64,Card,2024-01-16
2992,1309.14,Card,2024-02-29
4467,173.68,NetBanking,2024-01-06
14282,1756.6,Card,2024-02-24
5256,733.12,NetBanking,2024-01-11
2961,315.39,UPI,2024-02-02
2194,944.07,Wallet,2024-01-12
16399,403.22,Card,2024-01-23
8082,995.97,NetBanking,2024-02-05
8793,706.39,UPI,2024-02-01
10418,1278.85,Wallet,2024-02-26
4922,869.56,Card,2024-01-15
6129,1566.36,Wallet,2024-02-11
821,1927.0,NetBanking,2024-02-13
12630,1323.31,Wallet,2024-01-18
16151,1687.66,NetBanking,2024-01-08
11489,1601.85,Wallet,2024-01-22
9839,1930.82,Card,2024-01-27
12142,907.65,Card,2024-01-11
16625,290.75,NetBanking,2024-01-21
18042,1319.39,Card,2024-01-20
18699,1809.82,UPI,2024-02-01
3812,201.81,UPI,2024-01-09
2590,1399.23,Wallet,2024-01-17
18592,1666.2,Wallet,2024-01-24
9164,1809.07,NetBanking,2024-01-30
10992,317.97,Card,2024-01-25
6813,1153.66,NetBanking,2024-01-05
19505,1376.08,Wallet,2024-01-13
4741,1249.88,Wallet,2024-01-21
17369,335.6,Card,2024-02-08
2295,476.84,UPI,2024-02-01
6247,193.79,NetBanking,2024-02-28
17527,1285.31,NetBanking,2024-01-10
13377,847.4,UPI,2024-01-21
2642,1633.01,UPI,2024-01-15
7225,456.56,Wallet,2024-02-18
1556,1727.93,UPI,2024-01-25
4399,914.4,UPI,2024-01-15
13092,571.72,Wallet,2024-02-28
15412,400.55,Wallet,2024-01-24
3278,581.73,Wallet,2024-02-25
11309,1777.2,Card,2024-02-01
3609,1514.45,Card,2024-02-14
1160,664.51,UPI,2024-01-05
13324,265.85,NetBanking,2024-01-02
19554,461.72,Wallet,2024-01-14
666,1703.7,Wallet,2024-01-28
19706,1892.39,Wallet,2024-01-13
1760,518.46,UPI,2024-01-23
13252,584.15,Wallet,2024-01-16
17758,851.86,Card,2024-01-10
17226,309.3,NetBanking,2024-01-16
9616,797.71,UPI,2024-02-29
6824,1881.64,Card,2024-01-20
1770,1907.89,Card,2024-01-14
6200,1533.95,Wallet,2024-01-27
1987,1791.22,NetBanking,2024-01-14
5872,1835.9,Wallet,2024-02-14
14114,251.76,Card,2024-01-08
7696,1663.95,NetBanking,2024-01-17
15553,806.16,NetBanking,2024-02-06
7186,934.77,Wallet,2024-02-27
15148,665.3,Wallet,2024-01-16
8446,1680.4,Wallet,2024-02-26
4534,295.18,Wallet,2024-01-18
10789,1926.53,Card,2024-01-07
9782,1777.5,UPI,2024-02-09
5064,238.19,UPI,2024-02-05
13524,1564.59,Card,2024-01-23
8482,1053.95,NetBanking,2024-01-02
8243,1895.39,Card,2024-01-16
94,597.77,Card,2024-01-04
7422,1192.22,UPI,2024-01-12
6808,891.33,UPI,2024-02-07
1421,651.08,NetBanking,2024-01-02
231,370.19,UPI,2024-02-08
157,1207.28,NetBanking,2024-01-17
1638,1130.18,UPI,2024-02-20
17243,1889.32,Card,2024-01-03
1455,1436.67,NetBanking,2024-02-07
3746,155.63,UPI,2024-01-16
16112,1111.08,Card,2024-02-17
16950,1330.39,Card,2024-01-23
1,532.61,Wallet,2024-02-26
485,1184.12,Card,2024-01-02
3168,658.79,UPI,2024-01-03
19726,813.75,Card,2024-01-04
16744,630.78,UPI,2024-01-13
6463,1199.0,Wallet,2024-02-23
9557,1433.41,Wallet,2024-02-14
17681,510.59,Card,2024-01-07
17577,224.13,Wallet,2024-01-05
15057,851.57,NetBanking,2024-01-22
12085,618.56,Wallet,2024-02-01
16968,1267.16,UPI,2024-01-02
9542,1477.66,UPI,2024-01-26
17641,1079.89,UPI,2024-01-04
10438,1944.57,UPI,2024-02-03
8009,487.78,Card,2024-01-03
3506,561.79,NetBanking,2024-02-14
7500,1318.44,Wallet,2024-01-22
13484,189.91,NetBanking,2024-02-08
9716,228.29,NetBanking,2024-01-24
6057,510.64,UPI,2024-02-11
8955,153.46,UPI,2024-01-28
16757,1055.82,Wallet,2024-01-21
7781,821.65,Wallet,2024-01-18
18224,538.23,NetBanking,2024-01-23
17978,1916.15,UPI,2024-01-17
18645,1093.47,Wallet,2024-02-21
11491,361.85,Card,2024-01-22
3874,856.97,UPI,2024-02-07
17093,1561.99,UPI,2024-02-05
10156,922.8,NetBanking,2024-02-26
9724,655.37,Card,2024-02-22
11264,658.16,NetBanking,2024-02-23
12949,994.89,Wallet,2024-02-02
3888,966.73,Card,2024-02-18
11003,1774.14,UPI,2024-01-02
12637,390.25,Card,2024-01-20
6844,415.15,NetBanking,2024-01-09
11566,1338.55,Card,2024-02-09
15287,361.14,UPI,2024-02-13
9718,1072.45,Card,2024-01-24
18182,1180.7,NetBanking,2024-01-17
8378,1919.7,UPI,2024-02-11
4603,1236.5,NetBanking,2024-01-11
8998,1821.48,Card,2024-01-24
7930,564.34,UPI,2024-02-09
17975,1607.69,NetBanking,2024-01-20
11151,1673.99,Card,2024-01-30
6083,1448.87,UPI,2024-01-17
778,1602.75,Wallet,2024-01-15
19986,1324.4,NetBanking,2024-01-01
9859,1119.67,UPI,2024-02-25
17393,1315.09,Card,2024-01-15
1795,886.6,Card,2024-01-26
19535,350.9,Wallet,2024-01-24
15940,1954.35,Card,2024-01-25
905,1769.19,Wallet,2024-01-30
19872,1364.71,NetBanking,2024-01-06
1800,618.33,UPI,2024-02-22
17878,1243.46,UPI,2024-01-05
10477,313.5,Wallet,2024-02-19
18810,2059.09,Card,2024-01-28
17809,128.3,NetBanking,2024-02-03
1938,468.14,UPI,2024-01-17
10031,1562.51,NetBanking,2024-01-11
15208,689.91,Wallet,2024-01-18
11289,1493.84,UPI,2024-02-28
2959,919.49,Wallet,2024-01-31
18421,1856.03,NetBanking,2024-01-02
14309,507.39,Wallet,2024-02-01
9584,448.12,Card,2024-02-05
17711,1646.54,Wallet,2024-01-21
7856,147.06,Wallet,2024-01-30
9455,1407.04,Wallet,2024-01-13
6,1579.44,Wallet,2024-01-13
12226,1147.47,Wallet,2024-02-23
3195,1504.4,NetBanking,2024-01-03
9373,1892.91,UPI,2024-01-13
9509,496.48,UPI,2024-02-20
9591,1505.92,UPI,2024-02-03
6421,1533.31,NetBanking,2024-02-14
5836,1108.53,UPI,2024-03-01
44,198.11,NetBanking,2024-03-01
17304,804.93,UPI,2024-01-22
1608,1999.45,UPI,2024-01-04
663,1820.73,Card,2024-02-18
10889,813.76,UPI,2024-01-10
18093,555.05,NetBanking,2024-02-11
4619,1340.75,Card,2024-02-03
13576,1709.49,Wallet,2024-02-14
8814,1529.01,UPI,2024-02-24
12754,197.06,Card,2024-01-15
748,1669.48,Card,2024-02-20
10374,1865.15,UPI,2024-03-01
3809,1805.77,NetBanking,2024-02-24
18853,1828.24,NetBanking,2024-02-09
7091,1495.35,Card,2024-01-04
14544,1544.34,NetBanking,2024-02-23
531,1481.32,NetBanking,2024-01-20
3678,1135.46,Wallet,2024-02-12
1316,1949.34,Card,2024-01-12
12668,1883.34,Card,2024-02-10
1178,1169.79,UPI,2024-02-14
12686,228.54,UPI,2024-01-01
5407,1691.96,Card,2024-01-07
14935,643.96,NetBanking,2024-02-23
14289,1045.62,Card,2024-02-28
12836,1457.91,NetBanking,2024-01-22
5170,389.31,Card,2024-02-16
2385,1377.3,Wallet,2024-01-07
5320,307.86,UPI,2024-01-25
8832,1657.93,NetBanking,2024-02-20
3422,749.62,Wallet,2024-02-12
1904,606.17,Card,2024-01-19
8012,605.68,NetBanking,2024-02-26
18525,1682.74,UPI,2024-02-24
11043,1691.45,NetBanking,2024-01-26
7808,968.49,NetBanking,2024-02-09
7345,1456.25,Wallet,2024-01-09
9271,186.61,UPI,2024-02-02
7846,650.49,NetBanking,2024-02-19
16907,1536.98,NetBanking,2024-01-19
18710,1712.26,NetBanking,2024-01-23
1005,1445.23,Wallet,2024-02-11
1493,1836.75,Card,2024-01-09
19850,283.48,NetBanking,2024-02-07
19952,801.56,Card,2024-01-17
18671,1713.98,UPI,2024-01-01
6034,1004.93,NetBanking,2024-02-22
17960,1935.54,Wallet,2024-01-16
1561,726.75,Card,2024-01-24
5046,362.43,Wallet,2024-01-26
9481,521.24,Wallet,2024-01-30
15668,1040.4,NetBanking,2024-02-21
8230,1280.27,Card,2024-01-06
8174,1358.03,UPI,2024-01-11
3419,1480.67,Wallet,2024-01-21
16569,1917.11,NetBanking,2024-01-03
15756,1987.91,Wallet,2024-02-09
11700,1608.05,UPI,2024-01-31
13144,826.22,Card,2024-01-10
6118,1793.65,UPI,2024-01-19
15816,1485.01,UPI,2024-01-17
4038,310.22,UPI,2024-01-19
5741,1540.53,Wallet,2024-02-04
9151,292.46,NetBanking,2024-02-24
5535,309.88,Card,2024-01-31
3404,1278.94,Wallet,2024-02-20
12060,462.0,Wallet,2024-02-07
12445,813.76,Card,2024-02-26
13764,1479.51,Card,2024-02-16
3720,1534.05,Wallet,2024-01-19
17839,1763.75,Wallet,2024-01-08
13948,1884.8,Wallet,2024-01-03
18433,945.94,Card,2024-02-25
11577,885.37,Card,2024-01-05
5846,1457.94,NetBanking,2024-01-21
12916,1908.73,Wallet,2024-01-27
8094,527.35,Wallet,2024-02-13
11229,538.55,Wallet,2024-01-16
8040,1436.96,Card,2024-01-01
19886,1672.14,UPI,2024-02-13
16083,122.0,Card,2024-01-03
2273,535.96,Wallet,2024-02-19
1439,301.45,Wallet,2024-02-24
11905,1733.51,NetBanking,2024-01-15
8448,987.81,Card,2024-02-18
7094,1259.02,UPI,2024-02-01
2918,974.25,Wallet,2024-01-25
10269,1757.68,Card,2024-02-13
7558,321.75,Wallet,2024-02-28
15685,457.93,Card,2024-01-15
12331,768.23,NetBanking,2024-01-17
6984,713.71,UPI,2024-01-19
1657,597.77,Card,2024-01-25
13176,302.45,Card,2024-01-06
3701,1940.91,NetBanking,2024-02-01
11061,847.96,NetBanking,2024-02-08
3991,1829.36,Wallet,2024-02-05
16925,1605.41,NetBanking,2024-01-27
12692,121.05,Card,2024-02-11
6615,334.33,Wallet,2024-02-15
6372,851.8,UPI,2024-02-27
7177,809.36,Card,2024-02-07
11238,637.35,Wallet,2024-02-29
19472,1277.2,NetBanking,2024-01-19
8585,381.29,Wallet,2024-02-15
1819,525.74,Wallet,2024-02-07
8755,1177.42,Card,2024-01-13
14543,574.41,UPI,2024-02-13
872,825.59,NetBanking,2024-02-16
12885,1170.6,NetBanking,2024-01-13
14632,1954.06,NetBanking,2024-02-01
9531,245.9,Wallet,2024-02-15
13411,1553.14,Wallet,2024-01-24
929,1239.1,Wallet,2024-03-01
17782,1771.78,NetBanking,2024-01-28
6432,1004.07,Card,2024-02-22
12047,1007.56,UPI,2024-02-10
7763,490.08,Card,2024-02-28
4232,1831.45,NetBanking,2024-01-10
12049,499.08,Wallet,2024-01-05
11469,922.39,UPI,2024-02-08
18539,1769.46,Card,2024-02-13
9148,1975.66,Wallet,2024-01-31
974,1904.01,Wallet,2024-01-13
17231,769.78,Card,2024-02-19
16448,501.03,Card,2024-01-24
625,1146.16,NetBanking,2024-02-21
3038,1000.8,UPI,2024-02-22
3814,154.86,Wallet,2024-02-03
10207,1149.96,UPI,2024-02-27
16781,957.23,Wallet,2024-01-18
809,665.93,Wallet,2024-01-10
15658,1709.66,Wallet,2024-01-26
1911,803.82,UPI,2024-02-22
8844,1798.18,Wallet,2024-01-28
11546,1557.94,NetBanking,2024-02-24
4570,896.69,UPI,2024-01-19
8974,1873.94,Card,2024-02-12
10526,1910.68,NetBanking,2024-02-06
18828,1297.53,UPI,2024-01-21
2407,932.62,NetBanking,2024-01-12
269,137.2,UPI,2024-01-16
11013,543.61,Wallet,2024-01-26
11202,769.96,UPI,2024-02-14
2565,905.26,NetBanking,2024-01-09
12026,138.94,NetBanking,2024-01-19
8975,1965.6,NetBanking,2024-01-14
15178,1737.98,Card,2024-02-29
17797,1417.58,NetBanking,2024-03-01
12910,1124.75,NetBanking,2024-01-21
15695,1681.09,UPI,2024-01-24
5121,496.15,Wallet,2024-01-04
3685,1806.67,Wallet,2024-02-29
14654,802.53,UPI,2024-02-23
8772,478.09,Wallet,2024-02-14
19610,588.02,UPI,2024-01-05
7129,446.15,UPI,2024-01-22
10931,957.55,UPI,2024-02-23
10697,500.8,Wallet,2024-01-15
15083,1533.25,Card,2024-01-15
12212,1481.73,UPI,2024-02-26
1330,1068.46,UPI,2024-01-11
6286,428.26,Wallet,2024-02-23
11821,1731.31,Card,2024-02-02
460,408.86,Card,2024-01-20
5685,741.04,Card,2024-01-24
14273,209.0,UPI,2024-01-08
5068,449.37,NetBanking,2024-01-31
7703,513.8,UPI,2024-02-14
15006,1948.43,Wallet,2024-01-19
15993,1946.36,Wallet,2024-02-17
17047,1005.35,Wallet,2024-01-26
2648,1610.77,NetBanking,2024-01-08
633,615.53,UPI,2024-02-04
13507,1436.34,Card,2024-02-24
16250,1054.76,Card,2024-01-10
8251,1206.53,Card,2024-02-07
19834,242.96,NetBanking,2024-02-04
15919,1385.53,NetBanking,2024-02-08
7036,122.12,UPI,2024-01-27
264,1845.71,Wallet,2024-01-30
7933,533.51,Card,2024-01-28
9646,1120.18,NetBanking,2024-02-12
14906,1618.68,UPI,2024-01-06
1898,1467.38,Wallet,2024-02-28
7044,690.08,Wallet,2024-01-16
18122,1892.34,NetBanking,2024-01-10
7578,1269.79,Wallet,2024-02-06
19786,580.47,Card,2024-01-13
11121,588.9,Card,2024-01-13
2865,921.21,Card,2024-01-06
9578,381.04,NetBanking,2024-02-18
771,167.56,UPI,2024-02-19
16,1529.45,NetBanking,2024-01-31
5019,919.35,NetBanking,2024-01-27
8790,1580.1,Card,2024-02-05
8255,694.24,NetBanking,2024-01-14
1598,156.47,UPI,2024-02-03
16365,1008.71,UPI,2024-02-08
10978,1662.64,Wallet,2024-02-21
11888,1335.96,NetBanking,2024-02-12
15256,1077.62,NetBanking,2024-02-15
5496,1505.54,Card,2024-01-14
19401,1247.01,UPI,2024-01-30
7423,816.13,UPI,2024-02-01
3684,366.08,Card,2024-01-25
11312,1694.76,UPI,2024-01-02
3848,1029.06,Card,2024-02-23
9710,131.91,UPI,2024-01-27
17236,1043.94,NetBanking,2024-01-08
12774,1581.94,NetBanking,2024-02-18
15995,1901.96,NetBanking,2024-01-28
7192,1245.64,UPI,2024-01-30
9820,1451.56,NetBanking,2024-02-16
4609,725.33,Wallet,2024-01-01
530,1037.33,Wallet,2024-01-29
19807,1198.07,NetBanking,2024-01-13
13353,1996.37,Card,2024-02-04
17126,801.94,Card,2024-02-21
1716,304.06,Card,2024-01-28
14202,1959.72,Card,2024-02-18
10988,584.43,UPI,2024-02-03
5072,197.81,Wallet,2024-02-11
16814,1891.16,Card,2024-02-25
2714,1684.42,NetBanking,2024-02-20
11697,1367.43,UPI,2024-01-01
16217,414.38,UPI,2024-01-18
6379,442.68,NetBanking,2024-01-22
8990,1340.46,UPI,2024-02-06
3125,1886.13,UPI,2024-01-27
7254,1891.77,Wallet,2024-01-18
19604,911.82,UPI,2024-01-15
14590,132.3,Card,2024-02-16
12814,633.15,UPI,2024-02-13
5640,1417.76,UPI,2024-02-19
19451,1252.51,UPI,2024-02-25
7083,1218.18,UPI,2024-01-17
14526,1161.17,Wallet,2024-01-26
5272,1748.97,Wallet,2024-01-22
13698,1413.51,NetBanking,2024-01-19
7923,765.87,Wallet,2024-01-02
3806,412.83,NetBanking,2024-01-02
6772,1487.38,Card,2024-01-16
19928,1673.47,UPI,2024-01-31
18445,1690.01,Card,2024-01-02
1546,729.26,NetBanking,2024-02-28
8095,239.0,Card,2024-02-27
5623,1638.32,Card,2024-02-06
15704,840.83,Wallet,2024-01-28
7731,173.98,Card,2024-01-28
7326,594.08,NetBanking,2024-01-22
7331,572.44,UPI,2024-02-07
17896,206.87,NetBanking,2024-01-01
19764,213.04,Wallet,2024-01-13
59,286.36,UPI,2024-01-14
16355,322.99,NetBanking,2024-02-03
19704,573.45,UPI,2024-01-13
17491,137.0,NetBanking,2024-01-05
6874,904.51,NetBanking,2024-02-26
6785,294.41,NetBanking,2024-01-06
2676,1258.0,Card,2024-02-19
14496,1296.43,Wallet,2024-01-17
14151,639.17,Wallet,2024-01-28
12238,1935.34,Card,2024-02-19
7356,1793.84,NetBanking,2024-01-06
4558,556.53,UPI,2024-02-20
10821,1218.72,Wallet,2024-02-22
9252,1357.74,Wallet,2024-02-17
12338,1787.1,Card,2024-02-19
5528,1976.22,Wallet,2024-01-11
14200,1667.45,Card,2024-02-09
3242,322.24,Wallet,2024-01-01
8235,982.23,Card,2024-02-26
1304,993.83,UPI,2024-01-05
1220,1554.18,UPI,2024-01-03
10831,654.56,UPI,2024-02-06
7059,1032.49,Card,2024-01-05
11200,433.58,Wallet,2024-02-06
4622,1869.93,Card,2024-01-21
10678,835.45,Wallet,2024-01-22
9323,238.23,NetBanking,2024-01-25
4372,725.63,Card,2024-02-11
10939,840.88,NetBanking,2024-02-29
9644,1453.63,Wallet,2024-02-02
18633,1779.06,Wallet,2024-02-25
18392,718.73,Wallet,2024-01-16
7653,1451.05,UPI,2024-02-06
12006,1004.6,UPI,2024-02-24
396,393.54,Wallet,2024-01-02
7416,425.51,UPI,2024-03-01
13633,1467.35,NetBanking,2024-02-15
11870,1898.0,Wallet,2024-02-01
11726,443.76,Card,2024-01-08
17437,843.8,NetBanking,2024-02-04
18132,805.96,NetBanking,2024-01-06
18647,1414.05,NetBanking,2024-01-24
1973,1518.7,UPI,2024-01-29
13407,1679.45,UPI,2024-01-14
4322,1350.83,Card,2024-01-28
445,864.03,Card,2024-02-11
1779,1871.94,NetBanking,2024-02-26
4459,854.01,UPI,2024-01-17
7505,1507.0,Wallet,2024-01-22
11397,680.69,NetBanking,2024-01-13
5815,652.72,Wallet,2024-02-11
15563,878.71,UPI,2024-01-27
4935,1545.76,NetBanking,2024-02-03
7169,742.71,Wallet,2024-02-03
5040,193.07,Wallet,2024-02-02
15377,673.98,Wallet,2024-01-25
17889,310.34,Wallet,2024-02-04
17480,1195.16,Card,2024-01-04
4080,200.23,Card,2024-01-30
10783,766.7,NetBanking,2024-01-06
6603,514.36,UPI,2024-01-28
13073,771.51,Card,2024-01-29
12181,1000.29,Wallet,2024-01-30
303,551.52,Wallet,2024-01-25
13801,1401.15,Wallet,2024-02-26
624,1450.21,NetBanking,2024-01-05
19243,1677.02,UPI,2024-01-01
10800,666.16,Wallet,2024-02-22
996,780.33,NetBanking,2024-01-26
11415,1193.32,Wallet,2024-01-24
15921,961.0,UPI,2024-01-15
19551,127.9,Card,2024-02-16
8457,944.62,Wallet,2024-01-15
9437,1394.38,Wallet,2024-01-08
19962,1762.97,Card,2024-01-29
1323,1883.2,Card,2024-01-06
10858,1489.5,UPI,2024-01-17
3681,1820.03,Card,2024-02-23
19131,1287.95,Wallet,2024-01-19
17479,805.52,UPI,2024-02-26
17807,1293.15,NetBanking,2024-02-16
7761,1984.52,Wallet,2024-02-14
7287,1336.71,Card,2024-01-21
4353,620.09,UPI,2024-02-18
12635,103.48,UPI,2024-01-20
14861,1041.59,UPI,2024-01-31
17242,982.17,Wallet,2024-01-01
4958,1714.22,Wallet,2024-01-31
16422,1984.48,UPI,2024-01-20
8007,263.84,NetBanking,2024-02-20
3088,1387.58,Card,2024-02-15
3045,1381.42,UPI,2024-02-21
13768,1795.16,NetBanking,2024-02-07
4084,1525.24,Card,2024-02-04
18900,668.75,NetBanking,2024-02-06
10566,889.74,NetBanking,2024-02-17
2364,129.38,Card,2024-02-14
11347,256.96,Wallet,2024-02-17
8375,1705.26,UPI,2024-01-25
19561,101.86,NetBanking,2024-02-09
14132,1801.55,UPI,2024-01-03
8817,1417.5,Wallet,2024-02-04
7927,577.24,NetBanking,2024-01-04
15529,905.96,NetBanking,2024-02-08
7133,817.87,UPI,2024-02-16
14500,1263.54,Card,2024-01-03
7854,856.51,UPI,2024-01-03
10765,236.09,Card,2024-02-07
1720,504.64,UPI,2024-02-09
11486,1994.13,UPI,2024-01-18
4914,954.13,Card,2024-02-09
2197,198.87,NetBanking,2024-02-27
10635,152.57,NetBanking,2024-01-26
15324,736.36,Card,2024-01-04
12116,1556.52,Wallet,2024-01-07
7158,1881.04,UPI,2024-02-29
701,769.25,NetBanking,2024-01-27
5903,1415.12,NetBanking,2024-01-08
2439,1652.65,NetBanking,2024-01-11
17183,724.39,NetBanking,2024-02-25
6618,611.84,NetBanking,2024-01-15
2949,812.87,NetBanking,2024-01-03
10235,669.31,NetBanking,2024-02-13
15450,1456.94,UPI,2024-01-24
6568,738.75,UPI,2024-01-04
4207,1194.69,Card,2024-01-04
14375,753.31,NetBanking,2024-02-09
12481,880.84,NetBanking,2024-02-10
10584,584.98,Card,2024-01-03
10005,1308.55,UPI,2024-01-08
211,1361.94,UPI,2024-02-11
6798,120.65,Wallet,2024-01-05
18506,1098.82,Wallet,2024-01-25
16553,577.89,Card,2024-01-03
10042,1040.12,NetBanking,2024-01-10
2453,985.05,Card,2024-02-13
18911,1479.79,NetBanking,2024-02-11
10029,1468.45,Wallet,2024-01-21
16131,1889.16,Wallet,2024-01-26
1572,1871.8,UPI,2024-01-14
18212,1797.26,Card,2024-01-13
12211,548.64,Card,2024-02-05
12856,1656.14,NetBanking,2024-02-21
12795,375.41,NetBanking,2024-02-05
8352,1181.38,NetBanking,2024-02-02
16226,1178.0,Wallet,2024-01-03
14137,1263.48,Wallet,2024-02-20
12753,557.86,Wallet,2024-03-01
19449,1176.5,Card,2024-02-09
14528,1512.7,UPI,2024-01-22
4593,1790.93,UPI,2024-02-07
9856,728.09,UPI,2024-02-06
10596,942.91,NetBanking,2024-01-01
5475,905.12,Card,2024-01-06
8806,1590.56,Card,2024-02-11
14532,230.63,UPI,2024-01-27
4319,1922.28,NetBanking,2024-02-23
11375,979.62,NetBanking,2024-02-23
3338,226.62,NetBanking,2024-01-19
8827,189.24,NetBanking,2024-01-21
11847,750.35,NetBanking,2024-02-07
2566,908.23,NetBanking,2024-01-15
6664,1076.24,Card,2024-02-24
18451,296.25,UPI,2024-01-14
16242,851.21,Card,2024-02-15
6758,1169.41,UPI,2024-01-17
311,461.6,NetBanking,2024-01-17
9450,289.69,NetBanking,2024-02-03
10468,1953.31,Card,2024-02-02
891,1586.89,UPI,2024-01-08
13027,1004.93,Card,2024-02-21
4635,1744.46,UPI,2024-02-18
1489,229.78,NetBanking,2024-01-09
16014,666.48,UPI,2024-02-13
5550,432.38,NetBanking,2024-01-10
3625,1838.85,NetBanking,2024-02-21
10043,522.25,NetBanking,2024-02-20
9309,1469.25,Card,2024-02-12
9268,710.91,Wallet,2024-02-12
17738,1768.62,UPI,2024-02-02
8859,1992.02,Wallet,2024-02-24
9249,235.51,NetBanking,2024-02-11
18063,115.39,Card,2024-02-22
6425,1420.26,UPI,2024-01-24
3627,1676.51,NetBanking,2024-02-14
10728,972.24,Wallet,2024-01-19
6108,1718.06,NetBanking,2024-01-20
16380,1637.85,NetBanking,2024-01-25
13733,1450.0,UPI,2024-02-10
16650,501.33,UPI,2024-01-21
4444,1517.93,NetBanking,2024-01-08
18565,367.35,Card,2024-02-16
6640,641.41,Wallet,2024-01-01
10314,862.41,UPI,2024-02-04
815,1959.76,NetBanking,2024-02-27
15131,1776.71,UPI,2024-01-04
7769,704.09,Card,2024-01-23
7318,1538.28,NetBanking,2024-02-29
5527,1022.38,NetBanking,2024-02-04
12656,1310.95,Card,2024-01-03
14802,1944.79,UPI,2024-01-20
19099,1498.23,UPI,2024-02-26
16728,1621.84,NetBanking,2024-02-02
17602,1489.3,Card,2024-01-04
18641,1519.13,Card,2024-01-18
12184,1802.49,NetBanking,2024-01-13
13171,911.9,UPI,2024-01-14
14109,368.82,NetBanking,2024-02-20
19712,542.49,NetBanking,2024-01-01
12239,713.5,Wallet,2024-02-29
18376,1810.76,NetBanking,2024-01-31
2608,1381.52,UPI,2024-01-24
10702,619.2,UPI,2024-02-14
5857,795.98,Card,2024-01-04
4780,1625.24,Wallet,2024-02-01
6472,614.47,NetBanking,2024-02-23
4830,1981.55,NetBanking,2024-02-05
17033,458.75,Card,2024-02-07
2559,1217.66,Wallet,2024-01-22
5176,955.79,NetBanking,2024-02-29
13828,1190.49,Card,2024-02-06
8103,1708.21,UPI,2024-01-09
5470,1359.36,UPI,2024-01-30
2747,219.51,NetBanking,2024-02-22
16676,1716.81,Wallet,2024-01-03
7306,1600.96,Wallet,2024-02-03
5376,1406.14,Wallet,2024-01-30
16550,920.7,Card,2024-02-08
8882,1379.15,NetBanking,2024-02-28
1465,1886.52,Wallet,2024-02-03
18653,1799.33,NetBanking,2024-02-26
11934,323.23,Card,2024-01-08
4817,1796.97,UPI,2024-01-20
13848,446.85,Wallet,2024-01-21
17203,1759.83,Wallet,2024-02-04
4285,1475.66,NetBanking,2024-01-14
16015,835.92,Wallet,2024-01-26
831,329.42,Wallet,2024-01-02
5906,554.59,UPI,2024-01-17
6285,211.98,Card,2024-01-04
4796,1931.41,UPI,2024-01-28
10306,1058.36,Wallet,2024-01-12
1025,1740.89,UPI,2024-02-25
15628,876.08,Card,2024-02-25
19093,802.86,NetBanking,2024-02-22
17084,1130.31,Card,2024-03-01
16942,1249.27,UPI,2024-02-01
4225,936.4,UPI,2024-02-07
2131,1241.33,NetBanking,2024-02-23
4981,1988.27,UPI,2024-01-13
7412,665.48,Wallet,2024-02-11
2160,1523.88,NetBanking,2024-01-21
4202,456.93,Wallet,2024-01-17
18264,1881.74,Card,2024-02-24
5183,1937.66,Card,2024-02-12
620,1187.68,NetBanking,2024-01-13
2476,1285.31,UPI,2024-01-23
3548,574.62,Card,2024-01-27
14537,196.8,Wallet,2024-02-19
15782,1201.87,NetBanking,2024-02-28
11125,975.37,UPI,2024-01-17
2656,1528.87,NetBanking,2024-01-27
17279,1273.76,UPI,2024-01-15
7114,298.95,Wallet,2024-01-03
19541,616.43,UPI,2024-01-10
10892,140.47,UPI,2024-01-08
5715,281.81,NetBanking,2024-02-10
19375,1638.45,NetBanking,2024-01-21
787,1961.7,UPI,2024-02-27
8156,337.66,NetBanking,2024-02-06
7624,1058.08,Wallet,2024-02-07
17120,1528.74,UPI,2024-01-25
9263,1753.91,Wallet,2024-01-07
15702,1506.33,Card,2024-03-01
18282,1968.9,Wallet,2024-02-29
5480,2120.18,Wallet,2024-02-06
6000,1985.73,NetBanking,2024-01-11
11696,1497.02,UPI,2024-02-28
7480,832.14,NetBanking,2024-02-13
18385,295.41,UPI,2024-01-03
16342,1261.73,Wallet,2024-01-11
7610,897.85,UPI,2024-02-10
6577,711.81,Wallet,2024-01-28
13645,1200.33,NetBanking,2024-01-11
12591,796.76,NetBanking,2024-02-03
5933,864.76,UPI,2024-02-22
13677,839.28,Card,2024-01-06
6295,1497.09,Card,2024-01-20
3833,1266.05,UPI,2024-02-17
15300,1312.87,UPI,2024-02-17
5036,535.84,NetBanking,2024-01-05
17495,151.88,NetBanking,2024-02-27
11488,606.94,UPI,2024-01-17
2128,828.63,NetBanking,2024-02-18
13560,349.87,NetBanking,2024-01-05
14990,1181.56,Wallet,2024-01-30
11688,1245.41,Card,2024-01-17
10972,1582.95,UPI,2024-01-28
13903,679.39,UPI,2024-02-03
8757,1970.23,Wallet,2024-01-16
5263,931.45,Wallet,2024-01-14
9583,1525.05,NetBanking,2024-01-30
17235,1528.34,NetBanking,2024-01-04
12993,124.86,NetBanking,2024-01-10
11751,1855.93,NetBanking,2024-02-02
5637,617.73,Card,2024-02-25
4656,1261.84,Wallet,2024-01-11
9002,1489.62,Wallet,2024-02-28
13537,502.12,Wallet,2024-02-22
13169,1320.61,UPI,2024-02-15
4137,536.55,UPI,2024-01-07
8625,435.0,Card,2024-02-28
18192,1776.95,Card,2024-01-20
9179,796.17,Card,2024-01-25
13265,212.66,Wallet,2024-01-08
2218,568.45,UPI,2024-01-18
15443,1113.69,Card,2024-02-16
3807,502.36,Wallet,2024-01-30
11869,1439.13,NetBanking,2024-02-14
11461,757.63,UPI,2024-01-10
16812,1086.29,Card,2024-01-06
9050,657.05,UPI,2024-02-28
12853,584.24,Wallet,2024-02-28
4607,1528.71,Card,2024-02-07
4760,130.39,Wallet,2024-01-11
9087,626.08,Card,2024-02-07
9237,1210.87,Wallet,2024-02-15
10944,550.75,UPI,2024-01-10
12294,130.34,Card,2024-01-12
1153,1814.33,Wallet,2024-02-01
8642,1440.28,NetBanking,2024-02-19
1675,1938.34,UPI,2024-02-03
19985,608.16,Card,2024-03-01
9339,1741.63,NetBanking,2024-02-15
13053,787.59,UPI,2024-02-24
643,1057.82,NetBanking,2024-01-03
10270,1277.64,UPI,2024-02-25
2765,1308.66,Wallet,2024-02-20
7340,426.92,Card,2024-01-21
8985,577.98,UPI,2024-01-31
12019,1750.57,UPI,2024-01-11
4538,1331.21,NetBanking,2024-02-22
18999,1472.29,UPI,2024-01-18
9728,151.25,UPI,2024-01-05
5830,1536.97,Card,2024-02-01
15220,642.33,Wallet,2024-02-08
14171,1238.53,Wallet,2024-02-11
17505,1218.69,NetBanking,2024-02-08
12764,1457.78,Wallet,2024-02-29
5606,1953.81,UPI,2024-02-11
19328,981.31,NetBanking,2024-01-02
3416,284.81,NetBanking,2024-02-22
780,1507.04,NetBanking,2024-02-13
14257,1187.33,UPI,2024-01-11
15881,317.02,UPI,2024-01-06
7472,123.64,Wallet,2024-02-21
16280,1868.8,Wallet,2024-02-08
5456,976.89,Wallet,2024-02-17
2672,185.09,Wallet,2024-01-03
19648,1340.21,NetBanking,2024-01-05
3579,973.12,Wallet,2024-02-25
16191,415.29,NetBanking,2024-03-01
7113,192.87,Card,2024-01-10
10348,1413.1,NetBanking,2024-01-02
16489,673.9,Card,2024-01-08
408,1301.57,Card,2024-01-13
2436,1373.4,Card,2024-01-22
11926,757.83,NetBanking,2024-01-04
5352,673.44,Wallet,2024-02-28
19011,126.9,NetBanking,2024-02-09
15310,1453.98,Card,2024-01-19
3977,1007.14,NetBanking,2024-01-04
1404,118.35,UPI,2024-01-12
17478,1771.17,Card,2024-02-24
199,886.58,NetBanking,2024-02-21
8853,898.41,Wallet,2024-02-01
8102,611.97,Wallet,2024-01-12
12513,1663.24,NetBanking,2024-02-15
15770,1077.14,NetBanking,2024-01-02
15754,479.5,UPI,2024-03-01
1522,1936.57,NetBanking,2024-02-09
18586,886.94,NetBanking,2024-02-02
3618,304.64,NetBanking,2024-01-21
5303,483.32,UPI,2024-01-15
7439,344.64,UPI,2024-03-01
3397,1314.39,UPI,2024-02-04
9740,417.04,Card,2024-02-11
17019,1894.24,Wallet,2024-01-11
6293,1817.27,Wallet,2024-02-21
7052,1520.15,UPI,2024-01-23
8064,1042.3,UPI,2024-02-04
19602,512.85,Card,2024-02-21
15523,1645.57,Wallet,2024-02-15
11265,974.68,NetBanking,2024-02-22
11596,756.74,Card,2024-01-01
19583,1664.45,UPI,2024-01-13
6331,679.02,NetBanking,2024-01-15
3903,1604.98,NetBanking,2024-01-15
9435,1301.09,UPI,2024-02-13
14568,472.7,NetBanking,2024-01-12
12233,1658.01,NetBanking,2024-01-12
5670,1385.92,UPI,2024-02-08
1297,872.57,NetBanking,2024-02-13
13223,407.71,UPI,2024-01-19
18061,1000.41,Card,2024-02-24
9034,858.76,NetBanking,2024-01-28
18574,602.91,Wallet,2024-02-22
3176,388.92,Card,2024-01-14
10083,1137.74,Card,2024-02-15
14827,225.81,UPI,2024-02-20
16160,234.4,NetBanking,2024-01-16
11269,1354.86,Wallet,2024-01-11
6226,1646.92,UPI,2024-02-08
10501,582.69,NetBanking,2024-02-24
17185,1018.48,Wallet,2024-01-18
12776,1213.08,Wallet,2024-01-11
17431,1377.99,Card,2024-02-17
9703,1498.69,UPI,2024-02-16
6673,967.46,UPI,2024-01-30
13604,407.83,NetBanking,2024-01-22
18632,587.52,NetBanking,2024-01-16
14320,1796.02,UPI,2024-01-01
16189,1568.95,UPI,2024-02-26
12107,1898.9,UPI,2024-02-18
15063,966.7,NetBanking,2024-02-06
4974,1316.39,NetBanking,2024-02-18
13481,807.07,Card,2024-02-26
17926,797.81,Card,2024-01-07
8988,585.34,NetBanking,2024-01-23
7581,876.13,UPI,2024-02-18
5226,199.4,Card,2024-01-21
7629,1352.01,NetBanking,2024-02-09
9045,255.07,Card,2024-02-29
19895,1924.04,UPI,2024-02-20
15097,1857.82,UPI,2024-01-30
7613,1946.06,Card,2024-01-02
3907,149.59,UPI,2024-02-03
14281,778.26,Card,2024-01-22
9039,494.47,Wallet,2024-01-14
283,1508.6,Wallet,2024-02-19
17161,1589.68,NetBanking,2024-01-06
5680,189.82,NetBanking,2024-01-11
12458,1564.04,Card,2024-01-25
9194,1605.64,Wallet,2024-02-21
18941,1770.45,UPI,2024-01-31
15805,1599.77,Wallet,2024-02-22
11629,358.35,Wallet,2024-02-27
8623,890.16,UPI,2024-01-30
12257,195.0,Card,2024-01-23
17028,567.26,Wallet,2024-01-11
9962,513.02,NetBanking,2024-02-18
12884,1701.06,NetBanking,2024-02-14
10079,646.06,NetBanking,2024-01-25
19650,1796.22,NetBanking,2024-01-05
8901,165.13,Wallet,2024-01-23
8220,881.91,Card,2024-02-08
9410,677.57,Wallet,2024-01-13
4078,1279.83,Card,2024-01-21
15075,398.2,Card,2024-03-01
17590,1412.73,Wallet,2024-01-28
13130,566.72,NetBanking,2024-01-30
19568,926.35,UPI,2024-02-08
19027,1599.31,NetBanking,2024-02-11
15107,1459.82,Wallet,2024-02-19
8778,1122.37,Card,2024-02-23
19590,1174.26,Card,2024-01-16
6198,1104.33,Card,2024-01-12
3169,811.95,Wallet,2024-02-04
1209,1086.9,Card,2024-01-19
12827,1718.4,Wallet,2024-01-01
11949,267.7,Wallet,2024-01-22
8872,647.3,NetBanking,2024-01-16
17110,1835.81,Card,2024-01-31
17890,1434.18,UPI,2024-02-18
4861,595.95,UPI,2024-02-25
2467,123.89,UPI,2024-01-20
12118,1618.39,Card,2024-01-27
949,408.88,Wallet,2024-01-10
2093,1952.53,Wallet,2024-01-24
3261,1077.27,Card,2024-01-17
1850,1913.84,UPI,2024-01-13
8051,297.49,Wallet,2024-02-08
8508,599.76,Card,2024-01-19
15804,1820.58,Wallet,2024-01-06
10885,947.08,UPI,2024-02-08
2282,581.27,Wallet,2024-02-11
16658,1762.49,Card,2024-01-05
12364,1590.56,UPI,2024-02-14
8430,216.83,Wallet,2024-01-17
749,403.67,Card,2024-01-14
9453,366.96,NetBanking,2024-01-15
17080,669.78,Wallet,2024-01-22
5223,1220.47,Card,2024-01-28
12889,391.12,Card,2024-02-02
13601,1216.0,NetBanking,2024-01-11
15896,1192.58,UPI,2024-02-22
4415,1422.4,NetBanking,2024-02-06
9294,293.43,UPI,2024-02-06
7297,1827.68,NetBanking,2024-01-31
18151,1936.2,Wallet,2024-02-27
13135,1357.18,UPI,2024-02-11
17818,505.18,UPI,2024-02-14
10371,1751.81,Card,2024-01-11
4032,630.16,Card,2024-01-04
6534,1116.45,NetBanking,2024-01-20
4651,1018.47,Wallet,2024-01-18
4503,284.67,Card,2024-01-29
6906,363.64,NetBanking,2024-03-01
12781,1899.36,NetBanking,2024-02-27
19493,950.01,Wallet,2024-02-26
16856,1267.19,NetBanking,2024-02-06
6582,313.75,Card,2024-01-25
9419,326.81,Wallet,2024-01-22
16497,1338.31,Wallet,2024-01-02
15519,1784.07,Wallet,2024-01-04
6244,1860.52,UPI,2024-01-14
17309,1056.75,NetBanking,2024-01-01
4163,1383.74,Wallet,2024-01-29
1902,1666.45,Wallet,2024-01-25
18133,979.9,Wallet,2024-02-20
11717,328.38,UPI,2024-02-12
12843,1440.18,NetBanking,2024-01-28
13093,215.82,Wallet,2024-02-23
19422,1480.47,Card,2024-02-21
3455,1790.4,Wallet,2024-02-07
12794,1187.67,Card,2024-01-30
2911,779.26,Card,2024-01-30
4953,780.67,NetBanking,2024-02-18
16785,946.69,UPI,2024-01-15
5034,1028.51,Wallet,2024-01-16
6400,1981.22,NetBanking,2024-01-29
13116,194.11,UPI,2024-02-22
8425,1803.39,NetBanking,2024-02-15
14315,1842.66,UPI,2024-02-28
2852,1640.51,Card,2024-01-22
8971,1423.67,NetBanking,2024-01-27
17803,212.68,Wallet,2024-01-21
1827,405.08,UPI,2024-01-09
2891,1067.71,Wallet,2024-02-24
3561,675.39,NetBanking,2024-01-17
4350,1775.25,Wallet,2024-02-22
16195,332.5,UPI,2024-01-28
14761,1180.36,UPI,2024-02-21
9248,1679.93,NetBanking,2024-02-04
5887,1849.19,UPI,2024-02-06
8277,1101.92,Card,2024-01-27
13078,748.19,UPI,2024-01-11
2768,1788.64,Card,2024-01-01
12991,336.76,UPI,2024-01-23
3576,1224.33,NetBanking,2024-02-16
9658,1999.18,UPI,2024-01-22
641,1500.41,Card,2024-02-10
18062,255.05,UPI,2024-02-12
13715,692.65,UPI,2024-01-29
12882,1625.24,NetBanking,2024-02-08
13429,1297.65,NetBanking,2024-01-16
839,1445.28,Wallet,2024-01-28
12365,1052.13,Wallet,2024-01-24
18425,1241.46,Wallet,2024-01-02
5952,1079.2,UPI,2024-01-05
1309,948.27,Card,2024-02-13
11318,749.71,Wallet,2024-02-19
3931,853.21,Wallet,2024-02-09
17160,955.65,Card,2024-02-20
13971,778.83,Card,2024-01-02
13438,1662.21,NetBanking,2024-02-07
2800,796.23,Wallet,2024-02-11
5676,1012.22,Wallet,2024-01-17
6193,1154.8,NetBanking,2024-01-03
1367,506.72,NetBanking,2024-02-02
11848,754.35,UPI,2024-01-14
19330,1828.36,Wallet,2024-01-10
11103,1886.76,NetBanking,2024-02-17
17687,1681.61,Wallet,2024-01-12
5199,1455.21,Wallet,2024-02-08
17415,926.97,Card,2024-01-03
8795,794.6,Card,2024-02-08
7087,1683.43,Wallet,2024-01-27
4441,758.67,Card,2024-01-27
10902,1854.68,Wallet,2024-02-25
19117,625.1,NetBanking,2024-01-30
19159,1578.78,UPI,2024-01-10
5102,118.2,UPI,2024-01-02
18889,1849.34,Wallet,2024-01-26
11261,1563.11,UPI,2024-01-01
17290,502.63,Card,2024-01-14
2889,901.04,Wallet,2024-02-04
4910,821.14,UPI,2024-01-11
5114,1545.23,NetBanking,2024-02-18
19137,1023.63,Card,2024-01-11
5889,258.63,UPI,2024-01-19
9683,488.63,Card,2024-02-25
8289,243.68,Wallet,2024-01-09
16874,572.8,UPI,2024-01-29
6616,1136.74,NetBanking,2024-01-14
4424,1621.28,Wallet,2024-02-20
10008,1729.52,Wallet,2024-01-01
5018,1601.04,UPI,2024-02-06
15087,658.74,UPI,2024-01-27
13899,982.91,UPI,2024-01-30
14444,1079.18,UPI,2024-02-11
3028,1261.88,NetBanking,2024-01-21
9458,689.44,NetBanking,2024-01-08
6648,1290.12,UPI,2024-01-22
19527,1161.9,NetBanking,2024-02-09
4693,1584.16,Wallet,2024-02-13
12205,207.06,UPI,2024-02-01
3915,641.61,Card,2024-01-17
6202,1683.39,NetBanking,2024-02-16
10449,1006.54,NetBanking,2024-01-22
14129,160.3,Wallet,2024-01-21
7120,830.76,NetBanking,2024-02-15
592,153.51,UPI,2024-01-16
14803,1573.71,NetBanking,2024-02-20
17427,1642.28,Wallet,2024-01-25
11395,997.21,NetBanking,2024-01-21
14166,1187.33,Card,2024-01-05
17903,1679.69,NetBanking,2024-02-12
10182,363.57,Card,2024-02-01
15739,980.89,NetBanking,2024-01-05
2639,962.48,NetBanking,2024-01-14
8763,376.12,Wallet,2024-02-10
1510,1308.62,Wallet,2024-02-16
10818,97.97,Card,2024-02-27
14661,1571.82,Wallet,2024-03-01
19195,1822.48,Wallet,2024-01-17
859,1512.99,UPI,2024-01-20
14749,1069.66,NetBanking,2024-01-13
8416,1528.11,Wallet,2024-01-25
18582,791.96,NetBanking,2024-01-23
8629,888.23,NetBanking,2024-01-11
15914,1671.03,NetBanking,2024-02-10
15541,1166.04,NetBanking,2024-02-28
12915,604.82,UPI,2024-01-18
1327,1335.89,UPI,2024-02-27
17353,445.94,Wallet,2024-01-03
944,324.68,UPI,2024-02-17
342,1762.25,Card,2024-01-20
12742,851.85,UPI,2024-02-12
11875,1417.88,NetBanking,2024-02-14
16335,780.76,UPI,2024-01-09
18184,805.38,NetBanking,2024-01-03
18629,852.47,Wallet,2024-01-14
7682,605.28,UPI,2024-02-02
6490,942.31,UPI,2024-02-29
10971,1075.52,UPI,2024-01-07
7588,1503.77,NetBanking,2024-02-06
9230,569.92,Card,2024-01-29
13409,1408.42,Wallet,2024-01-11
11916,1926.29,UPI,2024-02-17
7303,1088.79,Wallet,2024-02-03
7706,522.42,Card,2024-02-23
19091,622.87,NetBanking,2024-01-13
13702,279.9,Wallet,2024-02-08
14774,441.02,UPI,2024-02-29
9147,1490.38,Wallet,2024-01-04
4610,905.31,NetBanking,2024-02-16
3699,1871.19,NetBanking,2024-02-22
10427,481.26,UPI,2024-01-02
15962,501.11,Card,2024-03-01
6665,240.01,Wallet,2024-02-18
7262,810.98,UPI,2024-02-18
3610,1341.88,Wallet,2024-02-12
1611,1910.99,UPI,2024-01-20
35,1023.92,UPI,2024-02-26
10583,1166.04,Card,2024-01-07
12451,1431.38,NetBanking,2024-01-04
4009,1689.47,UPI,2024-02-26
8212,924.97,UPI,2024-01-02
934,1047.61,NetBanking,2024-01-26
12024,181.39,Card,2024-01-30
30,501.41,NetBanking,2024-03-01
11892,1692.6,NetBanking,2024-01-13
9150,1958.62,UPI,2024-01-17
19424,1698.08,UPI,2024-01-16
7176,1853.85,UPI,2024-02-09
11052,916.01,Card,2024-01-29
15897,1747.83,Card,2024-01-17
19647,513.69,NetBanking,2024-02-01
5128,846.24,Card,2024-02-14
10673,644.05,Card,2024-02-26
7415,1065.38,UPI,2024-01-10
1398,1824.66,Wallet,2024-02-24
19044,117.49,Wallet,2024-02-19
6261,1649.79,UPI,2024-02-23
8792,1024.11,UPI,2024-02-08
10823,1128.89,Card,2024-01-29
14268,897.87,UPI,2024-02-22
13654,484.74,UPI,2024-01-08
9112,1053.55,Card,2024-02-29
12308,719.76,UPI,2024-01-12
3925,1658.07,UPI,2024-02-28
10656,671.97,UPI,2024-01-19
3878,979.32,Card,2024-02-17
6054,1672.25,UPI,2024-01-30
8752,1073.1,UPI,2024-01-19
13587,1422.65,NetBanking,2024-01-25
3475,1815.58,Card,2024-02-03
18074,1342.71,Wallet,2024-01-27
10535,797.31,Card,2024-01-04
18012,798.39,Wallet,2024-02-16
9431,477.7,Wallet,2024-01-13
8797,1011.39,UPI,2024-02-19
13973,313.0,Card,2024-01-19
800,962.48,Wallet,2024-01-02
16340,1625.62,NetBanking,2024-02-16
3350,264.86,NetBanking,2024-02-22
1664,291.06,UPI,2024-01-06
4076,986.46,Card,2024-02-14
17665,516.89,UPI,2024-02-20
14040,923.48,Wallet,2024-02-18
19253,244.56,Wallet,2024-01-19
14106,574.94,UPI,2024-01-22
3512,1538.44,UPI,2024-02-27
2625,739.07,NetBanking,2024-02-21
6022,1243.95,Wallet,2024-01-30
7886,642.13,Card,2024-02-09
3897,1464.24,Wallet,2024-01-25
7691,118.69,UPI,2024-02-02
13511,1200.3,Wallet,2024-02-28
261,1010.66,NetBanking,2024-01-10
196,1443.07,NetBanking,2024-02-05
18434,595.21,NetBanking,2024-01-27
15194,638.04,Card,2024-02-16
6391,559.18,Wallet,2024-01-11
16547,1346.77,Card,2024-02-12
19969,1104.35,UPI,2024-02-16
17546,1966.46,Card,2024-02-03
16409,1543.04,UPI,2024-01-28
1009,748.82,Wallet,2024-01-21
16090,1243.5,Card,2024-01-06
12901,308.02,NetBanking,2024-02-24
9367,1428.06,UPI,2024-02-11
15656,1762.85,NetBanking,2024-01-27
6735,522.3,Wallet,2024-02-28
4634,1277.43,NetBanking,2024-01-10
1006,645.68,Wallet,2024-02-25
15459,766.29,NetBanking,2024-01-04
1621,1490.24,NetBanking,2024-02-22
2769,367.35,NetBanking,2024-02-19
12402,1921.07,Wallet,2024-01-20
2777,1894.66,Card,2024-01-02
13797,1258.09,Card,2024-01-17
2844,1958.0,Card,2024-02-22
12230,1312.6,Wallet,2024-02-19
1635,1830.42,Wallet,2024-02-08
16119,1331.86,Wallet,2024-01-30
10302,2029.13,UPI,2024-01-14
2113,344.91,Wallet,2024-02-25
13754,803.35,UPI,2024-01-23
15186,1214.17,UPI,2024-01-05
7434,1278.66,UPI,2024-02-12
5747,905.11,UPI,2024-01-14
13780,606.99,Card,2024-02-04
10129,369.35,Card,2024-02-10
4702,476.67,Card,2024-02-18
16518,1135.43,Wallet,2024-02-05
14445,372.27,NetBanking,2024-01-29
3016,1899.6,Card,2024-01-06
8336,1028.28,Card,2024-01-22
5566,974.06,Wallet,2024-02-12
5699,1991.49,Card,2024-01-08
11518,1178.97,NetBanking,2024-01-03
18895,1740.21,Card,2024-02-08
10782,1819.38,UPI,2024-02-26
5175,1363.58,Wallet,2024-02-06
8843,1521.25,Card,2024-01-30
17771,370.47,NetBanking,2024-01-17
10974,1898.21,Card,2024-01-07
7108,593.95,Wallet,2024-02-25
16751,1936.0,Wallet,2024-02-15
16709,1708.35,Card,2024-02-04
9022,1119.24,Wallet,2024-02-20
4755,1138.24,Wallet,2024-02-23
380,853.68,Card,2024-02-16
16392,868.79,NetBanking,2024-02-26
15169,788.51,Card,2024-03-01
3716,304.16,Wallet,2024-01-08
8941,1211.9,UPI,2024-02-29
3194,1934.38,UPI,2024-02-16
12369,1774.58,NetBanking,2024-02-04
18705,1955.22,Card,2024-01-28
5625,222.52,Card,2024-02-08
3099,497.87,UPI,2024-02-25
870,773.56,Card,2024-01-27
15675,1205.98,UPI,2024-01-25
2447,936.59,UPI,2024-02-12
8460,1226.08,Card,2024-02-09
15976,1389.37,NetBanking,2024-01-14
17534,269.42,Wallet,2024-01-24
242,451.51,Wallet,2024-02-08
17188,161.55,UPI,2024-01-28
15312,524.41,UPI,2024-01-13
15929,698.19,Card,2024-02-03
19239,1979.19,UPI,2024-01-09
6686,643.79,Wallet,2024-01-01
12895,381.02,NetBanking,2024-02-24
13077,646.66,Card,2024-02-06
13075,733.67,Card,2024-02-15
16101,822.84,UPI,2024-01-20
18514,344.35,Wallet,2024-02-22
19257,1023.49,NetBanking,2024-02-28
17430,1242.73,Wallet,2024-02-23
4104,718.27,UPI,2024-02-29
15942,338.56,UPI,2024-02-14
3734,1093.89,Card,2024-01-22
6520,1793.15,Card,2024-01-13
7377,1555.94,UPI,2024-01-23
13554,914.65,Wallet,2024-02-11
9336,538.7,NetBanking,2024-02-28
15743,1187.49,NetBanking,2024-02-10
19024,1847.75,Card,2024-02-29
6654,1930.28,NetBanking,2024-02-06
12114,1960.14,Wallet,2024-01-10
9157,544.28,Card,2024-02-19
13937,323.15,Card,2024-01-11
11320,943.68,UPI,2024-01-01
11354,433.74,UPI,2024-02-17
1084,847.36,Wallet,2024-01-22
14680,1443.68,Card,2024-02-25
13423,934.54,Wallet,2024-02-05
7750,1625.49,Card,2024-02-17
3217,267.73,UPI,2024-02-09
11971,486.56,Wallet,2024-01-20
14138,746.37,UPI,2024-01-30
11235,1761.61,NetBanking,2024-02-01
14287,195.47,NetBanking,2024-02-04
1031,1747.33,Wallet,2024-02-07
13599,136.76,NetBanking,2024-01-26
11627,1853.36,NetBanking,2024-02-14
9480,603.46,Wallet,2024-01-23
12817,509.36,UPI,2024-01-16
18362,1006.06,NetBanking,2024-02-14
4516,169.61,Wallet,2024-01-14
13443,804.52,UPI,2024-02-27
17549,126.92,UPI,2024-01-02
2638,447.97,Wallet,2024-02-28
12035,282.82,UPI,2024-01-22
15003,1415.19,UPI,2024-02-23
13185,151.87,UPI,2024-01-27
1847,422.17,NetBanking,2024-02-13
7447,975.08,UPI,2024-01-29
19023,473.79,UPI,2024-01-01
16475,942.65,UPI,2024-02-04
3390,1174.37,UPI,2024-01-18
7432,1055.97,Card,2024-01-18
16927,1922.05,Wallet,2024-02-23
11768,1138.64,Wallet,2024-01-27
9771,1782.55,Card,2024-01-24
11002,739.04,NetBanking,2024-01-07
16688,729.82,Wallet,2024-01-15
14344,1730.15,NetBanking,2024-01-08
5023,271.91,NetBanking,2024-02-03
12082,1386.72,Wallet,2024-01-08
14869,691.11,NetBanking,2024-02-20
8044,1281.42,Card,2024-01-18
15088,1919.99,NetBanking,2024-02-12
14821,908.69,UPI,2024-01-30
14317,1623.9,NetBanking,2024-01-02
2799,907.58,Card,2024-02-06
18121,221.06,UPI,2024-01-02
13668,1134.23,UPI,2024-02-18
9967,252.77,UPI,2024-01-20
13347,1763.96,Wallet,2024-02-13
18076,1821.08,NetBanking,2024-01-21
14763,1939.76,Wallet,2024-02-07
7868,143.51,NetBanking,2024-02-07
18138,1732.04,UPI,2024-01-03
16386,195.17,NetBanking,2024-02-01
13390,523.99,UPI,2024-02-20
7533,750.61,UPI,2024-01-22
3337,1038.58,NetBanking,2024-01-28
12356,396.15,UPI,2024-02-19
7882,1153.27,UPI,2024-02-10
6614,1043.04,Card,2024-01-21
18429,820.45,Wallet,2024-01-03
7076,1366.07,NetBanking,2024-02-08
16241,1309.04,UPI,2024-02-26
9406,702.43,Wallet,2024-01-26
16164,808.11,NetBanking,2024-02-11
13792,1035.79,Wallet,2024-01-11
16738,570.14,NetBanking,2024-02-16
16263,1632.48,UPI,2024-01-25
18796,1342.2,Card,2024-01-09
9695,1378.61,Card,2024-01-18
1870,1836.05,NetBanking,2024-01-03
10466,970.39,NetBanking,2024-01-16
5340,316.55,NetBanking,2024-01-13
10558,907.06,NetBanking,2024-02-14
2719,1762.1,UPI,2024-02-19
19047,1818.31,NetBanking,2024-01-05
13993,1739.93,NetBanking,2024-02-16
8371,1005.85,UPI,2024-01-09
17868,1435.6,Card,2024-01-25
14448,1236.23,UPI,2024-02-18
13731,1969.1,UPI,2024-01-20
722,1626.74,NetBanking,2024-03-01
18522,1537.91,Wallet,2024-02-02
17079,1194.93,UPI,2024-02-22
4025,1313.97,NetBanking,2024-01-29
10975,815.61,Card,2024-02-07
16963,1201.58,NetBanking,2024-01-28
7405,909.01,Card,2024-02-19
15166,475.03,NetBanking,2024-01-08
16002,766.7,Card,2024-01-03
11424,262.43,Card,2024-01-14
9308,1003.53,Card,2024-01-09
14290,433.97,NetBanking,2024-02-09
4712,487.95,Card,2024-02-07
11254,1972.08,NetBanking,2024-02-12
15807,1963.08,Wallet,2024-01-10
14881,349.93,Wallet,2024-01-24
353,1099.18,Card,2024-01-04
4554,1297.88,NetBanking,2024-01-23
6443,459.55,Card,2024-01-28
12378,192.87,UPI,2024-02-24
14998,716.42,NetBanking,2024-01-31
3258,1987.46,Card,2024-01-09
19642,1998.92,UPI,2024-02-23
13112,1352.63,Card,2024-02-09
19258,362.9,NetBanking,2024-02-17
11865,1549.56,Card,2024-01-18
6525,1135.63,NetBanking,2024-02-16
9749,1798.62,UPI,2024-02-22
8745,1825.65,Wallet,2024-02-23
12809,888.71,UPI,2024-01-31
9205,1754.63,Card,2024-01-24
4420,1589.96,UPI,2024-02-21
4518,1770.34,UPI,2024-01-04
15716,1957.85,UPI,2024-02-06
19352,1795.71,NetBanking,2024-02-10
10759,485.19,Wallet,2024-01-10
18890,1865.59,Card,2024-02-27
19329,221.85,Wallet,2024-01-15
11954,1809.17,Card,2024-02-28
286,841.71,NetBanking,2024-01-09
15029,1911.67,UPI,2024-01-04
2710,1452.87,UPI,2024-03-01
12314,1615.27,UPI,2024-01-12
12228,1929.13,NetBanking,2024-02-16
9855,550.26,Wallet,2024-01-21
10516,1602.81,NetBanking,2024-02-28
8417,1911.35,Card,2024-01-29
14095,1577.26,UPI,2024-02-08
14574,1487.64,NetBanking,2024-01-26
13842,1752.41,UPI,2024-01-07
3799,1475.42,Card,2024-02-19
19905,536.93,UPI,2024-01-09
15037,1105.43,NetBanking,2024-01-12
15821,1589.79,NetBanking,2024-01-27
413,850.2,Card,2024-02-06
2473,1118.44,Card,2024-01-18
8038,399.95,Card,2024-01-26
7919,296.43,Card,2024-01-07
18365,1314.32,Card,2024-01-05
2972,797.3,UPI,2024-01-05
11470,961.61,Card,2024-01-10
12482,955.12,UPI,2024-01-13
14396,549.39,Card,2024-01-05
7656,1220.2,UPI,2024-03-01
1948,829.91,Wallet,2024-02-21
13877,1822.64,Wallet,2024-01-22
12120,1176.16,Wallet,2024-01-25
9562,314.44,NetBanking,2024-01-24
16157,1305.07,UPI,2024-01-23
5506,1628.29,Wallet,2024-02-21
9142,1346.82,UPI,2024-02-26
9911,1169.71,UPI,2024-01-28
3957,1049.76,NetBanking,2024-01-27
12263,1327.26,NetBanking,2024-01-27
17004,469.39,Wallet,2024-02-14
1785,1573.51,UPI,2024-02-21
10720,1272.53,NetBanking,2024-01-31
18770,1365.44,NetBanking,2024-01-10
5244,1902.91,Card,2024-01-16
8486,1570.89,Wallet,2024-01-09
18049,503.4,Card,2024-01-22
1709,201.42,Wallet,2024-02-26
16466,1705.01,Card,2024-01-27
2164,1503.9,NetBanking,2024-02-18
402,810.49,NetBanking,2024-02-18
19084,2024.58,NetBanking,2024-02-15
1960,1579.01,Card,2024-01-28
17882,180.73,NetBanking,2024-02-25
7275,657.9,UPI,2024-01-11
15193,1177.74,UPI,2024-01-04
6687,1360.4,NetBanking,2024-01-02
12850,415.65,NetBanking,2024-02-12
13210,1131.6,NetBanking,2024-01-15
11487,457.29,NetBanking,2024-01-05
14077,762.6,Wallet,2024-01-20
15790,1312.66,Card,2024-02-29
7409,1696.3,NetBanking,2024-01-16
10344,1810.79,Wallet,2024-03-01
803,876.87,Card,2024-02-23
19232,1106.19,UPI,2024-01-25
19724,1741.39,Wallet,2024-02-15
3688,1039.34,NetBanking,2024-01-21
15780,344.61,NetBanking,2024-01-05
5147,833.23,Card,2024-01-07
11772,1769.81,Card,2024-02-06
17682,758.61,Card,2024-01-22
11632,1423.63,UPI,2024-01-25
15249,1609.92,NetBanking,2024-02-28
18877,1030.93,Card,2024-01-20
10808,1162.64,Wallet,2024-02-06
18614,1844.44,NetBanking,2024-01-02
9744,1153.71,UPI,2024-01-08
7470,160.28,Wallet,2024-01-12
1564,1741.03,NetBanking,2024-01-01
19032,624.37,NetBanking,2024-01-29
12934,1304.62,Wallet,2024-01-20
1619,1895.99,Card,2024-01-02
1575,738.99,Wallet,2024-02-03
144,1838.79,Card,2024-01-09
4277,1439.07,UPI,2024-01-29
2044,1115.78,Card,2024-01-23
5840,500.02,Wallet,2024-01-05
2060,1675.53,Card,2024-01-31
8157,852.7,UPI,2024-02-24
15570,1187.8,NetBanking,2024-02-05
8535,1889.82,UPI,2024-01-24
15752,387.23,UPI,2024-01-30
1487,1633.29,Card,2024-02-01
10622,384.49,NetBanking,2024-02-09
4616,670.68,NetBanking,2024-02-05
4346,1087.49,Card,2024-02-10
15835,1003.52,UPI,2024-01-30
13978,1955.25,Wallet,2024-01-15
16174,111.28,NetBanking,2024-01-17
9240,1867.04,NetBanking,2024-02-17
19803,722.51,UPI,2024-02-18
4400,1660.5,NetBanking,2024-01-22
12319,870.64,Wallet,2024-02-10
11040,884.46,Wallet,2024-02-25
2445,701.34,NetBanking,2024-01-17
19140,624.45,NetBanking,2024-02-01
6652,1967.91,UPI,2024-01-06
6794,1397.66,Card,2024-02-15
16774,531.75,Card,2024-01-24
8149,1067.82,NetBanking,2024-02-10
16455,960.12,UPI,2024-02-02
8762,864.41,UPI,2024-01-10
14887,585.0,UPI,2024-01-05
2742,2008.33,UPI,2024-01-30
12890,216.25,Wallet,2024-01-31
5312,1797.46,UPI,2024-02-24
6368,533.12,UPI,2024-02-29
8326,478.92,UPI,2024-01-18
5182,1223.21,Wallet,2024-01-18
18268,257.4,NetBanking,2024-02-11
3211,540.69,NetBanking,2024-01-10
16120,924.08,UPI,2024-02-22
4832,866.07,Card,2024-02-12
10271,476.13,UPI,2024-02-05
14296,1858.07,Card,2024-01-05
19372,286.47,Wallet,2024-01-26
5258,122.82,Wallet,2024-02-11
9923,1462.71,UPI,2024-02-06
10324,1908.08,Wallet,2024-01-14
12489,1661.36,Card,2024-02-04
19779,1149.11,UPI,2024-02-23
15315,1846.41,Card,2024-02-01
19854,811.19,UPI,2024-01-19
4332,1327.43,Wallet,2024-02-01
9104,1833.8,NetBanking,2024-01-22
9442,712.73,UPI,2024-02-20
10300,1677.54,UPI,2024-01-06
8960,1232.49,UPI,2024-02-19
13010,1452.26,UPI,2024-01-12
8452,765.23,UPI,2024-01-01
15049,1037.15,NetBanking,2024-02-21
390,1336.12,NetBanking,2024-02-03
12869,120.65,UPI,2024-02-24
14957,1568.43,UPI,2024-02-24
14051,588.0,NetBanking,2024-02-07
878,1038.56,NetBanking,2024-01-09
12269,1564.28,UPI,2024-01-19
12380,672.87,NetBanking,2024-01-26
3813,1323.13,Wallet,2024-02-03
6360,208.24,Card,2024-02-27
2605,404.27,NetBanking,2024-01-14
555,444.54,UPI,2024-01-06
6972,370.17,NetBanking,2024-01-27
17815,308.35,NetBanking,2024-02-21
6822,1338.85,Card,2024-02-16
18637,750.79,NetBanking,2024-01-31
13230,1835.22,UPI,2024-02-03
6578,1998.16,Wallet,2024-01-22
4201,713.24,UPI,2024-03-01
3524,1887.95,Card,2024-02-05
15420,257.63,Card,2024-02-09
13881,411.84,Wallet,2024-01-05
15609,231.04,Card,2024-01-25
6688,1577.81,Wallet,2024-02-27
13260,441.2,Card,2024-01-04
6645,444.72,Wallet,2024-02-26
14270,1018.46,Wallet,2024-02-03
2031,615.6,Wallet,2024-01-05
15682,844.98,NetBanking,2024-02-28
11790,718.54,UPI,2024-02-10
16418,1023.45,Card,2024-02-02
3223,831.82,Wallet,2024-01-01
17186,266.17,NetBanking,2024-02-10
2150,1339.14,Wallet,2024-02-07
17604,212.05,UPI,2024-02-05
12559,572.34,Wallet,2024-03-01
3112,971.07,Wallet,2024-02-04
3046,466.82,NetBanking,2024-02-17
6776,1044.25,NetBanking,2024-01-29
18336,977.04,Card,2024-02-22
15593,1980.68,NetBanking,2024-02-19
6181,1721.43,UPI,2024-01-29
7732,1367.71,UPI,2024-01-03
10413,227.49,Wallet,2024-01-24
13904,1843.36,NetBanking,2024-02-14
15651,357.89,UPI,2024-01-03
1315,162.87,NetBanking,2024-01-28
7705,768.12,NetBanking,2024-02-08
11889,1134.13,UPI,2024-02-28
759,1057.59,NetBanking,2024-01-25
15999,199.72,NetBanking,2024-01-30
8964,1056.66,Wallet,2024-01-21
12480,1163.77,UPI,2024-02-25
18103,847.24,NetBanking,2024-01-01
13556,1999.0,NetBanking,2024-02-21
15248,292.39,NetBanking,2024-01-06
14192,1742.18,Wallet,2024-02-23
12375,751.13,Wallet,2024-01-24
15368,813.57,NetBanking,2024-01-08
17455,1509.39,UPI,2024-01-28
11098,366.25,UPI,2024-02-14
19035,1988.9,NetBanking,2024-02-11
5823,445.09,Wallet,2024-02-26
969,924.42,UPI,2024-03-01
5695,1146.15,Wallet,2024-01-05
6364,848.98,UPI,2024-01-18
14381,1964.81,Card,2024-01-17
17173,840.19,Wallet,2024-01-07
2443,1592.39,Wallet,2024-02-12
1758,1087.02,UPI,2024-01-17
7159,1455.98,Card,2024-01-29
16319,1584.74,UPI,2024-01-03
11645,1258.32,Card,2024-01-30
11369,1610.33,Card,2024-01-14
18296,1292.7,UPI,2024-02-03
7099,1123.71,Card,2024-01-13
5472,277.5,Card,2024-01-14
19740,1765.38,UPI,2024-01-22
2018,1657.35,Card,2024-02-18
17450,1553.47,Card,2024-01-12
1401,998.87,Card,2024-02-24
18996,431.16,Wallet,2024-01-07
17606,1648.21,Wallet,2024-02-15
6948,658.36,Card,2024-02-20
13868,1320.1,Card,2024-02-25
4769,470.55,Card,2024-01-28
18259,626.58,Card,2024-02-25
19929,1807.69,UPI,2024-01-17
17625,1071.68,NetBanking,2024-01-23
10366,920.23,UPI,2024-01-16
15845,752.7,Wallet,2024-02-16
16991,639.55,Wallet,2024-01-01
19529,132.72,UPI,2024-02-15
11334,1027.72,Wallet,2024-02-24
16649,1068.69,Wallet,2024-02-23
12799,130.03,Wallet,2024-01-10
2264,1373.64,UPI,2024-01-26
15339,1296.7,NetBanking,2024-01-13
435,892.65,UPI,2024-01-10
19936,1620.32,UPI,2024-01-27
1226,846.12,Wallet,2024-02-26
10928,1090.8,UPI,2024-02-16
13111,1447.61,NetBanking,2024-02-10
13521,658.93,Card,2024-01-13
9353,1815.96,Wallet,2024-02-26
1258,1580.78,NetBanking,2024-01-16
17884,1480.92,Wallet,2024-01-23
18968,1301.57,UPI,2024-02-15
10297,288.24,Wallet,2024-02-12
17403,1993.23,Card,2024-02-20
19148,412.88,Wallet,2024-02-27
7111,965.11,UPI,2024-01-18
11048,761.84,UPI,2024-01-17
5581,461.96,NetBanking,2024-01-27
13920,1575.98,Wallet,2024-02-17
7772,934.34,Card,2024-01-27
3341,905.16,NetBanking,2024-02-13
16060,1373.89,NetBanking,2024-02-07
8049,831.83,Wallet,2024-02-18
18904,771.17,NetBanking,2024-02-26
6522,1491.84,UPI,2024-02-01
10377,412.58,UPI,2024-01-13
17617,576.11,NetBanking,2024-02-01
10633,466.66,UPI,2024-01-07
13035,1812.67,UPI,2024-01-18
15052,1840.0,Wallet,2024-01-21
14421,1155.25,Card,2024-01-13
2654,1365.09,UPI,2024-02-21
8364,1353.48,NetBanking,2024-01-15
18740,1912.43,Card,2024-01-10
12151,1025.17,NetBanking,2024-01-22
10982,1879.14,NetBanking,2024-02-15
19,1372.55,NetBanking,2024-02-15
16339,1159.54,Wallet,2024-02-14
10203,1198.2,NetBanking,2024-01-16
11868,683.45,UPI,2024-02-17
18937,469.2,Card,2024-02-02
4047,954.63,Card,2024-01-31
17585,1375.19,UPI,2024-02-04
14780,1550.93,NetBanking,2024-02-09
16685,1155.73,UPI,2024-01-29
585,1175.39,NetBanking,2024-02-10
2277,1701.35,Card,2024-02-15
14484,1849.91,Card,2024-01-28
662,1149.56,Wallet,2024-01-24
11729,752.22,Card,2024-01-28
4859,472.11,Wallet,2024-01-31
2034,1763.14,UPI,2024-02-18
7364,1342.71,NetBanking,2024-02-14
12639,1317.93,Card,2024-01-17
3783,576.37,Wallet,2024-01-05
774,1366.01,Wallet,2024-01-07
8066,1362.67,UPI,2024-02-17
18953,1155.91,Wallet,2024-01-25
9522,169.45,NetBanking,2024-02-18
4472,1095.94,Card,2024-02-23
7126,702.88,Wallet,2024-01-27
960,663.23,Wallet,2024-01-02
4204,1785.94,UPI,2024-01-29
10798,632.65,Card,2024-02-28
7989,1209.56,UPI,2024-02-02
19055,341.23,Wallet,2024-02-06
15167,599.35,UPI,2024-01-18
2417,1136.96,NetBanking,2024-03-01
8020,736.45,Card,2024-02-09
10977,1525.39,Wallet,2024-01-27
13832,1589.79,UPI,2024-02-19
7468,1586.45,UPI,2024-01-21
15714,1220.64,Wallet,2024-02-15
9477,392.98,NetBanking,2024-01-03
16247,235.26,UPI,2024-02-05
19164,1539.22,UPI,2024-01-03
13605,123.6,Card,2024-02-21
9945,507.32,UPI,2024-02-21
16103,1696.78,Wallet,2024-01-19
16959,1173.07,NetBanking,2024-01-16
1740,919.91,UPI,2024-01-11
6819,1932.11,Wallet,2024-02-12
6922,1552.32,Wallet,2024-01-26
8836,1189.05,NetBanking,2024-01-11
16961,245.97,Card,2024-01-20
16054,1616.89,Card,2024-01-21
16383,1321.93,NetBanking,2024-02-10
15842,1285.28,Wallet,2024-01-22
577,1540.22,NetBanking,2024-02-16
10586,1780.68,UPI,2024-02-16
14050,890.64,Card,2024-02-03
5718,1757.26,NetBanking,2024-01-15
6487,753.31,Wallet,2024-02-09
11211,1217.93,UPI,2024-01-01
920,1068.81,Card,2024-01-03
6766,724.36,Card,2024-01-17
18176,1920.73,Card,2024-02-17
3908,1719.92,Wallet,2024-01-25
10110,1154.14,NetBanking,2024-02-13
3079,482.2,Wallet,2024-02-12
8526,724.55,NetBanking,2024-02-14
220,1796.28,UPI,2024-02-17
16312,1214.6,Card,2024-02-13
1990,370.95,Wallet,2024-01-13
4299,1710.21,Wallet,2024-01-11
12683,896.02,UPI,2024-02-16
12923,735.35,UPI,2024-01-25
18164,1525.1,Card,2024-01-21
18303,1621.34,NetBanking,2024-01-21
3262,424.57,NetBanking,2024-01-16
7790,1865.46,Card,2024-02-27
6301,928.44,NetBanking,2024-02-04
7352,504.44,Card,2024-01-22
18108,1875.46,UPI,2024-01-07
9059,1703.55,NetBanking,2024-01-11
6937,649.7,Card,2024-01-17
2472,1216.92,UPI,2024-02-23
6486,894.73,UPI,2024-02-17
18220,1629.45,Wallet,2024-01-22
12930,809.44,UPI,2024-01-25
17713,1269.14,Card,2024-02-01
15095,825.33,UPI,2024-02-02
8835,1658.33,NetBanking,2024-01-12
16621,1378.07,Wallet,2024-02-18
5877,757.48,Wallet,2024-01-07
16695,1978.08,UPI,2024-01-13
8663,1703.74,UPI,2024-02-12
12143,996.28,UPI,2024-02-10
1054,1246.49,Card,2024-02-27
15353,301.98,Card,2024-01-11
5726,1509.56,Wallet,2024-02-14
681,425.56,UPI,2024-01-28
14917,591.09,Card,2024-01-08
12259,1922.86,NetBanking,2024-01-17
16214,1878.82,Wallet,2024-02-05
17259,1580.28,Wallet,2024-02-12
8257,1256.93,Card,2024-02-11
14628,341.61,UPI,2024-02-28
4481,940.92,UPI,2024-02-27
5561,1806.06,NetBanking,2024-02-20
7832,1549.39,Wallet,2024-02-01
10777,257.86,NetBanking,2024-01-18
2996,1425.01,NetBanking,2024-01-11
7951,1834.21,Wallet,2024-01-14
3648,2177.0,NetBanking,2024-01-10
5005,596.07,Card,2024-02-17
4984,1454.22,Card,2024-02-17
11879,818.77,UPI,2024-02-22
9352,976.79,Card,2024-01-08
5257,1145.99,UPI,2024-01-12
16875,882.73,Wallet,2024-02-12
17541,1440.48,Card,2024-02-14
13690,1376.52,Wallet,2024-01-19
14413,791.7,Card,2024-01-20
6316,112.68,UPI,2024-02-02
1742,971.24,NetBanking,2024-01-11
16187,616.48,Wallet,2024-02-04
6408,116.43,Card,2024-02-12
2861,888.35,UPI,2024-02-18
5416,1305.8,Wallet,2024-01-01
13177,1183.98,UPI,2024-02-15
16833,284.21,UPI,2024-01-24
14010,271.47,UPI,2024-01-04
1685,168.42,Wallet,2024-01-15
3120,1463.83,NetBanking,2024-01-05
3547,240.14,Wallet,2024-01-31
8947,1857.14,Wallet,2024-01-13
8522,1457.8,Wallet,2024-01-04
11552,531.2,NetBanking,2024-01-10
17202,805.53,UPI,2024-01-16
4335,1777.0,UPI,2024-02-13
11644,1907.62,Card,2024-01-17
7115,552.02,NetBanking,2024-02-08
13375,512.06,Card,2024-01-08
6102,1569.57,Card,2024-02-24
8286,1079.06,NetBanking,2024-02-22
1885,901.08,NetBanking,2024-02-28
14956,805.92,UPI,2024-01-16
5358,185.86,Card,2024-01-22
8665,214.58,Wallet,2024-01-17
2534,1251.64,Wallet,2024-01-31
10578,1492.25,UPI,2024-02-12
11410,939.85,NetBanking,2024-02-03
10727,1782.81,NetBanking,2024-02-25
11891,701.25,UPI,2024-02-02
11991,1786.07,Card,2024-02-21
19978,1914.88,UPI,2024-01-26
1223,1089.17,NetBanking,2024-01-19
16202,150.06,NetBanking,2024-01-05
1558,1230.93,Wallet,2024-01-06
14514,207.42,Card,2024-01-18
2405,1353.97,Wallet,2024-02-22
6716,1658.4,Wallet,2024-01-23
9004,1371.28,Card,2024-02-05
1322,2192.87,Wallet,2024-02-03
14788,1468.32,Card,2024-02-08
2943,1124.88,NetBanking,2024-01-21
356,1384.8,NetBanking,2024-01-27
2166,758.53,UPI,2024-02-19
1134,1001.74,UPI,2024-01-11
2149,1047.43,Card,2024-01-27
11521,1340.13,Card,2024-02-20
17201,433.92,Wallet,2024-01-26
12649,232.46,NetBanking,2024-02-12
5181,1930.83,NetBanking,2024-02-02
5672,585.76,UPI,2024-01-30
567,1049.07,Card,2024-01-12
2694,1773.42,UPI,2024-01-06
12739,410.58,Wallet,2024-02-20
5160,796.33,UPI,2024-02-20
8744,1403.85,NetBanking,2024-01-31
9387,1233.16,NetBanking,2024-01-27
1923,165.76,Card,2024-01-16
5883,1163.27,Wallet,2024-02-11
5076,1960.22,UPI,2024-01-07
1894,943.77,Wallet,2024-01-06
11693,1825.53,NetBanking,2024-01-16
2981,1240.19,NetBanking,2024-01-04
1416,1214.87,Wallet,2024-01-24
5644,415.59,NetBanking,2024-02-07
4840,800.18,Card,2024-01-16
8127,149.94,NetBanking,2024-01-28
16417,1515.15,NetBanking,2024-01-11
18571,772.35,UPI,2024-02-23
15023,251.74,UPI,2024-01-19
9057,1923.77,Card,2024-02-05
6450,1290.17,Wallet,2024-01-15
18116,1569.53,Card,2024-02-05
11104,1500.65,Card,2024-01-12
2729,1202.7,UPI,2024-02-02
6069,1677.76,Wallet,2024-01-30
15885,135.03,NetBanking,2024-01-08
5869,499.46,UPI,2024-01-09
4512,1758.87,Wallet,2024-01-20
19450,1942.63,UPI,2024-02-25
4065,202.65,NetBanking,2024-02-28
8439,1201.27,NetBanking,2024-01-18
16603,1179.31,Wallet,2024-02-12
3479,1524.33,Card,2024-02-17
15587,1327.42,Card,2024-01-20
1225,801.7,Wallet,2024-02-22
19157,1590.61,NetBanking,2024-01-18
10450,1397.94,NetBanking,2024-02-26
8204,835.36,Wallet,2024-01-19
10684,491.93,Card,2024-01-17
1156,1276.41,UPI,2024-01-07
10358,1130.68,NetBanking,2024-02-21
13354,249.3,UPI,2024-01-28
12350,127.92,Wallet,2024-01-27
15400,1401.47,Wallet,2024-01-03
2957,1188.32,Card,2024-01-28
1736,508.54,UPI,2024-02-28
5214,809.13,Card,2024-02-23
19995,1016.41,Card,2024-01-17
10643,342.52,NetBanking,2024-02-16
19013,1839.65,Card,2024-01-04
19619,1918.53,UPI,2024-02-04
16977,145.75,Wallet,2024-01-02
6513,1104.23,Card,2024-02-16
5950,325.36,Wallet,2024-01-25
17046,902.11,Wallet,2024-02-06
18598,957.5,NetBanking,2024-01-07
6930,233.33,Card,2024-02-05
8614,495.78,UPI,2024-01-23
6332,118.12,UPI,2024-01-12
15374,914.99,Card,2024-02-03
3074,790.8,Card,2024-01-31
15039,342.49,NetBanking,2024-02-05
15463,1690.48,UPI,2024-02-04
4630,942.99,Wallet,2024-02-16
5895,1567.06,Card,2024-01-12
2832,1179.0,NetBanking,2024-01-08
7753,166.62,Wallet,2024-02-06
18367,384.42,Card,2024-01-14
10379,1811.76,Wallet,2024-02-10
13136,1250.4,Wallet,2024-02-12
8130,735.6,Wallet,2024-02-21
19332,1741.01,Wallet,2024-02-20
15677,1459.85,UPI,2024-01-11
16196,499.03,Wallet,2024-02-22
11100,1629.55,Wallet,2024-02-29
2683,1285.35,UPI,2024-02-08
18908,970.18,Wallet,2024-01-10
13143,1963.98,NetBanking,2024-02-25
11188,1175.72,NetBanking,2024-01-29
4511,1652.22,UPI,2024-02-25
18801,1332.2,NetBanking,2024-02-24
11803,1101.15,Wallet,2024-01-14
1849,881.65,Card,2024-01-17
12471,1385.41,Card,2024-01-03
7743,1849.43,Wallet,2024-01-11
4826,753.63,NetBanking,2024-02-05
10559,1337.43,NetBanking,2024-01-04
18542,1762.17,NetBanking,2024-01-06
7179,641.06,NetBanking,2024-01-15
5853,1278.18,Card,2024-01-22
5573,1910.99,Wallet,2024-02-21
10023,1010.09,Wallet,2024-01-11
1064,896.17,UPI,2024-02-18
15994,381.74,Card,2024-02-19
8764,1155.7,Card,2024-02-23
3277,1556.25,UPI,2024-02-20
16458,229.37,Wallet,2024-01-22
4413,1471.36,Wallet,2024-01-06
18936,1529.72,Wallet,2024-01-11
15005,1689.06,NetBanking,2024-02-03
110,1599.51,UPI,2024-02-24
4055,789.65,NetBanking,2024-01-03
6074,1956.23,Card,2024-01-30
3708,560.98,Wallet,2024-01-27
9698,1026.97,UPI,2024-02-11
6403,372.19,NetBanking,2024-02-24
14271,509.46,Card,2024-01-08
8291,1026.37,NetBanking,2024-02-12
13129,1281.48,Card,2024-02-11
10195,793.18,Card,2024-02-13
18038,348.48,Wallet,2024-02-11
1484,1292.56,Card,2024-01-31
5055,1318.18,NetBanking,2024-01-08
5788,214.7,Wallet,2024-02-16
1984,251.83,UPI,2024-02-11
2088,1829.17,UPI,2024-01-03
9422,1872.45,Wallet,2024-01-25
1810,1840.81,Wallet,2024-01-21
13499,1389.85,Wallet,2024-01-03
6992,226.73,Wallet,2024-02-16
4383,1764.3,UPI,2024-02-18
6617,1515.22,Card,2024-02-03
4396,1515.47,Card,2024-01-23
256,135.26,Wallet,2024-01-25
732,2060.02,Wallet,2024-01-16
14825,1377.85,UPI,2024-01-08
2879,924.2,NetBanking,2024-01-30
4827,1323.87,Wallet,2024-02-02
10543,1237.34,Wallet,2024-02-15
14919,997.81,UPI,2024-01-10
1841,724.09,NetBanking,2024-01-24
2346,1799.29,Wallet,2024-02-07
12359,716.81,UPI,2024-01-25
776,391.32,UPI,2024-01-09
11843,605.6,NetBanking,2024-02-21
19613,675.86,Card,2024-01-25
12607,563.25,UPI,2024-01-07
10119,567.32,NetBanking,2024-01-15
7474,1442.2,UPI,2024-01-16
7001,1393.96,UPI,2024-01-13
3135,322.65,Card,2024-01-08
8458,1222.93,Wallet,2024-01-03
12919,1318.88,Card,2024-02-27
16917,1467.05,UPI,2024-02-10
1915,599.11,NetBanking,2024-01-16
12241,157.15,Card,2024-01-14
12221,1110.15,Card,2024-01-21
15846,943.52,UPI,2024-02-11
16535,1691.95,Wallet,2024-01-16
16776,176.76,NetBanking,2024-02-18
6724,1461.05,Card,2024-02-27
17054,724.07,Wallet,2024-02-17
7906,861.66,NetBanking,2024-01-18
12532,1017.76,Card,2024-01-01
13860,738.19,Card,2024-02-25
7560,1177.54,NetBanking,2024-02-25
1013,1540.2,UPI,2024-02-26
17522,1799.14,UPI,2024-01-30
11178,1877.94,Wallet,2024-01-14
7418,123.78,Wallet,2024-01-31
122,1520.51,Card,2024-01-14
2986,1736.07,UPI,2024-02-16
7801,1552.64,Wallet,2024-01-21
2444,328.2,NetBanking,2024-01-28
7879,1044.62,UPI,2024-01-13
14465,1106.43,UPI,2024-02-20
17128,1732.66,UPI,2024-01-12
10879,1089.41,NetBanking,2024-01-14
90,843.65,Card,2024-02-06
8889,127.09,UPI,2024-01-26
19522,1402.17,UPI,2024-02-29
17291,873.38,NetBanking,2024-01-16
5053,1526.29,UPI,2024-02-02
14580,1813.82,NetBanking,2024-02-01
13941,822.19,NetBanking,2024-01-08
4905,646.27,Card,2024-01-06
1663,569.73,UPI,2024-01-14
5499,737.55,UPI,2024-01-12
4783,787.99,UPI,2024-01-08
15932,591.04,Card,2024-01-28
3959,768.31,Card,2024-02-29
17633,666.4,Card,2024-01-17
10259,380.89,NetBanking,2024-01-03
6770,1811.51,UPI,2024-02-29
7075,1904.71,Card,2024-01-21
10074,1138.46,UPI,2024-02-10
19896,175.26,Card,2024-02-29
5371,1074.29,UPI,2024-02-13
19842,289.29,Card,2024-02-12
14146,1399.32,Wallet,2024-02-18
8943,272.14,Card,2024-01-26
3759,1316.6,NetBanking,2024-01-20
19873,1761.59,Card,2024-02-14
19205,1488.51,Wallet,2024-01-17
19219,1578.84,Wallet,2024-01-06
18841,953.31,Card,2024-01-10
5570,1300.3,Wallet,2024-02-05
5793,633.85,Wallet,2024-02-26
8553,868.38,NetBanking,2024-02-15
3462,1174.12,Wallet,2024-01-28
5622,1831.37,Card,2024-02-03
4947,1957.91,Card,2024-02-07
7966,405.43,Card,2024-01-07
17170,700.13,NetBanking,2024-02-12
14852,1142.47,Card,2024-01-16
15453,281.37,Wallet,2024-02-14
14588,1466.52,NetBanking,2024-01-26
17972,1696.98,NetBanking,2024-02-29
15043,1508.62,Wallet,2024-01-22
8128,711.54,Card,2024-02-14
5269,1058.45,Wallet,2024-02-16
7014,1218.31,NetBanking,2024-01-05
1172,1133.72,Card,2024-02-24
1825,1833.18,NetBanking,2024-01-20
3596,1489.82,Wallet,2024-02-07
19121,1224.52,Card,2024-01-03
8541,687.16,UPI,2024-02-19
19654,1877.03,UPI,2024-01-11
10372,991.21,Card,2024-01-14
5549,789.34,Wallet,2024-01-30
11881,815.2,Card,2024-01-21
15944,1123.65,UPI,2024-02-23
12499,1627.51,NetBanking,2024-01-30
11554,1801.59,Wallet,2024-01-18
14418,1658.58,Card,2024-02-14
14991,1731.42,NetBanking,2024-02-23
16971,1738.85,NetBanking,2024-01-26
5719,530.76,UPI,2024-02-07
8800,110.75,NetBanking,2024-01-23
9405,119.78,Wallet,2024-01-24
16733,1798.8,UPI,2024-02-23
1786,1648.84,NetBanking,2024-02-29
2936,971.5,Card,2024-01-07
19762,1848.21,UPI,2024-01-29
2334,1919.45,UPI,2024-01-06
7896,1636.89,Wallet,2024-02-05
19448,130.73,UPI,2024-02-28
18187,1962.1,Wallet,2024-01-03
2615,409.27,UPI,2024-02-29
19608,108.98,Card,2024-02-13
14157,731.1,NetBanking,2024-01-30
8531,1895.21,Card,2024-01-24
1262,251.15,NetBanking,2024-02-08
222,1511.99,NetBanking,2024-02-09
9253,1676.17,NetBanking,2024-01-18
15608,1932.12,NetBanking,2024-01-14
5651,1895.15,UPI,2024-02-02
17268,923.31,Card,2024-01-10
10429,1044.5,Card,2024-02-14
10454,1028.57,Card,2024-01-27
11009,276.08,UPI,2024-01-31
15508,1210.73,NetBanking,2024-02-26
18196,1448.3,NetBanking,2024-02-21
8029,596.95,NetBanking,2024-02-08
14128,1070.06,Wallet,2024-01-13
16105,980.38,Card,2024-02-04
17987,884.63,UPI,2024-02-17
19843,368.37,Wallet,2024-01-17
8041,1122.27,Card,2024-01-25
19015,1613.99,UPI,2024-02-29
2360,1386.06,UPI,2024-01-25
10329,1851.25,Wallet,2024-01-17
18072,1372.28,UPI,2024-01-13
7181,1150.29,Card,2024-01-22
4211,367.82,NetBanking,2024-03-01
16149,1906.05,Card,2024-02-15
14817,698.68,Card,2024-01-11
1637,677.82,Card,2024-01-19
2438,590.17,NetBanking,2024-01-07
19504,447.17,Wallet,2024-01-21
8376,441.71,Wallet,2024-01-03
14364,929.95,UPI,2024-01-02
4891,559.29,NetBanking,2024-01-09
10627,877.27,Card,2024-02-19
18849,1272.93,Wallet,2024-02-13
4754,1095.56,Wallet,2024-01-24
7063,1233.66,NetBanking,2024-01-20
8114,828.83,Wallet,2024-02-18
10053,212.68,Card,2024-01-03
14102,435.28,UPI,2024-01-31
19675,1308.45,Card,2024-01-06
7873,1936.28,UPI,2024-02-03
18456,1056.14,Wallet,2024-02-14
18050,543.82,Card,2024-02-06
3939,1472.99,Wallet,2024-01-27
16731,1456.24,Wallet,2024-01-24
5349,1961.78,Card,2024-01-14
8353,1427.32,Card,2024-01-10
13739,1726.3,UPI,2024-02-24
13453,253.26,Card,2024-01-17
12625,976.48,Card,2024-01-31
16322,1229.39,Card,2024-02-13
2504,104.37,Card,2024-02-14
6272,1858.6,Wallet,2024-02-12
5608,1634.23,UPI,2024-02-22
19571,1528.72,Wallet,2024-01-31
16278,1919.77,Wallet,2024-03-01
1030,1081.37,Card,2024-01-01
1195,1989.12,Card,2024-02-12
11919,865.49,UPI,2024-02-04
8857,479.46,NetBanking,2024-02-08
1505,1677.05,UPI,2024-02-26
6650,562.74,UPI,2024-01-14
18003,1807.98,Wallet,2024-02-13
5339,1448.57,NetBanking,2024-01-03
9741,863.09,Wallet,2024-01-27
15351,340.13,NetBanking,2024-02-28
13516,1577.56,NetBanking,2024-01-28
7221,433.63,NetBanking,2024-01-26
10998,679.01,Wallet,2024-02-12
18736,1225.83,Wallet,2024-02-11
260,1392.43,Card,2024-01-15
12967,824.63,NetBanking,2024-01-08
2461,1177.96,Wallet,2024-02-15
3516,356.53,Wallet,2024-01-19
9538,1365.1,Card,2024-01-17
1118,1810.97,UPI,2024-01-13
17485,395.82,UPI,2024-02-16
11266,1981.97,Wallet,2024-02-13
6033,517.54,NetBanking,2024-02-20
4378,1064.92,Card,2024-02-02
12662,1699.74,Card,2024-01-28
3323,1681.5,Card,2024-01-02
14810,708.85,Wallet,2024-01-31
17683,193.62,UPI,2024-02-13
6523,965.86,Card,2024-01-31
10243,1849.44,UPI,2024-02-26
17840,1250.61,Wallet,2024-01-22
16188,703.08,UPI,2024-02-10
9982,496.72,UPI,2024-02-24
16097,491.53,UPI,2024-01-15
3967,163.0,UPI,2024-02-23
2849,1114.6,Card,2024-02-24
16324,696.76,NetBanking,2024-01-01
12922,417.17,UPI,2024-02-20
15667,188.76,Wallet,2024-01-26
12164,1324.0,Wallet,2024-01-18
6975,2044.12,UPI,2024-01-07
6464,337.31,Wallet,2024-01-28
8186,1245.09,UPI,2024-01-05
16857,1209.26,NetBanking,2024-03-01
2420,1326.54,NetBanking,2024-01-18
15539,812.74,UPI,2024-01-29
4665,1020.93,UPI,2024-02-06
8057,770.29,NetBanking,2024-02-25
6199,1209.96,UPI,2024-02-14
5868,484.05,UPI,2024-02-13
7862,237.36,UPI,2024-01-18
18674,1841.36,Card,2024-01-11
19876,386.96,Card,2024-02-06
7928,1625.39,Wallet,2024-01-28
14658,1014.44,Wallet,2024-02-15
1759,877.01,Wallet,2024-02-14
12887,1424.15,Card,2024-02-12
12156,1506.86,Card,2024-01-18
7155,708.48,UPI,2024-02-25
17456,226.58,NetBanking,2024-02-04
8510,213.67,NetBanking,2024-02-11
7038,1496.31,Wallet,2024-01-24
14600,463.01,NetBanking,2024-02-12
8451,220.52,UPI,2024-02-05
12571,126.0,UPI,2024-02-26
11651,1987.65,Card,2024-01-16
18277,1327.48,Card,2024-02-22
1512,1185.25,Card,2024-01-22
368,925.87,NetBanking,2024-01-05
1409,1245.47,NetBanking,2024-02-29
3085,550.86,Wallet,2024-01-20
16429,1004.56,Wallet,2024-01-20
6781,500.02,Wallet,2024-02-21
15304,1977.57,UPI,2024-01-29
166,1299.72,Wallet,2024-02-01
2824,433.77,UPI,2024-02-24
16041,536.42,Card,2024-01-03
11570,189.72,Card,2024-02-15
16349,1627.82,Card,2024-02-24
5892,1394.12,UPI,2024-01-01
11025,861.86,UPI,2024-01-17
15207,538.43,Wallet,2024-01-03
994,963.42,UPI,2024-02-16
17473,1811.28,UPI,2024-01-04
3735,1526.55,Wallet,2024-02-23
10602,1177.94,UPI,2024-02-14
9639,1334.64,Card,2024-01-14
5261,1662.62,Card,2024-02-13
6079,1046.36,Wallet,2024-02-29
17075,1629.54,Card,2024-02-26
15490,1198.22,UPI,2024-01-19
1702,1918.1,Wallet,2024-01-11
7748,308.2,UPI,2024-02-23
12618,1802.35,NetBanking,2024-01-08
3580,1401.01,Card,2024-01-29
10508,1294.27,Wallet,2024-02-25
13634,251.97,Card,2024-02-10
4463,1315.4,NetBanking,2024-02-17
10613,287.96,NetBanking,2024-01-25
13829,1601.36,NetBanking,2024-02-11
11685,449.54,NetBanking,2024-01-27
9436,1521.36,Wallet,2024-02-26
2167,506.66,Wallet,2024-02-22
17104,1833.96,Wallet,2024-01-22
14229,1169.08,NetBanking,2024-01-14
18111,865.41,Card,2024-01-03
6014,1094.07,NetBanking,2024-02-08
14856,832.62,Card,2024-01-12
6653,368.79,UPI,2024-02-09
16351,1966.7,UPI,2024-02-07
7979,1120.88,Card,2024-02-24
6401,451.0,UPI,2024-01-24
631,610.01,Card,2024-01-02
7809,211.21,NetBanking,2024-01-24
5008,1831.96,Wallet,2024-01-23
16949,112.06,NetBanking,2024-02-06
5542,1637.86,UPI,2024-01-29
11384,1529.91,NetBanking,2024-01-17
1545,271.79,Wallet,2024-02-24
6999,1546.97,UPI,2024-01-10
9103,655.34,Card,2024-01-10
13727,219.03,NetBanking,2024-02-29
2600,993.32,NetBanking,2024-01-01
12285,817.65,NetBanking,2024-01-07
12992,945.02,UPI,2024-02-15
3705,1222.03,Card,2024-02-14
17802,592.42,Wallet,2024-01-25
3213,155.06,UPI,2024-02-16
7527,1455.39,NetBanking,2024-01-14
8606,1738.27,UPI,2024-01-08
15163,996.19,UPI,2024-02-19
11752,115.91,UPI,2024-01-31
8381,1751.34,Card,2024-02-01
14758,1026.9,UPI,2024-01-24
13969,1194.09,Card,2024-01-07
13600,1694.93,UPI,2024-02-05
10658,1443.6,Card,2024-02-22
19846,1045.62,UPI,2024-01-15
16993,1652.16,Wallet,2024-02-27
3612,850.03,Card,2024-01-20
18157,1846.55,NetBanking,2024-02-11
14631,861.15,Card,2024-01-12
11602,491.18,NetBanking,2024-02-21
6634,327.12,Wallet,2024-01-12
19861,1903.13,NetBanking,2024-02-13
9451,339.17,Card,2024-02-28
19402,837.65,UPI,2024-02-04
19525,1145.82,Wallet,2024-02-09
18300,995.77,UPI,2024-01-07
13285,693.04,Wallet,2024-01-08
1295,1568.08,Wallet,2024-01-22
17298,394.8,Card,2024-01-15
822,169.4,NetBanking,2024-02-29
17285,332.88,Wallet,2024-01-06
6782,996.02,UPI,2024-01-26
126,797.39,Wallet,2024-02-01
19321,1585.69,Card,2024-02-20
15579,326.77,Card,2024-01-12
15947,1938.52,NetBanking,2024-01-04
9236,1063.18,Wallet,2024-01-08
2808,924.85,Card,2024-01-14
19483,130.48,UPI,2024-02-15
11427,1667.81,UPI,2024-02-29
1037,1391.63,Card,2024-01-20
2751,1807.39,Wallet,2024-01-26
6595,996.36,NetBanking,2024-02-05
14947,1953.71,NetBanking,2024-01-30
3130,1249.92,Card,2024-01-29
204,1270.58,NetBanking,2024-02-17
12303,1092.33,NetBanking,2024-02-12
2895,1353.55,Wallet,2024-01-09
1393,1147.87,Card,2024-01-23
17849,1156.4,Card,2024-01-19
11531,1189.35,Wallet,2024-01-17
5777,1277.1,UPI,2024-01-17
3843,1999.04,UPI,2024-02-20
14566,1321.73,Card,2024-01-31
11086,983.55,NetBanking,2024-02-03
10186,1508.96,Card,2024-01-15
11516,1566.81,UPI,2024-02-03
7218,646.2,Wallet,2024-02-24
10632,482.68,NetBanking,2024-02-23
1039,1330.1,Card,2024-02-07
604,461.64,Card,2024-02-28
15279,1823.8,UPI,2024-02-15
3741,209.68,NetBanking,2024-02-12
18570,1181.07,Card,2024-01-11
1616,1890.31,Card,2024-02-04
17095,849.88,NetBanking,2024-02-06
16788,388.74,UPI,2024-02-01
6115,546.1,NetBanking,2024-01-25
18588,1519.07,Card,2024-02-07
7617,1551.01,NetBanking,2024-01-27
2010,647.39,UPI,2024-01-19
18084,1200.18,Wallet,2024-01-13
18859,607.74,Card,2024-01-13
13444,428.28,NetBanking,2024-02-23
2529,1383.55,NetBanking,2024-01-28
7395,789.83,NetBanking,2024-01-05
18099,1695.49,NetBanking,2024-02-15
12568,689.89,UPI,2024-02-07
4598,581.71,NetBanking,2024-02-16
1738,465.82,Wallet,2024-01-07
5940,1624.56,UPI,2024-01-09
5530,127.85,Card,2024-02-13
1036,1902.47,Card,2024-01-27
19098,1109.73,Card,2024-01-18
8555,860.33,UPI,2024-02-23
14393,201.33,NetBanking,2024-01-19
2993,205.51,Wallet,2024-02-06
17213,1721.91,Card,2024-02-11
15663,370.49,NetBanking,2024-02-28
4155,1446.22,NetBanking,2024-02-25
19869,748.08,UPI,2024-01-09
2289,1805.8,Wallet,2024-01-07
7443,1913.08,UPI,2024-02-18
6847,885.89,Card,2024-01-09
7937,609.29,Wallet,2024-01-29
15145,670.65,NetBanking,2024-02-08
15876,1336.53,Wallet,2024-02-03
9642,985.42,Wallet,2024-01-25
2924,1218.04,UPI,2024-01-19
19953,1751.94,NetBanking,2024-02-03
539,201.71,UPI,2024-02-25
19058,1655.03,UPI,2024-02-02
8498,1210.39,Card,2024-01-12
11643,478.06,Card,2024-03-01
3847,1252.45,UPI,2024-02-12
7978,211.04,Card,2024-01-15
13032,454.74,NetBanking,2024-01-14
14037,421.74,NetBanking,2024-01-01
13401,726.91,UPI,2024-02-01
2127,1006.37,Card,2024-02-03
1371,170.93,UPI,2024-02-26
3875,1801.01,NetBanking,2024-01-29
13663,952.08,UPI,2024-02-23
10289,1086.42,NetBanking,2024-01-24
7353,1337.57,Wallet,2024-02-20
9399,490.93,Wallet,2024-01-11
17645,1304.97,UPI,2024-01-07
289,1961.4,UPI,2024-01-23
5071,663.06,UPI,2024-02-18
16937,1713.5,Card,2024-02-06
13555,598.99,UPI,2024-02-28
8105,1599.85,UPI,2024-02-06
18077,1093.06,Wallet,2024-02-17
15549,1947.46,Card,2024-02-14
19643,1492.48,UPI,2024-01-13
6315,161.45,UPI,2024-02-11
4567,1711.21,NetBanking,2024-01-01
7298,1665.62,NetBanking,2024-01-10
11143,1302.94,Card,2024-02-03
17964,1403.48,Card,2024-02-15
14996,1229.44,Card,2024-02-02
9024,1587.56,Wallet,2024-02-14
16595,1618.74,NetBanking,2024-02-10
2470,868.8,Card,2024-01-30
16593,1733.68,NetBanking,2024-03-01
4589,529.6,NetBanking,2024-01-26
14745,1356.96,UPI,2024-02-24
17620,841.77,NetBanking,2024-01-23
11267,505.93,NetBanking,2024-02-15
11260,1629.82,UPI,2024-01-01
9385,1009.29,Wallet,2024-02-20
5220,1658.25,NetBanking,2024-01-21
17820,810.23,NetBanking,2024-01-01
12149,1254.99,NetBanking,2024-01-12
15484,455.85,UPI,2024-01-29
7597,597.7,Wallet,2024-02-18
17716,1998.49,NetBanking,2024-01-19
5379,817.07,NetBanking,2024-01-03
8712,1930.76,UPI,2024-02-23
8716,875.25,Card,2024-02-22
15224,825.67,Card,2024-02-21
3216,1534.97,Card,2024-01-31
4747,630.79,NetBanking,2024-01-02
3841,1829.82,Wallet,2024-01-07
4477,982.76,NetBanking,2024-02-05
3896,104.22,NetBanking,2024-01-27
15843,1046.93,UPI,2024-02-27
11123,771.61,Wallet,2024-02-21
15791,354.91,Wallet,2024-02-22
6658,620.49,NetBanking,2024-02-25
11271,422.9,Wallet,2024-01-30
14674,780.27,UPI,2024-02-13
5909,1492.5,NetBanking,2024-02-26
11903,563.99,Card,2024-02-17
636,753.08,Wallet,2024-02-06
17301,1750.21,Wallet,2024-01-13
17208,1560.37,Card,2024-01-11
3663,1686.13,Card,2024-02-25
14170,1051.18,Wallet,2024-02-25
1606,873.16,NetBanking,2024-01-04
2075,1043.98,Card,2024-01-22
18917,1268.62,UPI,2024-02-12
1431,1476.86,Wallet,2024-01-06
15990,1677.28,UPI,2024-01-04
10194,1738.06,UPI,2024-02-20
17841,1113.3,UPI,2024-01-26
1418,989.6,NetBanking,2024-02-23
15331,1943.72,Wallet,2024-02-01
14360,1049.78,NetBanking,2024-02-05
8855,821.85,NetBanking,2024-02-27
15314,1072.72,UPI,2024-02-24
10770,1448.51,Wallet,2024-02-29
11221,1782.8,Card,2024-01-13
15322,1460.24,Wallet,2024-02-18
6466,750.25,Card,2024-02-26
10896,636.99,Card,2024-02-05
6800,1325.49,Card,2024-01-10
5598,1725.65,NetBanking,2024-01-13
12643,704.81,NetBanking,2024-01-16
18902,1193.84,Wallet,2024-01-23
4638,1355.45,NetBanking,2024-01-08
16332,1261.91,UPI,2024-01-16
10160,1660.88,Card,2024-02-19
9579,465.33,Wallet,2024-02-09
16300,1925.76,Card,2024-01-30
1763,1599.77,NetBanking,2024-01-12
15384,1834.95,Wallet,2024-01-07
5216,1881.47,Card,2024-02-29
2340,472.72,Card,2024-02-29
10264,1050.07,UPI,2024-02-02
17139,1013.14,NetBanking,2024-01-22
13301,1039.39,Wallet,2024-02-01
1023,295.93,UPI,2024-02-17
6124,263.32,Wallet,2024-01-11
2754,1744.82,UPI,2024-02-07
6160,229.0,Wallet,2024-01-31
19414,509.65,Card,2024-01-28
6175,920.37,UPI,2024-02-13
6626,847.81,NetBanking,2024-01-01
12426,790.53,Card,2024-01-07
15022,1456.17,Card,2024-02-04
18310,818.64,NetBanking,2024-02-10
17419,1367.36,NetBanking,2024-01-25
17252,519.63,NetBanking,2024-01-29
15568,1237.84,NetBanking,2024-02-12
1692,1589.49,Card,2024-03-01
6881,1761.84,UPI,2024-02-22
17175,1688.98,Wallet,2024-01-26
6468,1099.19,NetBanking,2024-02-09
13432,1139.45,Wallet,2024-01-19
17924,919.74,Card,2024-01-20
14240,1967.62,Card,2024-02-26
6960,700.76,UPI,2024-02-17
4620,1070.78,Card,2024-02-15
8954,709.93,Wallet,2024-01-15
10611,977.84,NetBanking,2024-01-10
15768,1512.35,NetBanking,2024-01-22
16136,646.86,UPI,2024-02-25
8888,603.96,NetBanking,2024-01-22
14183,1055.36,UPI,2024-02-04
7435,503.53,UPI,2024-02-27
17680,1014.38,NetBanking,2024-02-25
3823,140.58,UPI,2024-02-06
11731,1692.65,Card,2024-02-19
2448,1273.21,Card,2024-01-18
8484,1352.49,Card,2024-02-21
12358,1876.38,Card,2024-01-08
7559,1694.36,Wallet,2024-02-09
611,825.27,Wallet,2024-01-04
9662,1052.5,Wallet,2024-01-31
12837,1221.63,Card,2024-02-17
10576,1464.4,UPI,2024-02-26
5325,750.66,NetBanking,2024-01-14
12877,1949.13,NetBanking,2024-01-01
19376,1289.24,UPI,2024-02-29
17744,1929.97,Wallet,2024-02-18
10171,432.81,NetBanking,2024-01-28
13632,1794.1,Card,2024-02-09
7964,629.77,NetBanking,2024-01-23
10741,1092.08,NetBanking,2024-02-22
6458,753.31,UPI,2024-01-25
6107,1212.96,UPI,2024-03-01
9364,1525.22,NetBanking,2024-02-26
1080,132.91,NetBanking,2024-02-24
8618,1974.05,UPI,2024-01-21
17169,133.92,Wallet,2024-01-06
5501,1222.22,Wallet,2024-02-07
4673,1912.73,Card,2024-02-17
18901,1479.16,Card,2024-02-14
1059,737.81,Card,2024-02-17
7341,1040.09,UPI,2024-02-05
19982,974.69,NetBanking,2024-01-15
840,596.95,NetBanking,2024-01-16
15938,1210.46,NetBanking,2024-01-27
19777,1238.63,UPI,2024-02-25
9010,1941.44,NetBanking,2024-01-15
4898,445.12,UPI,2024-02-27
16172,249.49,Wallet,2024-02-10
11341,1673.22,Card,2024-01-02
11657,518.98,Wallet,2024-01-26
16353,1648.96,Wallet,2024-03-01
11589,439.44,Wallet,2024-01-06
10341,863.36,UPI,2024-01-26
1082,1379.33,UPI,2024-02-10
420,1296.16,UPI,2024-02-11
15092,1970.38,Card,2024-01-03
9095,826.02,NetBanking,2024-02-06
13606,756.76,UPI,2024-02-03
15775,1285.49,UPI,2024-02-21
13066,459.74,NetBanking,2024-02-25
3995,1241.81,Card,2024-01-15
16609,1753.5,Wallet,2024-02-01
3958,1887.67,Wallet,2024-01-06
1498,690.68,NetBanking,2024-02-21
4159,1950.62,NetBanking,2024-02-17
801,434.07,UPI,2024-01-24
11941,628.6,Card,2024-02-13
10334,985.49,NetBanking,2024-01-07
4649,1318.29,NetBanking,2024-01-01
15721,1047.33,Wallet,2024-02-09
7280,576.37,UPI,2024-02-20
3578,1693.89,Card,2024-02-29
15341,1030.11,Wallet,2024-01-03
1443,664.17,NetBanking,2024-01-18
5934,1624.13,UPI,2024-02-08
16567,1790.54,Wallet,2024-02-21
6832,574.38,Card,2024-01-24
1695,1434.3,Wallet,2024-02-18
9659,1200.89,Wallet,2024-02-19
19749,1958.69,UPI,2024-01-15
170,1491.71,Wallet,2024-01-22
11674,1355.68,Wallet,2024-01-26
14799,1380.13,Card,2024-01-02
11105,477.41,UPI,2024-01-12
8973,384.53,UPI,2024-01-05
12337,1956.41,UPI,2024-01-14
2303,156.77,UPI,2024-02-06
632,465.73,Wallet,2024-01-11
9495,606.37,UPI,2024-01-26
11115,1743.86,NetBanking,2024-01-15
11877,1052.15,Wallet,2024-02-23
5440,1357.15,Wallet,2024-01-02
18231,1856.35,Wallet,2024-02-15
10746,1278.98,Card,2024-02-16
4667,1427.09,NetBanking,2024-02-10
12675,1207.93,UPI,2024-02-19
14576,565.02,Wallet,2024-03-01
15626,538.05,UPI,2024-02-23
19208,842.88,Wallet,2024-02-16
14929,1891.08,UPI,2024-02-28
7583,1902.8,UPI,2024-01-16
7491,693.21,Wallet,2024-01-13
507,404.78,Card,2024-02-18
3882,905.22,Card,2024-01-26
1335,1471.35,Card,2024-01-22
4016,560.29,Card,2024-02-13
16721,1389.05,NetBanking,2024-02-12
14330,666.51,Wallet,2024-02-21
5881,600.39,UPI,2024-01-26
10299,1230.56,NetBanking,2024-01-20
4364,1206.83,NetBanking,2024-02-01
11683,857.63,Wallet,2024-01-19
3923,850.26,Card,2024-02-29
8118,1686.66,UPI,2024-01-15
14499,1817.35,Wallet,2024-01-17
15971,1774.1,UPI,2024-01-29
1807,1072.64,NetBanking,2024-02-17
10791,161.02,UPI,2024-02-16
978,1124.69,Card,2024-02-28
7316,1247.25,UPI,2024-01-06
13009,547.25,Card,2024-02-16
4156,1070.08,NetBanking,2024-01-20
17661,227.7,Wallet,2024-01-07
8061,1121.57,Card,2024-02-23
3150,779.37,UPI,2024-01-07
9487,395.67,UPI,2024-01-02
5768,130.21,Wallet,2024-01-26
13239,1439.95,NetBanking,2024-01-27
1617,423.71,Card,2024-02-14
18087,451.74,NetBanking,2024-02-16
6275,1574.25,UPI,2024-02-09
9990,1004.36,NetBanking,2024-01-23
16749,1343.06,Card,2024-02-19
10246,1774.23,NetBanking,2024-02-15
3810,1508.82,NetBanking,2024-02-16
17207,1555.8,NetBanking,2024-02-17
17792,754.61,NetBanking,2024-01-02
15899,1214.59,Card,2024-02-06
3473,1269.93,UPI,2024-02-20
10040,856.42,NetBanking,2024-01-09
16446,602.89,Wallet,2024-02-12
2425,1410.55,Card,2024-02-26
10487,1637.7,Card,2024-03-01
15191,409.17,NetBanking,2024-02-01
2842,464.86,NetBanking,2024-01-21
981,138.2,UPI,2024-01-13
6007,864.59,NetBanking,2024-01-16
3166,808.46,NetBanking,2024-01-09
3922,1391.36,NetBanking,2024-02-19
10354,1122.21,UPI,2024-02-08
3317,296.78,Wallet,2024-02-16
3452,738.14,Card,2024-01-07
18797,497.3,NetBanking,2024-02-29
2635,1587.9,UPI,2024-01-17
53,1652.27,Card,2024-01-14
4261,243.14,Card,2024-02-19
11878,366.6,NetBanking,2024-01-02
7473,302.07,Card,2024-01-17
17159,1241.56,UPI,2024-02-06
8332,1122.94,NetBanking,2024-02-15
15250,920.65,UPI,2024-01-22
3557,1734.34,Card,2024-01-11
9413,1625.72,Wallet,2024-01-15
4594,1916.57,NetBanking,2024-02-13
47,886.56,UPI,2024-02-21
2313,1987.05,Card,2024-02-21
6240,767.56,Wallet,2024-02-26
8747,189.18,NetBanking,2024-01-17
17977,1135.66,NetBanking,2024-02-13
6215,354.75,Wallet,2024-01-19
11389,1493.78,Card,2024-02-16
8700,1166.96,UPI,2024-01-11
18774,950.61,UPI,2024-01-03
10532,121.29,NetBanking,2024-01-31
15871,941.95,Wallet,2024-02-21
6002,1008.14,NetBanking,2024-01-15
756,1519.63,Card,2024-01-30
11338,1407.07,UPI,2024-01-15
7334,1215.56,Card,2024-02-06
6655,1211.6,Card,2024-02-25
12758,585.88,NetBanking,2024-01-13
10608,1017.34,Wallet,2024-01-07
16618,1756.5,NetBanking,2024-02-07
8743,420.17,UPI,2024-01-07
2035,1656.46,NetBanking,2024-01-30
12329,1971.24,NetBanking,2024-01-08
16953,1829.28,Wallet,2024-01-17
10467,1378.58,UPI,2024-02-03
19509,1765.2,UPI,2024-01-18
11192,712.26,Card,2024-01-05
19865,1969.86,Card,2024-02-23
7273,1285.8,NetBanking,2024-01-04
7031,827.23,UPI,2024-02-14
12820,1415.33,NetBanking,2024-01-06
5996,1118.77,Wallet,2024-01-16
8193,1174.09,NetBanking,2024-01-18
5110,480.95,Wallet,2024-02-06
6565,1216.49,Wallet,2024-02-12
9610,1483.17,UPI,2024-02-21
7639,1712.92,Card,2024-01-04
16999,743.37,UPI,2024-01-18
4021,1493.77,Card,2024-01-30
6354,1769.18,NetBanking,2024-02-27
11747,912.24,NetBanking,2024-01-17
12706,522.25,Card,2024-01-31
5402,545.7,Card,2024-01-13
5905,1271.31,Wallet,2024-01-13
16576,150.97,UPI,2024-01-12
9031,1306.84,Card,2024-02-07
11253,1371.67,NetBanking,2024-02-18
606,1724.07,Card,2024-01-19
16574,1172.87,Wallet,2024-02-04
2962,1422.0,NetBanking,2024-01-31
15020,1658.31,NetBanking,2024-02-08
2923,1972.52,UPI,2024-02-23
13357,1256.98,UPI,2024-02-17
11382,1358.14,Wallet,2024-01-12
13707,1923.16,Wallet,2024-01-14
11335,1722.77,NetBanking,2024-02-22
6192,391.54,Wallet,2024-02-29
1396,1548.53,UPI,2024-01-08
5457,543.15,Wallet,2024-01-25
1677,1937.61,Wallet,2024-02-04
2966,385.03,Card,2024-02-09
18354,208.24,Card,2024-02-26
6148,1935.57,UPI,2024-01-19
3104,1811.69,Wallet,2024-03-01
17845,616.85,Wallet,2024-02-26
11401,1604.75,Wallet,2024-01-28
8246,1665.17,Wallet,2024-01-15
4302,809.89,Card,2024-01-01
9551,1351.54,NetBanking,2024-02-04
16980,1408.16,Wallet,2024-02-28
1370,314.3,Wallet,2024-01-10
9516,1941.07,Wallet,2024-01-09
13812,471.57,NetBanking,2024-02-11
6789,1032.61,Wallet,2024-02-10
10471,136.93,NetBanking,2024-02-16
18866,880.91,UPI,2024-02-19
4099,283.65,UPI,2024-01-10
2029,903.1,NetBanking,2024-01-19
14434,1203.31,NetBanking,2024-01-08
8292,443.33,Card,2024-01-01
136,463.45,UPI,2024-03-01
16018,1075.51,Card,2024-01-23
12723,1912.8,Card,2024-01-15
17921,1334.23,NetBanking,2024-01-26
13697,1245.52,UPI,2024-02-25
12674,1873.72,UPI,2024-01-07
13205,193.46,Card,2024-02-27
10446,386.97,Card,2024-02-23
19006,357.56,UPI,2024-02-23
7799,1702.47,Card,2024-02-13
16281,248.2,NetBanking,2024-02-08
10590,1973.82,NetBanking,2024-02-04
16938,1088.87,NetBanking,2024-01-28
6769,1326.7,UPI,2024-02-22
2099,484.3,UPI,2024-01-25
8423,769.08,Wallet,2024-02-03
13336,942.64,NetBanking,2024-01-06
330,1492.07,NetBanking,2024-01-24
4960,1791.66,UPI,2024-01-03
13682,1603.4,Wallet,2024-02-26
11437,1861.84,Card,2024-01-05
10875,854.91,NetBanking,2024-01-16
1016,1562.73,Wallet,2024-01-04
3066,718.43,Wallet,2024-01-04
3246,728.93,NetBanking,2024-01-22
13436,1299.27,Card,2024-01-14
18949,251.11,Wallet,2024-01-08
9756,1946.82,Wallet,2024-02-11
4242,1579.9,Card,2024-02-10
17595,366.66,Wallet,2024-01-25
4011,1089.4,Card,2024-02-13
16118,400.06,NetBanking,2024-01-09
2979,589.72,UPI,2024-02-25
14993,147.15,NetBanking,2024-02-11
377,1824.79,Wallet,2024-01-08
3071,1784.55,NetBanking,2024-01-15
287,1303.19,Wallet,2024-01-16
3331,1168.38,UPI,2024-03-01
11412,1284.28,NetBanking,2024-01-08
36,1650.36,Wallet,2024-01-23
156,1160.04,NetBanking,2024-01-10
2143,876.48,NetBanking,2024-01-17
285,751.26,Wallet,2024-02-20
18625,1790.82,Wallet,2024-02-04
9798,1073.09,Wallet,2024-02-29
4052,216.15,UPI,2024-02-18
11558,192.21,NetBanking,2024-01-20
9920,944.67,Card,2024-02-19
12741,131.94,Card,2024-02-17
10123,432.13,Wallet,2024-02-20
7834,1532.2,Wallet,2024-01-09
8241,1477.51,NetBanking,2024-02-25
12036,1314.72,NetBanking,2024-01-20
12974,1681.47,UPI,2024-02-29
8784,1081.73,Card,2024-01-23
14498,1696.71,NetBanking,2024-02-07
13043,1521.16,NetBanking,2024-02-16
8307,1590.63,Wallet,2024-01-20
18338,869.35,Card,2024-02-23
14720,1222.6,UPI,2024-01-23
2189,1025.15,UPI,2024-01-18
7282,455.46,Card,2024-01-16
1321,1181.02,Wallet,2024-02-26
8462,791.72,Card,2024-01-14
14664,1614.8,Card,2024-02-02
6282,837.18,Wallet,2024-02-04
1755,1649.53,Card,2024-02-01
14982,142.78,Wallet,2024-02-09
13371,1472.0,Card,2024-02-18
3866,1690.15,Card,2024-01-29
14403,817.67,NetBanking,2024-01-06
19557,883.06,Card,2024-01-18
5006,1462.52,UPI,2024-01-08
7444,340.41,UPI,2024-02-22
4188,1889.97,Wallet,2024-02-04
9133,1718.54,Wallet,2024-02-12
8058,1268.44,Wallet,2024-01-05
15889,243.1,UPI,2024-02-07
15064,1665.49,NetBanking,2024-02-27
1967,551.19,UPI,2024-01-10
9667,971.11,Wallet,2024-01-20
11390,1784.68,NetBanking,2024-02-08
1719,1770.12,NetBanking,2024-02-05
19753,634.18,Card,2024-02-04
6134,1913.73,Card,2024-02-18
7081,1905.97,Wallet,2024-02-19
6967,1709.46,NetBanking,2024-01-19
844,1908.65,Card,2024-02-12
10433,1676.34,Card,2024-02-19
11856,1065.63,Card,2024-02-29
7549,716.29,NetBanking,2024-01-28
19223,207.64,UPI,2024-01-08
8829,1456.31,Card,2024-02-28
17700,1512.96,UPI,2024-02-19
8578,899.45,Card,2024-02-26
12766,289.83,Card,2024-01-02
4320,1394.45,UPI,2024-01-02
5394,1179.84,UPI,2024-02-03
1708,1877.91,Card,2024-01-18
6744,1382.53,Card,2024-01-10
2202,1796.35,Card,2024-02-09
11956,1525.26,NetBanking,2024-01-05
14701,222.52,NetBanking,2024-01-05
11484,1988.86,UPI,2024-01-22
2916,1455.05,Wallet,2024-02-25
600,211.18,UPI,2024-02-22
18305,1281.05,NetBanking,2024-01-17
11314,253.58,UPI,2024-01-29
18804,107.25,Wallet,2024-01-10
17464,996.62,UPI,2024-01-23
2483,232.42,Card,2024-02-25
1743,766.82,NetBanking,2024-01-21
11205,1526.54,NetBanking,2024-01-27
1687,970.64,UPI,2024-02-23
15955,1287.74,NetBanking,2024-02-05
16389,1452.18,Wallet,2024-02-23
17794,602.56,Card,2024-01-16
19897,1141.85,UPI,2024-02-16
16391,472.59,Wallet,2024-01-06
7822,403.19,UPI,2024-03-01
15301,301.36,NetBanking,2024-01-01
8283,903.07,Wallet,2024-01-25
11324,1535.58,Wallet,2024-01-31
4829,1987.64,UPI,2024-02-19
16807,1445.31,NetBanking,2024-01-22
12951,659.63,UPI,2024-01-03
18546,427.43,Wallet,2024-01-27
10122,1130.44,Card,2024-02-25
14255,905.61,Wallet,2024-01-26
12175,642.36,UPI,2024-01-16
1314,279.67,UPI,2024-02-25
11832,1094.68,UPI,2024-01-17
2151,676.35,NetBanking,2024-02-28
18630,375.45,UPI,2024-01-28
12165,509.55,Wallet,2024-02-07
7580,1336.57,NetBanking,2024-01-13
19040,1412.78,Card,2024-02-20
310,1686.15,Wallet,2024-01-21
19837,1801.53,NetBanking,2024-01-14
14842,1751.29,Wallet,2024-02-23
9333,1505.44,Wallet,2024-01-15
15565,1948.22,Wallet,2024-02-12
7319,1171.39,Card,2024-01-06
1238,837.02,Wallet,2024-01-20
3521,223.01,Card,2024-01-10
3366,619.4,Card,2024-02-21
12386,575.25,UPI,2024-01-19
19747,440.09,UPI,2024-01-11
17691,174.78,Wallet,2024-02-19
6032,1325.3,Card,2024-01-11
18560,440.65,UPI,2024-02-25
9390,511.58,UPI,2024-02-07
16843,1330.47,UPI,2024-01-30
4564,1194.84,UPI,2024-02-10
6214,1879.76,NetBanking,2024-01-15
13478,231.45,Wallet,2024-02-01
4881,1204.66,UPI,2024-01-21
15497,960.22,Card,2024-02-25
19567,1501.0,UPI,2024-02-12
18611,1140.26,UPI,2024-01-27
13173,1099.1,UPI,2024-02-16
18195,1465.45,UPI,2024-01-21
6901,975.97,UPI,2024-02-08
19794,806.35,UPI,2024-02-09
1698,201.9,UPI,2024-02-20
3279,1011.06,Card,2024-02-11
12033,556.83,Wallet,2024-02-26
4836,275.71,Wallet,2024-01-18
11663,1330.63,NetBanking,2024-01-23
10155,762.69,UPI,2024-01-25
7460,480.46,Wallet,2024-01-10
4129,650.34,Card,2024-01-31
7981,1634.55,Card,2024-02-01
384,1565.48,UPI,2024-01-20
15543,500.15,Wallet,2024-02-21
16193,210.14,Card,2024-01-02
17487,1967.21,Card,2024-02-27
868,1952.62,Card,2024-02-18
8399,1424.32,NetBanking,2024-01-07
17994,373.19,NetBanking,2024-02-05
8483,438.79,Card,2024-01-02
8202,362.59,Card,2024-02-17
9569,510.35,Wallet,2024-01-04
7163,480.81,Card,2024-01-24
7515,1987.85,Wallet,2024-01-12
2236,724.72,NetBanking,2024-01-08
6647,829.36,Wallet,2024-02-03
8644,556.23,UPI,2024-01-25
429,1344.48,NetBanking,2024-01-06
19355,899.9,NetBanking,2024-02-17
15347,1672.58,UPI,2024-02-20
3611,1463.35,Card,2024-01-12
1726,1994.96,Card,2024-01-11
11649,536.4,NetBanking,2024-01-31
1971,1009.07,Card,2024-01-02
15548,716.97,NetBanking,2024-01-16
18533,146.21,UPI,2024-02-05
2271,880.07,Wallet,2024-01-08
10390,1464.64,Wallet,2024-02-14
13229,1485.24,UPI,2024-01-15
5866,895.8,NetBanking,2024-01-19
10357,569.18,NetBanking,2024-01-10
10395,1527.11,Wallet,2024-02-26
4773,296.59,NetBanking,2024-02-18
8101,1781.4,UPI,2024-01-14
15110,709.03,UPI,2024-02-18
9921,1137.38,NetBanking,2024-02-16
4782,1046.1,Wallet,2024-01-12
7182,767.67,UPI,2024-01-09
9185,1156.74,NetBanking,2024-02-25
8685,643.77,Card,2024-02-26
1765,332.29,UPI,2024-01-29
6001,1605.39,Card,2024-01-11
11973,1345.91,Wallet,2024-02-27
8530,1950.92,Wallet,2024-01-31
14489,1672.2,Card,2024-02-16
17399,1822.18,Wallet,2024-02-20
17817,1552.12,Wallet,2024-02-09
6475,1132.34,Wallet,2024-01-26
13944,1236.58,Card,2024-01-06
12748,733.02,Card,2024-02-17
6941,923.25,UPI,2024-01-14
10813,102.67,Card,2024-01-02
5557,1455.66,UPI,2024-01-06
7390,530.4,NetBanking,2024-02-11
14557,1167.79,Wallet,2024-01-02
16739,1054.33,NetBanking,2024-02-21
17677,1053.32,Wallet,2024-02-03
6488,308.94,UPI,2024-02-23
3811,658.91,UPI,2024-02-26
11425,257.02,Wallet,2024-02-10
12988,1343.95,UPI,2024-02-06
6561,1179.6,Wallet,2024-01-29
5502,1890.44,UPI,2024-01-10
15240,721.7,NetBanking,2024-02-16
1397,503.03,Wallet,2024-02-15
13189,1923.82,UPI,2024-01-31
221,1731.71,Card,2024-01-07
4149,1854.75,Card,2024-02-13
13448,1451.97,NetBanking,2024-02-09
14055,1046.21,Card,2024-01-18
15143,472.5,UPI,2024-02-10
18845,899.54,Card,2024-01-30
19048,438.77,Card,2024-02-12
3860,552.03,Wallet,2024-02-27
6545,776.51,UPI,2024-02-02
5753,1869.11,Card,2024-02-08
5742,1465.32,UPI,2024-01-15
18334,939.72,Wallet,2024-01-08
4700,427.55,UPI,2024-01-02
13284,1418.31,NetBanking,2024-01-27
919,588.12,Wallet,2024-02-07
17263,1226.32,Card,2024-02-07
10604,1250.66,UPI,2024-01-01
11465,233.73,NetBanking,2024-01-13
19343,810.55,UPI,2024-01-22
7710,525.12,Card,2024-01-30
6031,890.01,Wallet,2024-02-07
7899,715.05,Wallet,2024-02-20
8628,313.1,Wallet,2024-02-10
5512,263.14,Wallet,2024-01-04
18148,1146.99,NetBanking,2024-01-09
3672,436.56,NetBanking,2024-02-27
17440,640.09,UPI,2024-02-10
13594,950.92,Wallet,2024-03-01
12976,1543.66,UPI,2024-02-08
3402,333.02,Wallet,2024-01-15
19942,1193.42,Card,2024-02-20
12700,459.86,Card,2024-02-19
1356,1847.81,UPI,2024-02-29
18672,655.64,Card,2024-02-20
6289,498.87,Card,2024-03-01
546,1904.03,UPI,2024-02-13
8117,980.32,NetBanking,2024-02-01
4945,1280.22,Wallet,2024-01-27
1115,1798.61,Card,2024-02-16
17009,1465.77,Wallet,2024-02-11
13283,408.95,NetBanking,2024-01-08
9939,1560.48,Card,2024-01-03
11294,538.43,Card,2024-02-13
18204,1974.02,UPI,2024-01-29
15882,568.11,NetBanking,2024-02-15
5106,428.96,UPI,2024-01-06
7702,1818.84,NetBanking,2024-01-03
5571,1797.83,Card,2024-02-21
14755,928.44,Card,2024-02-11
15413,408.92,UPI,2024-02-18
18080,1772.45,Card,2024-01-30
18229,264.88,UPI,2024-02-08
1057,1264.49,Wallet,2024-02-02
10616,759.19,NetBanking,2024-01-01
14973,1088.37,Card,2024-01-26
17862,1681.18,Card,2024-02-14
11364,703.51,Card,2024-01-19
17688,902.72,UPI,2024-02-03
8980,1555.8,NetBanking,2024-01-13
308,492.4,NetBanking,2024-01-24
6113,1831.09,UPI,2024-01-18
10311,1990.85,NetBanking,2024-01-14
8000,1878.75,UPI,2024-01-23
15399,1084.19,NetBanking,2024-02-16
4670,508.79,Wallet,2024-01-28
6588,1263.37,UPI,2024-01-24
11284,1878.25,Card,2024-02-01
4710,1886.37,Card,2024-02-01
17693,445.63,NetBanking,2024-01-02
17092,304.81,Card,2024-02-05
2767,295.33,NetBanking,2024-02-26
14259,508.72,UPI,2024-02-04
5410,1866.48,UPI,2024-01-19
13574,714.37,UPI,2024-01-07
19653,568.26,Wallet,2024-02-26
13648,540.84,Card,2024-01-15
12094,1845.32,NetBanking,2024-01-14
14438,1845.02,Card,2024-02-25
18577,277.58,UPI,2024-01-19
4618,407.94,NetBanking,2024-02-23
9015,1612.9,Card,2024-02-09
9827,292.23,UPI,2024-02-05
1842,1601.4,Card,2024-01-13
1604,1578.14,Card,2024-02-07
15299,1769.16,Card,2024-02-18
18060,1172.52,NetBanking,2024-01-30
8236,287.64,NetBanking,2024-01-03
13651,247.82,NetBanking,2024-02-03
3426,553.23,Card,2024-02-12
876,1687.04,Wallet,2024-02-27
16219,1377.3,NetBanking,2024-02-29
11806,794.62,NetBanking,2024-02-19
574,614.59,UPI,2024-01-05
10165,1164.24,UPI,2024-01-27
7288,984.39,NetBanking,2024-02-29
3043,799.45,Card,2024-01-12
14813,1728.69,Card,2024-01-06
4079,1722.06,UPI,2024-02-27
6786,1432.35,Wallet,2024-01-22
542,428.43,Card,2024-02-02
7596,649.28,Card,2024-01-01
9066,1485.46,UPI,2024-02-01
15580,789.79,UPI,2024-01-14
17756,409.36,UPI,2024-03-01
6308,1652.18,Card,2024-02-20
818,131.14,NetBanking,2024-01-05
2421,1594.78,NetBanking,2024-02-10
6763,1574.66,UPI,2024-01-30
4258,352.81,Card,2024-01-27
14249,1740.7,Wallet,2024-02-27
25,561.43,UPI,2024-02-24
6828,1662.32,UPI,2024-02-17
2862,505.89,UPI,2024-02-29
15254,1969.47,NetBanking,2024-02-03
5544,1649.83,UPI,2024-01-23
3497,1717.5,UPI,2024-02-25
18695,1414.89,Wallet,2024-02-16
17632,231.43,Card,2024-01-20
10152,1964.93,Wallet,2024-01-07
12472,1875.32,Wallet,2024-02-02
9871,1848.65,NetBanking,2024-02-21
7789,255.36,Card,2024-01-10
5427,1590.1,UPI,2024-01-28
14419,1342.28,NetBanking,2024-01-07
1963,1278.34,Card,2024-02-15
16003,487.63,UPI,2024-02-05
19689,1875.96,UPI,2024-02-13
10070,318.82,Card,2024-01-13
8686,1266.82,NetBanking,2024-02-15
5035,1416.91,UPI,2024-02-18
18720,1520.32,UPI,2024-01-19
9541,881.2,Card,2024-02-13
4,1296.86,UPI,2024-02-28
4341,1266.01,Wallet,2024-02-27
17143,1533.9,Card,2024-02-03
6704,127.86,Card,2024-01-06
10075,498.78,Wallet,2024-02-10
6835,727.45,UPI,2024-02-02
6599,891.55,UPI,2024-02-16
5234,405.4,Wallet,2024-01-29
15521,1178.38,UPI,2024-02-11
17863,1395.76,UPI,2024-02-26
1087,314.78,UPI,2024-02-23
13949,1268.37,Card,2024-01-28
15934,1891.23,UPI,2024-02-28
15262,1766.53,NetBanking,2024-01-11
12374,1935.3,NetBanking,2024-01-21
5489,965.55,UPI,2024-02-04
13502,906.98,NetBanking,2024-02-12
19862,1775.37,UPI,2024-01-19
4765,1962.71,NetBanking,2024-02-25
2045,1414.83,Card,2024-01-22
7777,658.0,UPI,2024-02-02
3703,1294.44,Card,2024-02-01
14974,597.21,Wallet,2024-02-06
19836,1018.28,Card,2024-02-16
17943,1255.84,UPI,2024-01-01
3254,873.82,Card,2024-02-28
16167,1379.0,Card,2024-01-19
10370,201.04,UPI,2024-02-02
17525,482.65,Card,2024-01-03
7988,1237.7,UPI,2024-01-02
16026,1555.06,Card,2024-01-20
13187,2007.75,Card,2024-01-24
14049,1064.38,UPI,2024-01-21
7904,1560.54,UPI,2024-02-03
7346,289.49,Card,2024-02-16
9349,972.76,NetBanking,2024-01-19
10657,782.87,UPI,2024-02-27
10175,1510.09,UPI,2024-02-08
15130,366.89,UPI,2024-03-01
5255,1513.97,Wallet,2024-01-15
16519,352.15,NetBanking,2024-02-11
11946,818.37,Card,2024-02-23
5275,1606.24,NetBanking,2024-02-13
6109,1449.07,Card,2024-02-26
14110,959.91,Card,2024-01-16
5478,1420.19,Card,2024-01-05
6230,1408.71,UPI,2024-02-02
9825,1478.63,NetBanking,2024-01-13
19249,179.64,NetBanking,2024-01-24
18474,1106.75,NetBanking,2024-01-29
13603,1591.85,Card,2024-01-27
9316,1066.11,Card,2024-02-24
3787,1238.46,UPI,2024-02-03
3517,1268.1,Wallet,2024-02-25
11550,1980.53,UPI,2024-01-17
1411,439.54,Wallet,2024-02-22
5953,1222.24,Wallet,2024-02-17
4020,864.19,Card,2024-02-23
3289,1553.4,Wallet,2024-02-24
2199,1992.13,Wallet,2024-01-18
11580,741.98,Card,2024-01-13
1607,1915.9,Card,2024-02-02
3575,876.93,NetBanking,2024-02-15
13501,1730.61,Wallet,2024-01-26
17162,773.77,UPI,2024-01-25
4371,1513.1,UPI,2024-02-10
19549,1548.83,Wallet,2024-02-05
12972,1946.3,Wallet,2024-01-25
9933,367.84,Wallet,2024-01-08
10942,1249.16,UPI,2024-01-26
7042,536.25,UPI,2024-01-29
17137,540.88,Wallet,2024-01-24
18943,1582.26,UPI,2024-01-25
16505,1990.04,Card,2024-02-18
8314,1483.23,NetBanking,2024-02-09
9469,431.62,NetBanking,2024-02-16
2314,1118.1,Wallet,2024-02-22
768,1937.6,Wallet,2024-02-03
16743,263.13,NetBanking,2024-02-07
8201,946.75,Card,2024-01-13
6049,1314.82,Wallet,2024-02-19
4578,1530.33,Wallet,2024-02-11
16644,942.78,Card,2024-01-24
16128,1502.76,Wallet,2024-01-27
19479,747.26,NetBanking,2024-02-12
12908,1545.14,UPI,2024-02-21
8713,1051.42,Wallet,2024-01-27
14208,1737.97,Card,2024-01-08
11534,1468.03,NetBanking,2024-01-21
12315,1152.97,Card,2024-01-15
1161,1721.03,UPI,2024-02-21
16382,172.62,UPI,2024-01-17
18920,1346.87,NetBanking,2024-01-18
7210,1862.36,Wallet,2024-01-24
8546,1757.66,NetBanking,2024-02-23
3528,1601.19,Card,2024-02-11
4549,1261.83,NetBanking,2024-01-12
20001,1794.72,Card,2024-01-15
20002,940.73,UPI,2024-01-15
20003,599.08,Card,2024-01-15
20004,1440.16,Wallet,2024-01-15
20005,1386.48,Card,2024-01-15
20006,1422.23,Wallet,2024-01-15
20007,1773.22,UPI,2024-01-15
20008,1223.31,Wallet,2024-01-15
20009,547.5,Wallet,2024-01-15
20010,625.97,NetBanking,2024-01-15
20011,118.76,Wallet,2024-01-15
20012,1510.07,UPI,2024-01-15
20013,1432.6,Wallet,2024-01-15
20014,264.46,Card,2024-01-15
20015,1712.94,Card,2024-01-15
20016,1903.96,UPI,2024-01-15
20017,1734.31,Card,2024-01-15
20018,1993.92,NetBanking,2024-01-15
20019,975.19,NetBanking,2024-01-15
20020,1752.33,UPI,2024-01-15
20021,233.17,NetBanking,2024-01-15
20022,704.85,Card,2024-01-15
20023,252.29,Wallet,2024-01-15
20024,200.99,NetBanking,2024-01-15
20025,260.98,UPI,2024-01-15
20026,1204.18,UPI,2024-01-15
20027,1799.47,Wallet,2024-01-15
20028,1033.35,Card,2024-01-15
20029,1560.53,NetBanking,2024-01-15
20030,645.64,NetBanking,2024-01-15
20031,1857.46,NetBanking,2024-01-15
20032,1812.28,Wallet,2024-01-15
20033,1096.57,Card,2024-01-15
20034,1832.71,Card,2024-01-15
20035,928.72,Card,2024-01-15
20036,210.26,Card,2024-01-15
20037,1765.28,Card,2024-01-15
20038,830.75,Wallet,2024-01-15
20039,1185.06,UPI,2024-01-15
20040,1465.84,UPI,2024-01-15
20041,501.18,NetBanking,2024-01-15
20042,1471.45,UPI,2024-01-15
20043,1471.69,Card,2024-01-15
20044,917.72,Wallet,2024-01-15
20045,879.46,UPI,2024-01-15
20046,154.91,NetBanking,2024-01-15
20047,1042.84,Card,2024-01-15
20048,1658.59,Card,2024-01-15
20049,207.2,UPI,2024-01-15
20050,1813.27,NetBanking,2024-01-15
20051,1878.64,Wallet,2024-01-15
20052,1066.12,Card,2024-01-15
20053,651.75,NetBanking,2024-01-15
20054,653.47,UPI,2024-01-15
20055,1987.15,UPI,2024-01-15
20056,1449.68,Wallet,2024-01-15
20057,1936.19,Wallet,2024-01-15
20058,915.27,Wallet,2024-01-15
20059,302.71,UPI,2024-01-15
20060,749.8,NetBanking,2024-01-15
20061,1790.5,NetBanking,2024-01-15
20062,264.19,Card,2024-01-15
20063,1565.63,UPI,2024-01-15
20064,396.76,UPI,2024-01-15
20065,1901.29,UPI,2024-01-15
20066,1388.83,NetBanking,2024-01-15
20067,1342.11,Wallet,2024-01-15
20068,1768.52,Wallet,2024-01-15
20069,1862.53,UPI,2024-01-15
20070,241.3,NetBanking,2024-01-15
20071,1295.55,Wallet,2024-01-15
20072,1121.91,Wallet,2024-01-15
20073,483.91,Wallet,2024-01-15
20074,320.54,UPI,2024-01-15
20075,1345.83,NetBanking,2024-01-15
20076,1641.45,Wallet,2024-01-15
20077,143.18,Card,2024-01-15
20078,804.14,NetBanking,2024-01-15
20079,308.23,Card,2024-01-15
20080,1743.3,UPI,2024-01-15
20081,1135.42,Wallet,2024-01-15
20082,406.46,Wallet,2024-01-15
20083,1271.18,NetBanking,2024-01-15
20084,1932.84,UPI,2024-01-15
20085,1566.65,Card,2024-01-15
20086,1082.75,NetBanking,2024-01-15
20087,1004.98,NetBanking,2024-01-15
20088,912.47,UPI,2024-01-15
20089,297.45,UPI,2024-01-15
20090,1310.49,Wallet,2024-01-15
20091,811.11,UPI,2024-01-15
20092,1119.35,NetBanking,2024-01-15
20093,752.64,NetBanking,2024-01-15
20094,185.11,Card,2024-01-15
20095,1463.85,UPI,2024-01-15
20096,498.84,Card,2024-01-15
20097,569.93,NetBanking,2024-01-15
20098,1050.48,NetBanking,2024-01-15
20099,860.91,Card,2024-01-15
20100,115.28,NetBanking,2024-01-15
20101,230.02,Wallet,2024-01-15
20102,481.52,UPI,2024-01-15
20103,776.75,Wallet,2024-01-15
20104,833.91,Card,2024-01-15
20105,923.32,UPI,2024-01-15
20106,847.69,Card,2024-01-15
20107,972.91,Card,2024-01-15
20108,992.35,NetBanking,2024-01-15
20109,1381.52,UPI,2024-01-15
20110,1519.77,Wallet,2024-01-15
20111,737.53,Card,2024-01-15
20112,1974.21,UPI,2024-01-15
20113,259.19,NetBanking,2024-01-15
20114,1851.34,NetBanking,2024-01-15
20115,1951.24,UPI,2024-01-15
20116,1141.5,UPI,2024-01-15
20117,506.76,Wallet,2024-01-15
20118,1228.5,NetBanking,2024-01-15
20119,1947.33,NetBanking,2024-01-15
20120,881.06,UPI,2024-01-15
20121,1955.38,NetBanking,2024-01-15
20122,334.41,Wallet,2024-01-15
20123,1175.96,Card,2024-01-15
20124,280.52,Card,2024-01-15
20125,1970.7,UPI,2024-01-15
20126,512.99,NetBanking,2024-01-15
20127,1540.53,Wallet,2024-01-15
20128,1779.53,Card,2024-01-15
20129,532.29,Card,2024-01-15
20130,1901.72,NetBanking,2024-01-15
20131,1173.94,NetBanking,2024-01-15
20132,842.13,NetBanking,2024-01-15
20133,1543.8,Wallet,2024-01-15
20134,158.93,Wallet,2024-01-15
20135,1054.3,Wallet,2024-01-15
20136,1634.11,Card,2024-01-15
20137,829.09,UPI,2024-01-15
20138,1079.79,NetBanking,2024-01-15
20139,155.76,Wallet,2024-01-15
20140,953.02,Wallet,2024-01-15
20141,1432.46,NetBanking,2024-01-15
20142,1592.77,NetBanking,2024-01-15
20143,1305.84,NetBanking,2024-01-15
20144,346.29,Wallet,2024-01-15
20145,399.68,Card,2024-01-15
20146,1998.78,NetBanking,2024-01-15
20147,1131.29,UPI,2024-01-15
20148,1851.96,UPI,2024-01-15
20149,311.89,NetBanking,2024-01-15
20150,1512.49,UPI,2024-01-15
20151,666.6,Card,2024-01-15
20152,1519.23,UPI,2024-01-15
20153,1993.43,Wallet,2024-01-15
20154,1017.94,NetBanking,2024-01-15
20155,1953.39,UPI,2024-01-15
20156,1330.96,Wallet,2024-01-15
20157,946.71,Card,2024-01-15
20158,463.64,Card,2024-01-15
20159,867.9,UPI,2024-01-15
20160,257.63,UPI,2024-01-15
20161,1724.07,Wallet,2024-01-15
20162,746.42,Wallet,2024-01-15
20163,1859.9,NetBanking,2024-01-15
20164,774.37,Wallet,2024-01-15
20165,235.68,Wallet,2024-01-15
20166,1949.65,UPI,2024-01-15
20167,1933.19,UPI,2024-01-15
20168,1124.79,UPI,2024-01-15
20169,714.54,Card,2024-01-15
20170,1687.5,NetBanking,2024-01-15
20171,492.32,NetBanking,2024-01-15
20172,864.37,UPI,2024-01-15
20173,653.53,NetBanking,2024-01-15
20174,971.27,UPI,2024-01-15
20175,1509.2,NetBanking,2024-01-15
20176,565.15,NetBanking,2024-01-15
20177,946.11,Card,2024-01-15
20178,442.03,UPI,2024-01-15
20179,1731.87,NetBanking,2024-01-15
20180,1122.97,UPI,2024-01-15
20181,1700.0,NetBanking,2024-01-15
20182,1631.73,Wallet,2024-01-15
20183,1391.51,Wallet,2024-01-15
20184,419.65,Card,2024-01-15
20185,1484.96,UPI,2024-01-15
20186,137.1,Wallet,2024-01-15
20187,316.74,Card,2024-01-15
20188,1209.32,NetBanking,2024-01-15
20189,297.96,UPI,2024-01-15
20190,684.41,UPI,2024-01-15
20191,1540.05,Card,2024-01-15
20192,1460.06,NetBanking,2024-01-15
20193,1427.49,UPI,2024-01-15
20194,1542.97,Wallet,2024-01-15
20195,499.07,NetBanking,2024-01-15
20196,559.03,UPI,2024-01-15
20197,728.84,UPI,2024-01-15
20198,715.86,Wallet,2024-01-15
20199,1176.42,UPI,2024-01-15
20200,837.0,UPI,2024-01-15
20201,881.65,NetBanking,2024-01-15
20202,911.16,UPI,2024-01-15
20203,195.49,NetBanking,2024-01-15
20204,1495.32,Wallet,2024-01-15
20205,456.15,UPI,2024-01-15
20206,637.96,UPI,2024-01-15
20207,1690.57,NetBanking,2024-01-15
20208,1457.49,Wallet,2024-01-15
20209,565.79,Wallet,2024-01-15
20210,185.34,Card,2024-01-15
20211,1219.78,Wallet,2024-01-15
20212,457.67,UPI,2024-01-15
20213,467.16,Wallet,2024-01-15
20214,474.99,Wallet,2024-01-15
20215,1510.85,Wallet,2024-01-15
20216,194.02,UPI,2024-01-15
20217,1634.55,Wallet,2024-01-15
20218,866.95,NetBanking,2024-01-15
20219,1389.46,NetBanking,2024-01-15
20220,448.13,UPI,2024-01-15
20221,1984.05,Wallet,2024-01-15
20222,776.04,UPI,2024-01-15
20223,360.95,Wallet,2024-01-15
20224,649.41,NetBanking,2024-01-15
20225,971.85,NetBanking,2024-01-15
20226,1134.78,Wallet,2024-01-15
20227,155.59,UPI,2024-01-15
20228,631.31,Wallet,2024-01-15
20229,1357.37,Wallet,2024-01-15
20230,1500.87,Wallet,2024-01-15
20231,1320.41,UPI,2024-01-15
20232,1674.01,UPI,2024-01-15
20233,1136.22,Card,2024-01-15
20234,1757.84,Wallet,2024-01-15
20235,533.89,NetBanking,2024-01-15
20236,1314.98,UPI,2024-01-15
20237,471.27,NetBanking,2024-01-15
20238,1719.92,Wallet,2024-01-15
20239,1632.37,Wallet,2024-01-15
20240,1447.23,UPI,2024-01-15
20241,334.68,UPI,2024-01-15
20242,1201.69,Card,2024-01-15
20243,595.98,Card,2024-01-15
20244,1638.85,UPI,2024-01-15
20245,1694.11,NetBanking,2024-01-15
20246,1601.16,UPI,2024-01-15
20247,1077.22,NetBanking,2024-01-15
20248,105.93,UPI,2024-01-15
20249,855.04,Wallet,2024-01-15
20250,1596.61,Wallet,2024-01-15
20251,222.68,NetBanking,2024-01-15
20252,919.34,NetBanking,2024-01-15
20253,991.85,Card,2024-01-15
20254,1505.19,Wallet,2024-01-15
20255,1291.38,UPI,2024-01-15
20256,165.93,Card,2024-01-15
20257,1171.38,Card,2024-01-15
20258,809.57,UPI,2024-01-15
20259,1808.26,Wallet,2024-01-15
20260,949.0,UPI,2024-01-15
20261,348.45,Wallet,2024-01-15
20262,1215.16,Card,2024-01-15
20263,253.84,NetBanking,2024-01-15
20264,324.7,UPI,2024-01-15
20265,1891.97,UPI,2024-01-15
20266,937.45,Wallet,2024-01-15
20267,421.21,Wallet,2024-01-15
20268,1705.76,Wallet,2024-01-15
20269,254.16,Wallet,2024-01-15
20270,1113.17,Wallet,2024-01-15
20271,396.17,Wallet,2024-01-15
20272,805.07,Card,2024-01-15
20273,1628.06,Card,2024-01-15
20274,877.58,NetBanking,2024-01-15
20275,162.5,NetBanking,2024-01-15
20276,749.7,UPI,2024-01-15
20277,1775.58,Wallet,2024-01-15
20278,106.95,NetBanking,2024-01-15
20279,647.42,Wallet,2024-01-15
20280,1826.93,Card,2024-01-15
20281,757.89,UPI,2024-01-15
20282,780.83,Card,2024-01-15
20283,1028.53,UPI,2024-01-15
20284,1832.49,NetBanking,2024-01-15
20285,523.37,Card,2024-01-15
20286,1600.68,Card,2024-01-15
20287,1181.71,Wallet,2024-01-15
20288,1229.92,NetBanking,2024-01-15
20289,1453.62,Wallet,2024-01-15
20290,1909.85,UPI,2024-01-15
20291,427.34,Wallet,2024-01-15
20292,269.25,Wallet,2024-01-15
20293,1077.11,NetBanking,2024-01-15
20294,1000.03,Card,2024-01-15
20295,188.78,Wallet,2024-01-15
20296,285.13,NetBanking,2024-01-15
20297,639.84,NetBanking,2024-01-15
20298,1120.21,NetBanking,2024-01-15
20299,1842.88,NetBanking,2024-01-15
20300,936.13,Wallet,2024-01-15
20301,1871.27,UPI,2024-01-15
20302,1968.5,UPI,2024-01-15
20303,618.15,Wallet,2024-01-15
20304,499.67,Wallet,2024-01-15
20305,781.59,UPI,2024-01-15
20306,288.0,NetBanking,2024-01-15
20307,1087.4,Card,2024-01-15
20308,272.26,Wallet,2024-01-15
20309,1087.42,Wallet,2024-01-15
20310,154.39,UPI,2024-01-15
20311,1392.64,Card,2024-01-15
20312,1252.29,UPI,2024-01-15
20313,1267.01,Card,2024-01-15
20314,848.06,UPI,2024-01-15
20315,1287.58,UPI,2024-01-15
20316,335.39,NetBanking,2024-01-15
20317,1983.76,Card,2024-01-15
20318,264.77,NetBanking,2024-01-15
20319,1433.37,Wallet,2024-01-15
20320,1962.78,UPI,2024-01-15
20321,1027.44,NetBanking,2024-01-15
20322,1716.1,Wallet,2024-01-15
20323,1223.15,Wallet,2024-01-15
20324,1686.01,NetBanking,2024-01-15
20325,1728.08,Wallet,2024-01-15
20326,291.27,NetBanking,2024-01-15
20327,574.05,Wallet,2024-01-15
20328,1445.77,Wallet,2024-01-15
20329,1243.77,Wallet,2024-01-15
20330,1151.12,Card,2024-01-15
20331,446.14,Card,2024-01-15
20332,749.03,Card,2024-01-15
20333,384.17,Wallet,2024-01-15
20334,432.12,NetBanking,2024-01-15
20335,988.54,Card,2024-01-15
20336,513.38,Card,2024-01-15
20337,1553.7,NetBanking,2024-01-15
20338,285.85,Wallet,2024-01-15
20339,639.93,Card,2024-01-15
20340,663.01,Card,2024-01-15
20341,1842.53,NetBanking,2024-01-15
20342,612.23,NetBanking,2024-01-15
20343,1329.36,UPI,2024-01-15
20344,1954.94,Card,2024-01-15
20345,546.88,NetBanking,2024-01-15
20346,152.75,UPI,2024-01-15
20347,407.72,NetBanking,2024-01-15
20348,460.29,NetBanking,2024-01-15
20349,1435.47,Card,2024-01-15
20350,390.9,Card,2024-01-15
20351,1839.29,Card,2024-01-15
20352,374.3,Wallet,2024-01-15
20353,237.94,Card,2024-01-15
20354,773.17,UPI,2024-01-15
20355,967.78,NetBanking,2024-01-15
20356,524.02,NetBanking,2024-01-15
20357,919.47,Wallet,2024-01-15
20358,1718.14,Card,2024-01-15
20359,1802.88,UPI,2024-01-15
20360,529.64,NetBanking,2024-01-15
20361,1539.87,Wallet,2024-01-15
20362,1982.03,Card,2024-01-15
20363,538.43,Wallet,2024-01-15
20364,1573.69,UPI,2024-01-15
20365,409.8,UPI,2024-01-15
20366,1489.8,UPI,2024-01-15
20367,1145.14,Wallet,2024-01-15
20368,816.52,Wallet,2024-01-15
20369,1128.48,NetBanking,2024-01-15
20370,1576.45,Wallet,2024-01-15
20371,1816.69,Card,2024-01-15
20372,704.18,Wallet,2024-01-15
20373,271.27,Wallet,2024-01-15
20374,1671.68,UPI,2024-01-15
20375,614.6,Wallet,2024-01-15
20376,1796.39,NetBanking,2024-01-15
20377,619.05,Card,2024-01-15
20378,650.68,Wallet,2024-01-15
20379,1593.84,Card,2024-01-15
20380,766.5,NetBanking,2024-01-15
20381,438.67,UPI,2024-01-15
20382,737.28,Wallet,2024-01-15
20383,1866.81,Card,2024-01-15
20384,1554.8,Card,2024-01-15
20385,1141.64,UPI,2024-01-15
20386,683.59,Card,2024-01-15
20387,1983.98,NetBanking,2024-01-15
20388,1598.36,NetBanking,2024-01-15
20389,1238.61,UPI,2024-01-15
20390,1186.5,UPI,2024-01-15
20391,899.55,NetBanking,2024-01-15
20392,1141.32,UPI,2024-01-15
20393,1663.72,Card,2024-01-15
20394,771.86,NetBanking,2024-01-15
20395,1966.82,NetBanking,2024-01-15
20396,1600.48,NetBanking,2024-01-15
20397,224.69,Card,2024-01-15
20398,756.34,Wallet,2024-01-15
20399,1401.46,Card,2024-01-15
20400,986.17,UPI,2024-01-15
20401,326.59,Card,2024-01-15
20402,1389.74,Card,2024-01-15
20403,1008.32,UPI,2024-01-15
20404,788.82,NetBanking,2024-01-15
20405,734.9,NetBanking,2024-01-15
20406,1765.44,Card,2024-01-15
20407,1503.84,NetBanking,2024-01-15
20408,867.8,NetBanking,2024-01-15
20409,632.57,NetBanking,2024-01-15
20410,1384.96,Card,2024-01-15
20411,370.96,Wallet,2024-01-15
20412,1010.18,UPI,2024-01-15
20413,109.66,NetBanking,2024-01-15
20414,610.83,UPI,2024-01-15
20415,1035.19,NetBanking,2024-01-15
20416,290.48,UPI,2024-01-15
20417,1968.31,Card,2024-01-15
20418,766.41,Wallet,2024-01-15
20419,1331.52,Wallet,2024-01-15
20420,1824.7,NetBanking,2024-01-15
20421,1097.04,UPI,2024-01-15
20422,1064.83,Wallet,2024-01-15
20423,1155.88,Card,2024-01-15
20424,1853.34,Wallet,2024-01-15
20425,1890.44,Wallet,2024-01-15
20426,354.31,Card,2024-01-15
20427,751.53,Wallet,2024-01-15
20428,285.12,Wallet,2024-01-15
20429,1553.79,UPI,2024-01-15
20430,189.58,UPI,2024-01-15
20431,985.6,NetBanking,2024-01-15
20432,1359.79,Card,2024-01-15
20433,1905.53,Card,2024-01-15
20434,1915.41,NetBanking,2024-01-15
20435,1797.95,Card,2024-01-15
20436,1186.45,NetBanking,2024-01-15
20437,922.29,Wallet,2024-01-15
20438,472.65,Card,2024-01-15
20439,252.39,UPI,2024-01-15
20440,1051.7,Wallet,2024-01-15
20441,1426.44,NetBanking,2024-01-15
20442,987.58,UPI,2024-01-15
20443,1059.86,NetBanking,2024-01-15
20444,1524.89,Wallet,2024-01-15
20445,430.59,Wallet,2024-01-15
20446,846.9,Card,2024-01-15
20447,689.24,NetBanking,2024-01-15
20448,303.72,Wallet,2024-01-15
20449,1010.86,UPI,2024-01-15
20450,110.95,UPI,2024-01-15
20451,1905.95,Card,2024-01-15
20452,129.99,Card,2024-01-15
20453,1620.74,UPI,2024-01-15
20454,1311.23,UPI,2024-01-15
20455,1066.64,Card,2024-01-15
20456,769.67,Wallet,2024-01-15
20457,192.44,UPI,2024-01-15
20458,537.56,UPI,2024-01-15
20459,811.96,UPI,2024-01-15
20460,208.07,Wallet,2024-01-15
20461,177.29,Card,2024-01-15
20462,1279.14,Card,2024-01-15
20463,1222.98,NetBanking,2024-01-15
20464,1312.51,Wallet,2024-01-15
20465,516.5,UPI,2024-01-15
20466,1994.38,NetBanking,2024-01-15
20467,684.71,Wallet,2024-01-15
20468,1817.39,Card,2024-01-15
20469,1843.02,UPI,2024-01-15
20470,1234.37,UPI,2024-01-15
20471,1270.43,UPI,2024-01-15
20472,1206.68,Card,2024-01-15
20473,1050.28,UPI,2024-01-15
20474,423.97,Wallet,2024-01-15
20475,113.24,NetBanking,2024-01-15
20476,427.02,Card,2024-01-15
20477,113.58,Wallet,2024-01-15
20478,976.4,Card,2024-01-15
20479,1213.58,NetBanking,2024-01-15
20480,1051.38,UPI,2024-01-15
20481,889.7,Wallet,2024-01-15
20482,861.42,Wallet,2024-01-15
20483,1122.11,UPI,2024-01-15
20484,924.94,Wallet,2024-01-15
20485,1698.96,UPI,2024-01-15
20486,1102.9,Wallet,2024-01-15
20487,984.9,Card,2024-01-15
20488,1389.3,Card,2024-01-15
20489,237.37,UPI,2024-01-15
20490,1475.81,NetBanking,2024-01-15
20491,792.6,Card,2024-01-15
20492,130.96,NetBanking,2024-01-15
20493,1449.22,NetBanking,2024-01-15
20494,204.01,Card,2024-01-15
20495,1207.92,UPI,2024-01-15
20496,1395.25,NetBanking,2024-01-15
20497,565.26,Card,2024-01-15
20498,1182.04,Card,2024-01-15
20499,1551.29,Card,2024-01-15
20500,720.61,Card,2024-01-15
20501,356.39,NetBanking,2024-01-15
20502,953.72,UPI,2024-01-15
20503,474.43,Card,2024-01-15
20504,1155.83,Wallet,2024-01-15
20505,1671.01,Wallet,2024-01-15
20506,1440.94,Wallet,2024-01-15
20507,393.4,Wallet,2024-01-15
20508,475.11,NetBanking,2024-01-15
20509,518.08,UPI,2024-01-15
20510,630.02,NetBanking,2024-01-15
20511,815.1,Wallet,2024-01-15
20512,1536.28,Wallet,2024-01-15
20513,122.38,UPI,2024-01-15
20514,125.31,UPI,2024-01-15
20515,601.13,Card,2024-01-15
20516,1087.84,Card,2024-01-15
20517,1912.22,Wallet,2024-01-15
20518,1520.13,Card,2024-01-15
20519,1980.4,UPI,2024-01-15
20520,1266.8,UPI,2024-01-15
20521,614.05,Card,2024-01-15
20522,1662.61,Wallet,2024-01-15
20523,118.24,Card,2024-01-15
20524,222.85,Wallet,2024-01-15
20525,495.3,NetBanking,2024-01-15
20526,1583.0,NetBanking,2024-01-15
20527,171.91,Wallet,2024-01-15
20528,942.31,UPI,2024-01-15
20529,360.11,Card,2024-01-15
20530,1972.52,UPI,2024-01-15
20531,1893.18,Card,2024-01-15
20532,1173.7,UPI,2024-01-15
20533,1530.02,Wallet,2024-01-15
20534,592.64,Wallet,2024-01-15
20535,264.4,NetBanking,2024-01-15
20536,788.19,Wallet,2024-01-15
20537,985.33,Card,2024-01-15
20538,447.04,NetBanking,2024-01-15
20539,1719.06,NetBanking,2024-01-15
20540,172.45,UPI,2024-01-15
20541,1894.84,Card,2024-01-15
20542,875.35,UPI,2024-01-15
20543,298.77,NetBanking,2024-01-15
20544,1450.91,Wallet,2024-01-15
20545,1741.59,UPI,2024-01-15
20546,1593.98,Wallet,2024-01-15
20547,311.53,UPI,2024-01-15
20548,133.15,UPI,2024-01-15
20549,1476.57,Wallet,2024-01-15
20550,941.89,Wallet,2024-01-15
20551,1662.75,Wallet,2024-01-15
20552,1382.61,Card,2024-01-15
20553,1002.24,NetBanking,2024-01-15
20554,1772.74,UPI,2024-01-15
20555,1710.08,Wallet,2024-01-15
20556,1788.87,NetBanking,2024-01-15
20557,1963.68,NetBanking,2024-01-15
20558,148.65,Card,2024-01-15
20559,1764.45,Wallet,2024-01-15
20560,828.68,Wallet,2024-01-15
20561,560.98,Card,2024-01-15
20562,1729.45,UPI,2024-01-15
20563,1702.1,Card,2024-01-15
20564,1221.43,Card,2024-01-15
20565,1512.43,UPI,2024-01-15
20566,1188.49,Wallet,2024-01-15
20567,518.37,NetBanking,2024-01-15
20568,397.52,NetBanking,2024-01-15
20569,295.52,UPI,2024-01-15
20570,1102.55,NetBanking,2024-01-15
20571,1222.03,UPI,2024-01-15
20572,1156.02,Card,2024-01-15
20573,605.37,UPI,2024-01-15
20574,554.0,NetBanking,2024-01-15
20575,1202.28,Card,2024-01-15
20576,238.78,Wallet,2024-01-15
20577,497.16,Card,2024-01-15
20578,1184.03,Card,2024-01-15
20579,744.1,Wallet,2024-01-15
20580,768.89,Wallet,2024-01-15
20581,1652.53,Wallet,2024-01-15
20582,1485.35,NetBanking,2024-01-15
20583,1835.53,NetBanking,2024-01-15
20584,856.22,Card,2024-01-15
20585,552.17,Card,2024-01-15
20586,847.35,NetBanking,2024-01-15
20587,1336.78,Wallet,2024-01-15
20588,1554.15,NetBanking,2024-01-15
20589,1563.11,Wallet,2024-01-15
20590,1310.11,UPI,2024-01-15
20591,1176.48,UPI,2024-01-15
20592,1010.9,NetBanking,2024-01-15
20593,1162.27,NetBanking,2024-01-15
20594,1915.05,UPI,2024-01-15
20595,658.02,UPI,2024-01-15
20596,262.9,Wallet,2024-01-15
20597,1480.43,UPI,2024-01-15
20598,1110.61,UPI,2024-01-15
20599,1343.21,Wallet,2024-01-15
20600,267.07,NetBanking,2024-01-15
